raw_input,canonical_ar
آسـر,آسر
آلاء الرحمن,آلاءالرحمن
آلاء الله,آلاءالله
آمان الدين,آمانالدين
آمان الله,آمانالله
آمة الله,آمةالله
آمر الله,آمرالله
آمن بالله,آمنبالله
آى الدين,آىالدين
آيات الله,آياتالله
آ ية,آية
آيــــة,آية
آية اللـه,آيةالله
آية الله,آيةالله
آيةاللـه,آيةالله
آ يه,آيه
آيه اللـه,آيهالله
آيه الله,آيهالله
آيهاللـه,آيهالله
أبا بكر,أبابكر
أبو آمنه,أبوآمنه
أبو أحمد,أبوأحمد
أبو أربعة,أبوأربعة
أبو أصبع,أبوأصبع
أبو أمنه,أبوأمنه
أبو أيوبه,أبوأيوبه
أبو إبراهيم,أبوإبراهيم
أبو إدريس,أبوإدريس
أبو إسماعيل,أبوإسماعيل
أبو ابراهيم,أبوابراهيم
أبو احمد,أبواحمد
أبو اخوات,أبواخوات
أبو ادريس,أبوادريس
أبو اردب,أبواردب
أبو اسماعيل,أبواسماعيل
أبو الأسرار,أبوالأسرار
أبو الأسعاد,أبوالأسعاد
أبو الأنوار,أبوالأنوار
أبو الاسرار,أبوالاسرار
أبو الاسعاد,أبوالاسعاد
أبو البركات,أبوالبركات
أبو التنا,أبوالتنا
أبو الثنا,أبوالثنا
أبو الثناء,أبوالثناء
أبو الجدايل,أبوالجدايل
أبو الجوخ,أبوالجوخ
أبو الجود,أبوالجود
أبو الحاج,أبوالحاج
أبو الحارث,أبوالحارث
أبو الحارس,أبوالحارس
أبو الحجاج,أبوالحجاج
أبو الحديد,أبوالحديد
أبو الحرب,أبوالحرب
أبو الحسن,أبوالحسن
أبو الحسنين,أبوالحسنين
أبو الحسين,أبوالحسين
أبو الحلقان,أبوالحلقان
أبو الحمايد,أبوالحمايد
أبو الحمايل,أبوالحمايل
أبو الحمد,أبوالحمد
أبو الحمل,أبوالحمل
أبو الحمول,أبوالحمول
أبو الحيل,أبوالحيل
أبو الخشب,أبوالخشب
أبو الخضير,أبوالخضير
أبو الخير,أبوالخير
أبو الدبل,أبوالدبل
أبو الدرداء,أبوالدرداء
أبو الدهب,أبوالدهب
أبو الديار,أبوالديار
أبو الذهب,أبوالذهب
أبو الرجال,أبوالرجال
أبو الرخا,أبوالرخا
أبو الركب,أبوالركب
أبو الرو,أبوالرو
أبو الروس,أبوالروس
أبو الرى,أبوالرى
أبو الريات,أبوالريات
أبو الريش,أبوالريش
أبو الزين,أبوالزين
أبو السادات,أبوالسادات
أبو السباع,أبوالسباع
أبو السعادات,أبوالسعادات
أبو السعد,أبوالسعد
أبو السعدات,أبوالسعدات
أبو السعود,أبوالسعود
أبو السعيد,أبوالسعيد
أبو السمان,أبوالسمان
أبو السيد,أبوالسيد
أبو الشافعى,أبوالشافعى
أبو الشراب,أبوالشراب
أبو الشربينى,أبوالشربينى
أبو الشعيشع,أبوالشعيشع
أبو الشيخ,أبوالشيخ
أبو الصفا,أبوالصفا
أبو الطاهر,أبوالطاهر
أبو الطيب,أبوالطيب
أبو العباس,أبوالعباس
أبو العز,أبوالعز
أبو العزايم,أبوالعزايم
أبو العزب,أبوالعزب
أبو العزم,أبوالعزم
أبـو الـعطـا,أبوالعطا
أبـوالـعطـا,أبوالعطا
أبو العطا,أبوالعطا
أبو العلا,أبوالعلا
أبو العلاء,أبوالعلاء
أبو العلامحمد,أبوالعلامحمد
أبو العمايم,أبوالعمايم
أبو العنيـن,أبوالعنين
أبو العنين,أبوالعنين
أبوالعنيـن,أبوالعنين
أبو العيد,أبوالعيد
أبو العيش,أبوالعيش
أبو العيلة,أبوالعيلة
أبو العيله,أبوالعيله
أبو العينين,أبوالعينين
أبو العيون,أبوالعيون
أبو الغار,أبوالغار
أبو الغيط,أبوالغيط
أبو الفتح,أبوالفتح
أبو الفتوح,أبوالفتوح
أبو الفرج,أبوالفرج
أبو الفرح,أبوالفرح
أبو الفضل,أبوالفضل
أبو القاسم,أبوالقاسم
أبو القمصان,أبوالقمصان
أبو القور,أبوالقور
أبو الكرم,أبوالكرم
أبو الكمال,أبوالكمال
أبو اللبن,أبواللبن
أبو الليف,أبوالليف
أبو الليل,أبوالليل
أبو المجد,أبوالمجد
أبو المحاسن,أبوالمحاسن
أبو المرسى,أبوالمرسى
أبو المشط,أبوالمشط
أبو المعارف,أبوالمعارف
أبو المعاطى,أبوالمعاطى
أبو المعاطي,أبوالمعاطي
أبو المعاني,أبوالمعاني
أبو المكارم,أبوالمكارم
أبو المنا,أبوالمنا
أبو المندور,أبوالمندور
أبو المنصور,أبوالمنصور
أبو المواهب,أبوالمواهب
أبو المى,أبوالمى
أبو النازع,أبوالنازع
أبو النبايل,أبوالنبايل
أبو النجا,أبوالنجا
أبو النجاة,أبوالنجاة
أبو النجاه,أبوالنجاه
أبو النصر,أبوالنصر
أبو النصرسلامه,أبوالنصرسلامه
أبو النضر,أبوالنضر
أبو النعمان,أبوالنعمان
أبو النفايل,أبوالنفايل
أبو النها,أبوالنها
أبو النواس,أبوالنواس
أبو النور,أبوالنور
أبو النوم,أبوالنوم
أبو النى,أبوالنى
أبو النيل,أبوالنيل
أبو الهدى,أبوالهدى
أبو الهدي,أبوالهدي
أبو الهنا,أبوالهنا
أبو الهوايل,أبوالهوايل
أبو الهوى,أبوالهوى
أبو الهيثم,أبوالهيثم
أبو الهيس,أبوالهيس
أبو الوفا,أبوالوفا
أبو الوفي,أبوالوفي
أبو اليزيد,أبواليزيد
أبو اليسر,أبواليسر
أبو اليمن,أبواليمن
أبو اليمين,أبواليمين
أبو ايوبه,أبوايوبه
أبو باشا,أبوباشا
أبو باكى,أبوباكى
أبو باكي,أبوباكي
أبو بدوى,أبوبدوى
أبو بدوية,أبوبدوية
أبو بدير,أبوبدير
أبو بركة,أبوبركة
أبو بكر,أبوبكر
أبو بكرحماد,أبوبكرحماد
أبو بلطه,أبوبلطه
أبو بيه,أبوبيه
أبو ترك,أبوترك
أبو تركى,أبوتركى
أبو تركيه,أبوتركيه
أبو تريتى,أبوتريتى
أبو تمر,أبوتمر
أبو تيت,أبوتيت
أبو تيم,أبوتيم
أبو جاد,أبوجاد
أبو جاد الله,أبوجادالله
أبو جادالله,أبوجادالله
أبوجاد الله,أبوجادالله
أبو جازيه,أبوجازيه
أبو جاموس,أبوجاموس
أبو جبل,أبوجبل
أبو جحشة,أبوجحشة
أبو جحشه,أبوجحشه
أبو جراد,أبوجراد
أبو جرادة,أبوجرادة
أبو جريده,أبوجريده
أبو جرير,أبوجرير
أبو جلال,أبوجلال
أبو جلالة,أبوجلالة
أبو جلاله,أبوجلاله
أبو جلوة,أبوجلوة
أبو جلوه,أبوجلوه
أبو جليل,أبوجليل
أبو جمره,أبوجمره
أبو جمعة,أبوجمعة
أبو جمعه,أبوجمعه
أبو جميل,أبوجميل
أبو جميلة,أبوجميلة
أبو جندى,أبوجندى
أبو جنديه,أبوجنديه
أبو جنينه,أبوجنينه
أبو جهل,أبوجهل
أبو جوده,أبوجوده
أبو جوهر,أبوجوهر
أبو جوهرى,أبوجوهرى
أبو حاج,أبوحاج
أبو حامد,أبوحامد
أبو حبل,أبوحبل
أبو حبيب,أبوحبيب
أبو حبيبة,أبوحبيبة
أبو حبيبه,أبوحبيبه
أبو حتة,أبوحتة
أبو حج,أبوحج
أبو حجاج,أبوحجاج
أبو حجازى,أبوحجازى
أبو حجازي,أبوحجازي
أبو حجر,أبوحجر
أبو حجيل,أبوحجيل
أبو حدايه,أبوحدايه
أبو حديد,أبوحديد
أبو حديدة,أبوحديدة
أبو حرب,أبوحرب
أبو حريرة,أبوحريرة
أبو حسانين,أبوحسانين
أبو حسب,أبوحسب
أبو حسن,أبوحسن
أبو حسنين,أبوحسنين
أبو حسيبة,أبوحسيبة
أبو حسيبه,أبوحسيبه
أبو حسين,أبوحسين
أبو حسينه,أبوحسينه
أبو حشاد,أبوحشاد
أبو حشيش,أبوحشيش
أبو حصوه,أبوحصوه
أبو حطب,أبوحطب
أبو حفناوى,أبوحفناوى
أبو حفيشه,أبوحفيشه
أبو حلاوة,أبوحلاوة
أبو حلاوه,أبوحلاوه
أبو حلو,أبوحلو
أبو حلوه,أبوحلوه
أبو حليقه,أبوحليقه
أبو حليمه,أبوحليمه
أبو حماد,أبوحماد
أبو حمامة,أبوحمامة
أبو حمامه,أبوحمامه
أبو حمد,أبوحمد
أبو حمدة,أبوحمدة
أبو حمده,أبوحمده
أبو حمر,أبوحمر
أبو حمرة,أبوحمرة
أبو حمره,أبوحمره
أبو حمزة,أبوحمزة
أبو حمص,أبوحمص
أبو حموده,أبوحموده
أبو حميد,أبوحميد
أبو حميده,أبوحميده
أبو حنفى,أبوحنفى
أبو حنه,أبوحنه
أبو حنيفه,أبوحنيفه
أبو حواس,أبوحواس
أبو حوه,أبوحوه
أبو حويه,أبوحويه
أبو حيا الله,أبوحياالله
أبو حيطة,أبوحيطة
أبو خاطرة,أبوخاطرة
أبو خاطره,أبوخاطره
أبو خبر,أبوخبر
أبو خد,أبوخد
أبو خرج,أبوخرج
أبو خزيم,أبوخزيم
أبو خزيمة,أبوخزيمة
أبو خشبة,أبوخشبة
أبو خشيم,أبوخشيم
أبو خص,أبوخص
أبو خضر,أبوخضر
أبو خضرة,أبوخضرة
أبو خضره,أبوخضره
أبو خطاب,أبوخطاب
أبو خطوة,أبوخطوة
أبو خطوه,أبوخطوه
أبو خف,أبوخف
أبو خفاجى,أبوخفاجى
أبو خلاف,أبوخلاف
أبو خلبه,أبوخلبه
أبو خلعه,أبوخلعه
أبو خلف,أبوخلف
أبو خليفة,أبوخليفة
أبو خليفه,أبوخليفه
أبو خليل,أبوخليل
أبو خوصه,أبوخوصه
أبو خيال,أبوخيال
أبو خيشة,أبوخيشة
أبو خيشه,أبوخيشه
أبو داغر,أبوداغر
أبو دالى,أبودالى
أبو دبش,أبودبش
أبو دخان,أبودخان
أبو دخيل,أبودخيل
أبو دراز,أبودراز
أبو دراع,أبودراع
أبو درويش,أبودرويش
أبو دريع,أبودريع
أبو دسوقى,أبودسوقى
أبو دشيش,أبودشيش
أبو دعبس,أبودعبس
أبو دغيد,أبودغيد
أبو دقة,أبودقة
أبو دقه,أبودقه
أبو دقيق,أبودقيق
أبو دلال,أبودلال
أبو دنيا,أبودنيا
أبو دهب,أبودهب
أبو دوح,أبودوح
أبو دور,أبودور
أبو دومه,أبودومه
أبو دياب,أبودياب
أبو ديب,أبوديب
أبو ديبه,أبوديبه
أبو ديه,أبوديه
أبو ذكرى,أبوذكرى
أبو ذكري,أبوذكري
أبو ذهب,أبوذهب
أبو ذيد,أبوذيد
أبو رابح,أبورابح
أبو راشد,أبوراشد
أبو راضى,أبوراضى
أبو راضي,أبوراضي
أبو رافع,أبورافع
أبو رامون,أبورامون
أبو رباح,أبورباح
أبو ربع,أبوربع
أبو ربيع,أبوربيع
أبو رجب,أبورجب
أبو رجيله,أبورجيله
أبو رحاب,أبورحاب
أبو رحمة,أبورحمة
أبو رحمه,أبورحمه
أبو رحيل,أبورحيل
أبو رحيم,أبورحيم
أبو رزق,أبورزق
أبو رزه,أبورزه
أبو رزيق,أبورزيق
أبو رضا,أبورضا
أبو رفاعى,أبورفاعى
أبو رفاعي,أبورفاعي
أبو رقبه,أبورقبه
أبو رقعه,أبورقعه
أبو ركيبه,أبوركيبه
أبو رمضان,أبورمضان
أبو رواش,أبورواش
أبو رواى,أبورواى
أبو روميه,أبوروميه
أبو رويس,أبورويس
أبو ريا,أبوريا
أبو رية,أبورية
أبو ريشه,أبوريشه
أبو ريه,أبوريه
أبو زايد,أبوزايد
أبو زبادى,أبوزبادى
أبو زريبة,أبوزريبة
أبو زعيمه,أبوزعيمه
أبو زغاليل,أبوزغاليل
أبو زكرى,أبوزكرى
أبو زلفه,أبوزلفه
أبو زلمه,أبوزلمه
أبو زمزم,أبوزمزم
أبو زناتى,أبوزناتى
أبو زنة,أبوزنة
أبو زهر,أبوزهر
أبو زهرة,أبوزهرة
أبو زهره,أبوزهره
أبو زور,أبوزور
أبو زياده,أبوزياده
أبو زيت,أبوزيت
أبو زيتحار,أبوزيتحار
أبو زيد,أبوزيد
أبو زين,أبوزين
أبو زينة,أبوزينة
أبو زينه,أبوزينه
أبو سابح,أبوسابح
أبو سارى,أبوسارى
أبو ساطى,أبوساطى
أبو ساطي,أبوساطي
أبو سالم,أبوسالم
أبو سالمه,أبوسالمه
أبو سباطه,أبوسباطه
أبو سبع,أبوسبع
أبو ستة,أبوستة
أبو سته,أبوسته
أبو ستيته,أبوستيته
أبو سحير,أبوسحير
أبو سديرة,أبوسديرة
أبو سريع,أبوسريع
أبو سريه,أبوسريه
أبو سعد,أبوسعد
أبو سعدة,أبوسعدة
أبو سعده,أبوسعده
أبو سعيد,أبوسعيد
أبو سعيده,أبوسعيده
أبو سكر,أبوسكر
أبو سكينه,أبوسكينه
أبو سلام,أبوسلام
أبو سلامة,أبوسلامة
أبو سلامه,أبوسلامه
أبو سلمة,أبوسلمة
أبو سليم,أبوسليم
أبو سليمان,أبوسليمان
أبو سليمة,أبوسليمة
أبو سليمه,أبوسليمه
أبو سماحه,أبوسماحه
أبو سمرة,أبوسمرة
أبو سمره,أبوسمره
أبو سمك,أبوسمك
أبو سنة,أبوسنة
أبو سند,أبوسند
أبو سنه,أبوسنه
أبو سودى,أبوسودى
أبو سويلم,أبوسويلم
أبو سيد,أبوسيد
أبو سيدأحمد,أبوسيدأحمد
أبو سيف,أبوسيف
أبو شادى,أبوشادى
أبو شادي,أبوشادي
أبو شارب,أبوشارب
أبو شارود,أبوشارود
أبو شال,أبوشال
أبو شامه,أبوشامه
أبو شاهين,أبوشاهين
أبو شب,أبوشب
أبو شبانه,أبوشبانه
أبو شبكة,أبوشبكة
أبو شبكه,أبوشبكه
أبو شتا,أبوشتا
أبو شتيه,أبوشتيه
أبو شحاته,أبوشحاته
أبو شحاط,أبوشحاط
أبو شرابية,أبوشرابية
أبو شراره,أبوشراره
أبو شرخ,أبوشرخ
أبو شرديه,أبوشرديه
أبو شرف,أبوشرف
أبو شرق,أبوشرق
أبو شرمه,أبوشرمه
أبو شريبه,أبوشريبه
أبو شريخ,أبوشريخ
أبو شريف,أبوشريف
أبو شريفه,أبوشريفه
أبو شعبان,أبوشعبان
أبو شعر,أبوشعر
أبو شعرة,أبوشعرة
أبو شعله,أبوشعله
أبو شعيب,أبوشعيب
أبو شعيشع,أبوشعيشع
أبو شقه,أبوشقه
أبو شكر,أبوشكر
أبو شل,أبوشل
أبو شلباية,أبوشلباية
أبو شلبايه,أبوشلبايه
أبو شلبى,أبوشلبى
أبو شلبي,أبوشلبي
أبو شلش,أبوشلش
أبو شلق,أبوشلق
أبو شلوع,أبوشلوع
أبو شليل,أبوشليل
أبو شما,أبوشما
أبو شمعه,أبوشمعه
أبو شمه,أبوشمه
أبو شناف,أبوشناف
أبو شنب,أبوشنب
أبو شهاب,أبوشهاب
أبو شهبة,أبوشهبة
أبو شهبه,أبوشهبه
أبو شهده,أبوشهده
أبو شهله,أبوشهله
أبو شهيه,أبوشهيه
أبو شوارب,أبوشوارب
أبو شور,أبوشور
أبو شوره,أبوشوره
أبو شوش,أبوشوش
أبو شوشة,أبوشوشة
أبو شوشـــــه,أبوشوشه
أبو شوشه,أبوشوشه
أبوشوشـــــه,أبوشوشه
أبو شوق,أبوشوق
أبو شويبة,أبوشويبة
أبو شيبة,أبوشيبة
أبو صابر,أبوصابر
أبو صالح,أبوصالح
أبو صالحة,أبوصالحة
أبو صبح,أبوصبح
أبو صبيحه,أبوصبيحه
أبو صبيع,أبوصبيع
أبو صفيه,أبوصفيه
أبو صقر,أبوصقر
أبو صوان,أبوصوان
أبو صيام,أبوصيام
أبو ضاوى,أبوضاوى
أبو ضلام,أبوضلام
أبو ضلع,أبوضلع
أبو ضهر,أبوضهر
أبو ضويه,أبوضويه
أبو ضيف,أبوضيف
أبو طاحون,أبوطاحون
أبو طافش,أبوطافش
أبو طاقيه,أبوطاقيه
أبو طالب,أبوطالب
أبو طالـب,أبوطالب
أبوطالـب,أبوطالب
أبو طايل,أبوطايل
أبو طبل,أبوطبل
أبو طبيخ,أبوطبيخ
أبو طريه,أبوطريه
أبو طعيمة,أبوطعيمة
أبو طعيمه,أبوطعيمه
أبو طلاس,أبوطلاس
أبو طمر,أبوطمر
أبو طه,أبوطه
أبو طور,أبوطور
أبو طويلة,أبوطويلة
أبو طويله,أبوطويله
أبو طيبه,أبوطيبه
أبو طير,أبوطير
أبو طيرة,أبوطيرة
أبو طيره,أبوطيره
أبو عاشور,أبوعاشور
أبو عاصى,أبوعاصى
أبو عاصي,أبوعاصي
أبو عاليه,أبوعاليه
أبو عامر,أبوعامر
أبو عايد,أبوعايد
أبو عباه,أبوعباه
أبو عبد,أبوعبد
أبو عبد اللـه,أبوعبدالله
أبو عبد الله,أبوعبدالله
أبو عبدالله,أبوعبدالله
أبوعبداللـه,أبوعبدالله
أبو عبده,أبوعبده
أبو عبيد,أبوعبيد
أبو عبيه,أبوعبيه
أبو عتاب,أبوعتاب
أبو عتمان,أبوعتمان
أبو عتيق,أبوعتيق
أبو عثمان,أبوعثمان
أبو عجلة,أبوعجلة
أبو عجم,أبوعجم
أبو عجوة,أبوعجوة
أبو عجور,أبوعجور
أبو عجوه,أبوعجوه
أبو عجيزة,أبوعجيزة
أبو عجيزه,أبوعجيزه
أبو عجيلة,أبوعجيلة
أبو عجيله,أبوعجيله
أبو عجيمي,أبوعجيمي
أبو عدس,أبوعدس
أبو عدسة,أبوعدسة
أبو عرام,أبوعرام
أبو عرب,أبوعرب
أبو عريان,أبوعريان
أبوعريـبـه,أبوعريبه
أبو عريش,أبوعريش
أبو عريشة,أبوعريشة
أبو عريشه,أبوعريشه
أبو عريضه,أبوعريضه
أبو عز,أبوعز
أبو عزيز,أبوعزيز
أبو عسل,أبوعسل
أبو عشيبة,أبوعشيبة
أبو عشير,أبوعشير
أبو عصر,أبوعصر
أبو عطا الله,أبوعطاالله
أبو عطاالله,أبوعطاالله
أبو عطايا,أبوعطايا
أبو عطية,أبوعطية
أبو عطيه,أبوعطيه
أبو عظمة,أبوعظمة
أبو عظمه,أبوعظمه
أبو عفان,أبوعفان
أبو عفر,أبوعفر
أبو عفش,أبوعفش
أبو عقده,أبوعقده
أبو عقيل,أبوعقيل
أبو علام,أبوعلام
أبو علفه,أبوعلفه
أبو علم,أبوعلم
أبو علو,أبوعلو
أبو علوان,أبوعلوان
أبو على,أبوعلى
أبو علي,أبوعلي
أبو عليان,أبوعليان
أبو عليبه,أبوعليبه
أبو عليو,أبوعليو
أبو عليوة,أبوعليوة
أبو عليوه,أبوعليوه
أبو عمارة,أبوعمارة
أبو عماره,أبوعماره
أبو عماشه,أبوعماشه
أبو عمايم,أبوعمايم
أبو عمر,أبوعمر
أبو عمرة,أبوعمرة
أبو عمره,أبوعمره
أبو عمريه,أبوعمريه
أبو عمه,أبوعمه
أبو عميره,أبوعميره
أبو عميش,أبوعميش
أبو عنانى,أبوعنانى
أبو عنز,أبوعنز
أبو عواجه,أبوعواجه
أبو عواض,أبوعواض
أبو عوض,أبوعوض
أبو عوف,أبوعوف
أبو عوكل,أبوعوكل
أبو عونه,أبوعونه
أبو عويضة,أبوعويضة
أبو عياد,أبوعياد
أبو عياشة,أبوعياشة
أبو عيانه,أبوعيانه
أبو عيد,أبوعيد
أبو عـيده,أبوعيده
أبو عيده,أبوعيده
أبوعـيده,أبوعيده
أبو عيسى,أبوعيسى
أبو عيشة,أبوعيشة
أبو عيشه,أبوعيشه
أبو عيطة,أبوعيطة
أبو عيطه,أبوعيطه
أبو عيله,أبوعيله
أبو غابه,أبوغابه
أبو غادى,أبوغادى
أبو غازى,أبوغازى
أبو غازي,أبوغازي
أبو غالب,أبوغالب
أبو غالى,أبوغالى
أبو غالي,أبوغالي
أبو غالية,أبوغالية
أبو غاليه,أبوغاليه
أبو غانم,أبوغانم
أبو غبينه,أبوغبينه
أبو غتمة,أبوغتمة
أبو غتمه,أبوغتمه
أبو غرارة,أبوغرارة
أبو غراره,أبوغراره
أبو غربى,أبوغربى
أبو غربية,أبوغربية
أبو غربيه,أبوغربيه
أبو غرفه,أبوغرفه
أبو غريقانة,أبوغريقانة
أبو غزالة,أبوغزالة
أبو غزاله,أبوغزاله
أبو غضبان,أبوغضبان
أبو غضة,أبوغضة
أبو غنيم,أبوغنيم
أبو غنيمة,أبوغنيمة
أبو غنيمه,أبوغنيمه
أبو غنيه,أبوغنيه
أبو غوجر,أبوغوجر
أبو غياتى,أبوغياتى
أبو غيط,أبوغيط
أبو فارس,أبوفارس
أبو فاطمة,أبوفاطمة
أبو فاطمه,أبوفاطمه
أبو فايد,أبوفايد
أبو فدان,أبوفدان
أبو فراج,أبوفراج
أبو فراخ,أبوفراخ
أبو فرج,أبوفرج
أبو فرو,أبوفرو
أبو فوده,أبوفوده
أبو فيوض,أبوفيوض
أبو قاوى,أبوقاوى
أبو قدح,أبوقدح
أبو قديحة,أبوقديحة
أبو قديحه,أبوقديحه
أبو قربانه,أبوقربانه
أبو قرن,أبوقرن
أبو قريش,أبوقريش
أبو قرين,أبوقرين
أبو قفص,أبوقفص
أبو قفه,أبوقفه
أبو قمر,أبوقمر
أبو قميحة,أبوقميحة
أبو قنديل,أبوقنديل
أبو قورة,أبوقورة
أبو قوره,أبوقوره
أبو قوطة,أبوقوطة
أبو قوطه,أبوقوطه
أبو كامل,أبوكامل
أبو كبشة,أبوكبشة
أبو كبشه,أبوكبشه
أبو كحلة,أبوكحلة
أبو كرات,أبوكرات
أبو كرم,أبوكرم
أبو كريشة,أبوكريشة
أبو كريم,أبوكريم
أبو كساب,أبوكساب
أبو كل,أبوكل
أبو كليل,أبوكليل
أبو كليله,أبوكليله
أبو كوهيه,أبوكوهيه
أبو لبن,أبولبن
أبو لبهان,أبولبهان
أبو لطيفه,أبولطيفه
أبو ليلة,أبوليلة
أبو ليله,أبوليله
أبو ماجد,أبوماجد
أبو مايله,أبومايله
أبو مبارك,أبومبارك
أبو محجوب,أبومحجوب
أبو محسن,أبومحسن
أبو محمد,أبومحمد
أبو محمود,أبومحمود
أبو مدين,أبومدين
أبو مدينه,أبومدينه
أبو مسلم,أبومسلم
أبو مصطفى,أبومصطفى
أبو مضاوى,أبومضاوى
أبو مقدم,أبومقدم
أبو ملحه,أبوملحه
أبو مندور,أبومندور
أبو منصور,أبومنصور
أبو مهدى,أبومهدى
أبو مهرة,أبومهرة
أبو مهني,أبومهني
أبو موسى,أبوموسى
أبو موسي,أبوموسي
أبو ميره,أبوميره
أبو ميز,أبوميز
أبو نابت,أبونابت
أبو ناجى,أبوناجى
أبو نار,أبونار
أبو ناسو,أبوناسو
أبو ناشى,أبوناشى
أبو ناصر,أبوناصر
أبو ناعم,أبوناعم
أبو نجله,أبونجله
أبو نجم,أبونجم
أبو نحاس,أبونحاس
أبو نده,أبونده
أبو نسب,أبونسب
أبو نشار,أبونشار
أبو نصار,أبونصار
أبو نصارى,أبونصارى
أبو نصير,أبونصير
أبو نعمة,أبونعمة
أبو نعمه,أبونعمه
أبو نعيم,أبونعيم
أبو نعيمه,أبونعيمه
أبو نقايه,أبونقايه
أبو نوارج,أبونوارج
أبو نوايه,أبونوايه
أبو نوح,أبونوح
أبو نور الدين,أبونورالدين
أبو نوير,أبونوير
أبو نيدة,أبونيدة
أبو هاشم,أبوهاشم
أبو هانى,أبوهانى
أبو هاني,أبوهاني
أبو هبش,أبوهبش
أبو هبل,أبوهبل
أبو هبه,أبوهبه
أبو هجار,أبوهجار
أبو هجم,أبوهجم
أبو هرجه,أبوهرجه
أبو هشهش,أبوهشهش
أبو هشيمة,أبوهشيمة
أبو هشيمه,أبوهشيمه
أبو هلال,أبوهلال
أبو هنا,أبوهنا
أبو هند,أبوهند
أبو هندى,أبوهندى
أبو هنديه,أبوهنديه
أبو هنيدى,أبوهنيدى
أبو هواش,أبوهواش
أبو هوله,أبوهوله
أبو هيبه,أبوهيبه
أبو هيسه,أبوهيسه
أبو هيف,أبوهيف
أبو هيفه,أبوهيفه
أبو هيكل,أبوهيكل
أبو وافى,أبووافى
أبو وافي,أبووافي
أبو والى,أبووالى
أبو ورده,أبوورده
أبو وهدان,أبووهدان
أبو يحيـي,أبويحيي
أبويحيـي,أبويحيي
أبو يمن,أبويمن
أبو يوسف,أبويوسف
أبو يونس,أبويونس
أبى محمد,أبىمحمد
أ حمد,أحمد
أحـمـد,أحمد
أحمـد,أحمد
أحمــد,أحمد
أحمدأبومسلم,أحمد أبومسلم
أحمدأحمد,أحمد أحمد
أحمدابراهيم,أحمد ابراهيم
أحمداسماعيل,أحمد اسماعيل
أحمدالجمل,أحمد الجمل
أحمدالجندى,أحمد الجندى
أحمدالجوهرى,أحمد الجوهرى
أحمدالحداد,أحمد الحداد
أحمدالخولى,أحمد الخولى
أحمدالشافعى,أحمد الشافعى
أحمدالصاوى,أحمد الصاوى
أحمدالطيب,أحمد الطيب
أحمدالعزب,أحمد العزب
أحمدالعوضى,أحمد العوضى
أحمدالفقى,أحمد الفقى
أحمدبخيت,أحمد بخيت
أحمدبدر,أحمد بدر
أحمدبدوي,أحمد بدوي
أحمدحامد,أحمد حامد
أحمدحسان,أحمد حسان
أحمدحسن,أحمد حسن
أحمدحسين,أحمد حسين
أحمدحلمى,أحمد حلمى
أحمدحماد,أحمد حماد
أحمدحموده,أحمد حموده
أحمدحميده,أحمد حميده
أحمدزايد,أحمد زايد
أحمدزيد,أحمد زيد
أحمدسالم,أحمد سالم
أحمدسرحان,أحمد سرحان
أحمدسعيد,أحمد سعيد
أحمدسليمان,أحمد سليمان
أحمدسويلم,أحمد سويلم
أحمدسيف,أحمد سيف
أحمدشحاته,أحمد شحاته
أحمدشرف,أحمد شرف
أحمدشعبان,أحمد شعبان
أحمدشلبى,أحمد شلبى
أحمدصبح,أحمد صبح
أحمدطلعت,أحمد طلعت
أحمدعاطف,أحمد عاطف
أحمدعامر,أحمد عامر
أحمدعباس,أحمد عباس
أحمدعبدالحافظ,أحمد عبدالحافظ
أحمدعبدالحميد,أحمد عبدالحميد
أحمدعبدالخالق,أحمد عبدالخالق
أحمدعبدالعاطى,أحمد عبدالعاطى
أحمدعبدالعال,أحمد عبدالعال
أحمدعبدالغنى,أحمد عبدالغنى
أحمدعبداللطيف,أحمد عبداللطيف
أحمدعبدالمجيد,أحمد عبدالمجيد
أحمدعبده,أحمد عبده
أحمدعثمان,أحمد عثمان
أحمدعزب,أحمد عزب
أحمدعطا,أحمد عطا
أحمدعكاشه,أحمد عكاشه
أحمدعلى,أحمد على
أحمدعلي,أحمد علي
أحمدعماره,أحمد عماره
أحمدعمر,أحمد عمر
أحمدعوض,أحمد عوض
أحمدعيد,أحمد عيد
أحمدغريب,أحمد غريب
أحمدفؤاد,أحمد فؤاد
أحمدفايد,أحمد فايد
أحمدقدرى,أحمد قدرى
أحمدكامل,أحمد كامل
أحمدكمال,أحمد كمال
أحمدمحمد,أحمد محمد
أحمدمختار,أحمد مختار
أحمدمرسي,أحمد مرسي
أحمدمعوض,أحمد معوض
أحمدمنصور,أحمد منصور
أحمدموسى,أحمد موسى
أحمدناجى,أحمد ناجى
أحمدهلال,أحمد هلال
أحمد بدر الدين,أحمدبدرالدين
أحمد جمال الدين,أحمدجمالالدين
أحمدعبد الرحمن,أحمدعبدالرحمن
أحمدعبداللـه,أحمدعبدالله
أحمد عز الدين,أحمدعزالدين
أحمد نور الدين,أحمدنورالدين
أدهـم,أدهم
ألاء الرحمن,ألاءالرحمن
ألاء الله,ألاءالله
أم الخير,أمالخير
أم الهنا,أمالهنا
أمـان,أمان
أمان الدين,أمانالدين
أمان الله,أمانالله
أمر الله,أمرالله
أم كلثوم,أمكلثوم
أمن بالله,أمنبالله
أم هاشم,أمهاشم
أمه اللـه,أمهالله
أمه الله,أمهالله
أمهاللـه,أمهالله
أمية الله,أميةالله
أمير على الدين,أميرعلىالدين
أميـن,أمين
أمين علي الدين,أمينعليالدين
أنـس,أنس
أنورحسن,أنور حسن
أنورعبدالمنعم,أنور عبدالمنعم
أنورمصطفى,أنور مصطفى
أى الدين,أىالدين
أيات الله,أياتالله
أية الله,أيةالله
أيـمـن,أيمن
أّيه,أيه
أيه الله,أيهالله
إ برا هيم,إبراهيم
إبراهيــم,إبراهيم
إبراهيم علم الدين,إبراهيمعلمالدين
إتمام الدين,إتمامالدين
إسـراء,إسراء
ابا بكر,ابابكر
ابا زيد,ابازيد
ابا ظه,اباظه
اّبانوب,ابانوب
ابا هور,اباهور
ابتســام,ابتسام
ابـر,ابر
ابراهيــم,ابراهيم
ابراهيـم,ابراهيم
ابراهيم--,ابراهيم
ابراهيم_x000D_,ابراهيم
ابراهيم‏,ابراهيم
ابراهٍيم,ابراهيم
ابـراهـيـم,ابراهيم
ابـراهيـم,ابراهيم
ابراهيم آى الدين,ابراهيمآىالدين
ابراهيم أى الدين,ابراهيمأىالدين
ابراهيم الدين,ابراهيمالدين
ابن جاد,ابنجاد
ابن على,ابنعلى
ابن عمر,ابنعمر
ابن عوف,ابنعوف
ابـو,ابو
ابو آمنه,ابوآمنه
ابو أحمد,ابوأحمد
ابو أدره,ابوأدره
ابو أدريس,ابوأدريس
ابو ابراهيم,ابوابراهيم
ابو احمد,ابواحمد
ابو اخوات,ابواخوات
ابو ادريس,ابوادريس
ابو اربعه,ابواربعه
ابو اربى,ابواربى
ابو اردب,ابواردب
ابو ارشيد,ابوارشيد
ابو استيته,ابواستيته
ابو اسخرون,ابواسخرون
ابو اسماعيل,ابواسماعيل
ابو اشقر,ابواشقر
ابو اصبع,ابواصبع
ابو اصيله,ابواصيله
ابو اقرع,ابواقرع
ابو ال,ابوال
ابو الأجراس,ابوالأجراس
ابو الأسعاد,ابوالأسعاد
ابو الاجراس,ابوالاجراس
ابو الاسرار,ابوالاسرار
ابو الاسعاد,ابوالاسعاد
ابو الامصان,ابوالامصان
ابو الانوار,ابوالانوار
ابو البركات,ابوالبركات
ابو البطيخ,ابوالبطيخ
ابو البعر,ابوالبعر
ابو البقا,ابوالبقا
ابو البها,ابوالبها
ابو البهجى,ابوالبهجى
ابو التنا,ابوالتنا
ابو الثنا,ابوالثنا
ابو الجار,ابوالجار
ابو الجالي,ابوالجالي
ابو الجبين,ابوالجبين
ابو الجدايل,ابوالجدايل
ابو الجدود,ابوالجدود
ابو الجراد,ابوالجراد
ابو الجريد,ابوالجريد
ابو الجلاجل,ابوالجلاجل
ابو الجلب,ابوالجلب
ابو الجمل,ابوالجمل
ابو الجملين,ابوالجملين
ابو الجنب,ابوالجنب
ابو الجواد,ابوالجواد
ابو الجوخ,ابوالجوخ
ابو الجود,ابوالجود
ابو الحاج,ابوالحاج
ابو الحارث,ابوالحارث
ابو الحارد,ابوالحارد
ابو الحارس,ابوالحارس
ابو الحاقه,ابوالحاقه
ابو الحج,ابوالحج
ابو الحجاج,ابوالحجاج
ابو الحجاح,ابوالحجاح
ابو الحداد,ابوالحداد
ابو الحديد,ابوالحديد
ابو الحسانين,ابوالحسانين
ابو الحسايب,ابوالحسايب
ابو الحسب,ابوالحسب
ابو الحسن,ابوالحسن
ابو الحسنين,ابوالحسنين
ابو الحسون,ابوالحسون
ابو الحسين,ابوالحسين
ابو الحصون,ابوالحصون
ابو الحصين,ابوالحصين
ابو الحظ,ابوالحظ
ابو الحفنى,ابوالحفنى
ابو الحكم,ابوالحكم
ابو الحلقان,ابوالحلقان
ابو الحلو,ابوالحلو
ابو الحمايد,ابوالحمايد
ابو الحمايل,ابوالحمايل
ابو الحمد,ابوالحمد
ابو الحمدعبد,ابوالحمدعبد
ابو الحمدعزب,ابوالحمدعزب
ابو الحمل,ابوالحمل
ابو الحمول,ابوالحمول
ابو الحيح,ابوالحيح
ابو الحيل,ابوالحيل
ابو الخرص,ابوالخرص
ابو الخشب,ابوالخشب
ابو الخل,ابوالخل
ابو الخواص,ابوالخواص
ابو الخير,ابوالخير
ابوالخيرعبدالحى,ابوالخير عبدالحى
ابو الخيرابو,ابوالخيرابو
ابو الخيراسماعيل,ابوالخيراسماعيل
ابو الخيرجابر,ابوالخيرجابر
ابو الخيررزق الله,ابوالخيررزقالله
ابو الخيرمحمد,ابوالخيرمحمد
ابو الدبوس,ابوالدبوس
ابو الدرداء,ابوالدرداء
ابو الدردار,ابوالدردار
ابو الدريج,ابوالدريج
ابو الدعاس,ابوالدعاس
ابو الدقائر,ابوالدقائر
ابو الدقيق,ابوالدقيق
ابو الدلايل,ابوالدلايل
ابو الدهب,ابوالدهب
ابو الدوش,ابوالدوش
ابو الديار,ابوالديار
ابو الذهب,ابوالذهب
ابو الرايات,ابوالرايات
ابو الرايه,ابوالرايه
ابو الرجال,ابوالرجال
ابو الرجاله,ابوالرجاله
ابو الرخا,ابوالرخا
ابو الرداد,ابوالرداد
ابو الرضا,ابوالرضا
ابو الرفاعي,ابوالرفاعي
ابو الركب,ابوالركب
ابو الروح,ابوالروح
ابو الروس,ابوالروس
ابو الرى,ابوالرى
ابو الري,ابوالري
ابو الريات,ابوالريات
ابو الريش,ابوالريش
ابو الزلف,ابوالزلف
ابو الزهر,ابوالزهر
ابو الزين,ابوالزين
ابو السادات,ابوالسادات
ابو السباع,ابوالسباع
ابو السبح,ابوالسبح
ابو السبع,ابوالسبع
ابو السرور,ابوالسرور
ابو السعادات,ابوالسعادات
ابو السعد,ابوالسعد
ابو السعدات,ابوالسعدات
ابو السعود,ابوالسعود
ابو السعودحجاب,ابوالسعودحجاب
ابو السعودحسن,ابوالسعودحسن
ابو السعودعبد,ابوالسعودعبد
ابو السعودعبدالله,ابوالسعودعبدالله
ابو السعودى,ابوالسعودى
ابو السعيد,ابوالسعيد
ابو السفيان,ابوالسفيان
ابو السمان,ابوالسمان
ابو السمح,ابوالسمح
ابو السنون,ابوالسنون
ابو السهم,ابوالسهم
ابو السيد,ابوالسيد
ابو السيعود,ابوالسيعود
ابو الشافعى,ابوالشافعى
ابو الشبايك,ابوالشبايك
ابو الشحات,ابوالشحات
ابو الشدايد,ابوالشدايد
ابو الشربينى,ابوالشربينى
ابو الشربيني,ابوالشربيني
ابو الشعور,ابوالشعور
ابو الشهود,ابوالشهود
ابو الشواشى,ابوالشواشى
ابو الشوايد,ابوالشوايد
ابو الشيخ,ابوالشيخ
ابو الصفا,ابوالصفا
ابو الصيد,ابوالصيد
ابو الضراير,ابوالضراير
ابو الضيفان,ابوالضيفان
ابو الطاهر,ابوالطاهر
ابو الطرابيش,ابوالطرابيش
ابو الطور,ابوالطور
ابو الطيب,ابوالطيب
ابو الطيور,ابوالطيور
ابو الظاهر,ابوالظاهر
ابو العادات,ابوالعادات
ابو العارف,ابوالعارف
ابو العاص,ابوالعاص
ابو العاطى,ابوالعاطى
ابو العاطي,ابوالعاطي
ابو العالمين,ابوالعالمين
ابو العباس,ابوالعباس
ابو العباسى,ابوالعباسى
ابو العبيد,ابوالعبيد
ابو العدب,ابوالعدب
ابو العدل,ابوالعدل
ابو العدوى,ابوالعدوى
ابو العرايا,ابوالعرايا
ابو العرب,ابوالعرب
ابو العرفان,ابوالعرفان
ابو العز,ابوالعز
ابو العزائم,ابوالعزائم
ابو العزايم,ابوالعزايم
ابو العزب,ابوالعزب
ابو العزم,ابوالعزم
ابو العزيم,ابوالعزيم
ابو العسل,ابوالعسل
ابو العطا,ابوالعطا
ابو العطف,ابوالعطف
ابو العطوف,ابوالعطوف
ابو العلا,ابوالعلا
ابوالعلاابوالعلا,ابوالعلا ابوالعلا
ابو العلاء,ابوالعلاء
ابو العلامحمد,ابوالعلامحمد
ابو العلامين,ابوالعلامين
ابو العلاهريدى,ابوالعلاهريدى
ابو العلمين,ابوالعلمين
ابو العله,ابوالعله
ابو العلى,ابوالعلى
ابو العمايم,ابوالعمايم
ابو العمایم,ابوالعمایم
ابو العمران,ابوالعمران
ابو العنين,ابوالعنين
ابو العنيين,ابوالعنيين
ابو العوافى,ابوالعوافى
ابو العودين,ابوالعودين
ابو العوض,ابوالعوض
ابو العوضى,ابوالعوضى
ابو العوف,ابوالعوف
ابو العون,ابوالعون
ابو العيال,ابوالعيال
ابو العيد,ابوالعيد
ابو العيس,ابوالعيس
ابو العيسوى,ابوالعيسوى
ابو العيسوي,ابوالعيسوي
ابو العيش,ابوالعيش
ابو العيص,ابوالعيص
ابو العيلة,ابوالعيلة
ابو العيله,ابوالعيله
ابو العينين,ابوالعينين
ابو العيون,ابوالعيون
ابو الغار,ابوالغار
ابو الغرانيق,ابوالغرانيق
ابو الغنايم,ابوالغنايم
ابو الغول,ابوالغول
ابو الغيث,ابوالغيث
ابو الغيط,ابوالغيط
ابو الغيظ,ابوالغيظ
ابو الفا,ابوالفا
ابو الفتاح,ابوالفتاح
ابو الفتح,ابوالفتح
ابو الفتوح,ابوالفتوح
ابو الفتيان,ابوالفتيان
ابو الفحم,ابوالفحم
ابو الفرج,ابوالفرج
ابو الفرح,ابوالفرح
ابو الفصاد,ابوالفصاد
ابو الفضل,ابوالفضل
ابو الفول,ابوالفول
ابو الفيض,ابوالفيض
ابو الفيلات,ابوالفيلات
ابو القاسم,ابوالقاسم
ابو القرون,ابوالقرون
ابو القمبز,ابوالقمبز
ابو القمصان,ابوالقمصان
ابو القور,ابوالقور
ابو القيود,ابوالقيود
ابو الكرام,ابوالكرام
ابو الكرامات,ابوالكرامات
ابو الكرمات,ابوالكرمات
ابو الكل,ابوالكل
ابو الكلام,ابوالكلام
ابو الكمال,ابوالكمال
ابو اللابد,ابواللابد
ابو اللبن,ابواللبن
ابو الليالى,ابوالليالى
ابو الليف,ابوالليف
ابو الليل,ابوالليل
ابو المال,ابوالمال
ابو المتولى,ابوالمتولى
ابو المج,ابوالمج
ابو المجد,ابوالمجد
ابو المجدعبده,ابوالمجدعبده
ابو المجدعلى,ابوالمجدعلى
ابو المحاسـن,ابوالمحاسن
ابو المحاسن,ابوالمحاسن
ابوالمحاسـن,ابوالمحاسن
ابو المحجوب,ابوالمحجوب
ابو المرعز,ابوالمرعز
ابو المطامير,ابوالمطامير
ابو المعارف,ابوالمعارف
ابو المعاطى,ابوالمعاطى
ابو المعاطي,ابوالمعاطي
ابو المعالى,ابوالمعالى
ابو المعانى,ابوالمعانى
ابو المعروف,ابوالمعروف
ابو المعز,ابوالمعز
ابو المعطى,ابوالمعطى
ابو المكارم,ابوالمكارم
ابو المناصر,ابوالمناصر
ابو المنام,ابوالمنام
ابو المندور,ابوالمندور
ابو المنصور,ابوالمنصور
ابو المهدى,ابوالمهدى
ابو المهدي,ابوالمهدي
ابو الموافى,ابوالموافى
ابو المواهب,ابوالمواهب
ابو الميله,ابوالميله
ابو النازع,ابوالنازع
ابو الناس,ابوالناس
ابو الناصر,ابوالناصر
ابو النبايل,ابوالنبايل
ابو النبي,ابوالنبي
ابو النجا,ابوالنجا
ابو النجاة,ابوالنجاة
ابو النجاح,ابوالنجاح
ابو النجاعبد الله,ابوالنجاعبدالله
ابو النجاه,ابوالنجاه
ابو النجد,ابوالنجد
ابو النجدى,ابوالنجدى
ابو النجى,ابوالنجى
ابو النصر,ابوالنصر
ابو النصيف,ابوالنصيف
ابو النضر,ابوالنضر
ابو النظر,ابوالنظر
ابو النعاج,ابوالنعاج
ابو النعاس,ابوالنعاس
ابو النعمان,ابوالنعمان
ابو النهى,ابوالنهى
ابو النهي,ابوالنهي
ابو النواس,ابوالنواس
ابو النور,ابوالنور
ابو النوراحمد,ابوالنوراحمد
ابو النوم,ابوالنوم
ابو النوى,ابوالنوى
ابو النى,ابوالنى
ابو النيل,ابوالنيل
ابو الهارون,ابوالهارون
ابو الهجات,ابوالهجات
ابو الهدى,ابوالهدى
ابو الهدي,ابوالهدي
ابو الهل,ابوالهل
ابو الهمل,ابوالهمل
ابو الهمم,ابوالهمم
ابو الهموم,ابوالهموم
ابو الهنا,ابوالهنا
ابو الهوا,ابوالهوا
ابو الهوايل,ابوالهوايل
ابو الهول,ابوالهول
ابو الهون,ابوالهون
ابو الهوى,ابوالهوى
ابو الهوي,ابوالهوي
ابو الهيتم,ابوالهيتم
ابو الهيثم,ابوالهيثم
ابو الهيجات,ابوالهيجات
ابو الهيسى,ابوالهيسى
ابو الورد,ابوالورد
ابو الوردى,ابوالوردى
ابو الوفا,ابوالوفا
ابو الوفاء,ابوالوفاء
ابو الوفي,ابوالوفي
ابو الويفه,ابوالويفه
ابو اليازيد,ابواليازيد
ابو اليامين,ابواليامين
ابو اليتمين,ابواليتمين
ابو اليزيد,ابواليزيد
ابواليزيدعبدالعظيم,ابواليزيد عبدالعظيم
ابو اليزيدالقسط,ابواليزيدالقسط
ابواليزيد على الدين,ابواليزيدعلىالدين
ابو اليزيدقرقر,ابواليزيدقرقر
ابو اليسر,ابواليسر
ابو اليمن,ابواليمن
ابو اليمون,ابواليمون
ابو اليمين,ابواليمين
ابو امام,ابوامام
ابو امانه,ابوامانه
ابو امباركه,ابوامباركه
ابو امنه,ابوامنه
ابو امين,ابوامين
ابو ايوبه,ابوايوبه
ابو باشا,ابوباشا
ابو بدر,ابوبدر
ابو بدوى,ابوبدوى
ابو بدوي,ابوبدوي
ابو بدير,ابوبدير
ابو برعى,ابوبرعى
ابو بركة,ابوبركة
ابو بركه,ابوبركه
ابو بريك,ابوبريك
ابو بريكة,ابوبريكة
ابو بريكه,ابوبريكه
ابو بسخرون,ابوبسخرون
ابو بسيونى,ابوبسيونى
ابو بشت,ابوبشت
ابو بطيحه,ابوبطيحه
ابو بك,ابوبك
ابو بكر,ابوبكر
ابوبكرعبدالدايم,ابوبكر عبدالدايم
ابوبكرعبدالفتاح,ابوبكر عبدالفتاح
ابو بكرالسيد,ابوبكرالسيد
ابو بكرالصديق,ابوبكرالصديق
ابوبكر الصغير,ابوبكرالصغير
ابو بكرحسن,ابوبكرحسن
ابو بكرعبد,ابوبكرعبد
ابو بكرعبدالرحمن,ابوبكرعبدالرحمن
ابو بكرمحمود,ابوبكرمحمود
ابو بكره,ابوبكره
ابو بنات,ابوبنات
ابو بنيامين,ابوبنيامين
ابو بيه,ابوبيه
ابو بيومى,ابوبيومى
ابو تايه,ابوتايه
ابو تجار,ابوتجار
ابو ترعه,ابوترعه
ابو ترك,ابوترك
ابو تركى,ابوتركى
ابوتـركى,ابوتركى
ابو تركية,ابوتركية
ابو تركيه,ابوتركيه
ابو تريعه,ابوتريعه
ابو تريكه,ابوتريكه
ابو تعيلب,ابوتعيلب
ابو تقى الدين,ابوتقىالدين
ابوتقى الدين,ابوتقىالدين
ابو تليس,ابوتليس
ابو تميم,ابوتميم
ابو تيجو,ابوتيجو
ابوجاب الـله,ابوجابالله
ابوجاب الله,ابوجابالله
ابوجابالـله,ابوجابالله
ابو جابر,ابوجابر
ابو جاد,ابوجاد
ابو جاد الله,ابوجادالله
ابو جادالله,ابوجادالله
ابوجاد الله,ابوجادالله
ابو جادو,ابوجادو
ابو جازية,ابوجازية
ابو جازيه,ابوجازيه
ابو جاسر,ابوجاسر
ابو جاعور,ابوجاعور
ابو جالوص,ابوجالوص
ابو جامع,ابوجامع
ابو جاموس,ابوجاموس
ابو جانب,ابوجانب
ابو جاهين,ابوجاهين
ابو جباره,ابوجباره
ابو جبة,ابوجبة
ابو جبر,ابوجبر
ابو جبل,ابوجبل
ابو جبه,ابوجبه
ابو جبين,ابوجبين
ابو جحش,ابوجحش
ابو جحشه,ابوجحشه
ابو جديله,ابوجديله
ابو جرابيع,ابوجرابيع
ابو جرادة,ابوجرادة
ابو جرز,ابوجرز
ابو جريدة,ابوجريدة
ابو جريده,ابوجريده
ابو جريرة,ابوجريرة
ابو جريشة,ابوجريشة
ابو جريشه,ابوجريشه
ابو جزر,ابوجزر
ابو جزه,ابوجزه
ابو جعفر,ابوجعفر
ابو جفيمان,ابوجفيمان
ابو جلاب,ابوجلاب
ابو جلال,ابوجلال
ابو جلالة,ابوجلالة
ابو جلاله,ابوجلاله
ابو جلع,ابوجلع
ابو جلهوم,ابوجلهوم
ابو جلوه,ابوجلوه
ابو جليل,ابوجليل
ابو جليلة,ابوجليلة
ابو جليله,ابوجليله
ابو جمال,ابوجمال
ابو جمره,ابوجمره
ابو جمعة,ابوجمعة
ابو جمعه,ابوجمعه
ابو جميعان,ابوجميعان
ابو جميعه,ابوجميعه
ابو جميل,ابوجميل
ابو جميله,ابوجميله
ابو جناح,ابوجناح
ابو جنبه,ابوجنبه
ابو جندى,ابوجندى
ابو جندي,ابوجندي
ابو جندية,ابوجندية
ابو جنديه,ابوجنديه
ابو جنينه,ابوجنينه
ابو جهامه,ابوجهامه
ابو جهرة,ابوجهرة
ابو جهل,ابوجهل
ابو جهيم,ابوجهيم
ابو جوخ,ابوجوخ
ابو جوخه,ابوجوخه
ابو جودة,ابوجودة
ابو جوده,ابوجوده
ابو جوهر,ابوجوهر
ابو جوهرة,ابوجوهرة
ابو جويده,ابوجويده
ابو جويلة,ابوجويلة
ابو جويله,ابوجويله
ابو جويلى,ابوجويلى
ابو حاتى,ابوحاتى
ابو حاج,ابوحاج
ابو حادش,ابوحادش
ابو حافظ,ابوحافظ
ابو حام,ابوحام
ابو حامد,ابوحامد
ابو حاموله,ابوحاموله
ابو حانى,ابوحانى
ابو حاويل,ابوحاويل
ابو حاويه,ابوحاويه
ابو حايس,ابوحايس
ابو حبسة,ابوحبسة
ابو حبسه,ابوحبسه
ابو حبشى,ابوحبشى
ابو حبل,ابوحبل
ابو حبيب,ابوحبيب
ابو حبيبة,ابوحبيبة
ابو حبيبه,ابوحبيبه
ابو حبيل,ابوحبيل
ابو حته,ابوحته
ابو حج,ابوحج
ابو حجاب,ابوحجاب
ابو حجاج,ابوحجاج
ابو حجاره,ابوحجاره
ابو حجازى,ابوحجازى
ابو حجازي,ابوحجازي
ابو حجازيه,ابوحجازيه
ابو حجر,ابوحجر
ابو حجله,ابوحجله
ابو حجى,ابوحجى
ابو حجيل,ابوحجيل
ابو حداية,ابوحداية
ابو حدايد,ابوحدايد
ابو حدايه,ابوحدايه
ابو حدبة,ابوحدبة
ابو حديد,ابوحديد
ابو حديده,ابوحديده
ابو حراز,ابوحراز
ابو حرب,ابوحرب
ابو حربه,ابوحربه
ابو حربية,ابوحربية
ابو حربيه,ابوحربيه
ابو حرز,ابوحرز
ابو حريبه,ابوحريبه
ابو حريره,ابوحريره
ابو حريش,ابوحريش
ابو حريشه,ابوحريشه
ابو حريصر,ابوحريصر
ابو حزيبه,ابوحزيبه
ابو حساب,ابوحساب
ابو حسان,ابوحسان
ابو حسانين,ابوحسانين
ابوحسب الله,ابوحسبالله
ابو حسن,ابوحسن
ابو حسنين,ابوحسنين
ابو حسوب,ابوحسوب
ابو حسونه,ابوحسونه
ابو حسى,ابوحسى
ابو حسيب,ابوحسيب
ابو حسيبة,ابوحسيبة
ابو حسيبه,ابوحسيبه
ابو حسين,ابوحسين
ابو حشاد,ابوحشاد
ابو حشـيش,ابوحشيش
ابو حشيش,ابوحشيش
ابوحشـيش,ابوحشيش
ابو حصوة,ابوحصوة
ابو حصوه,ابوحصوه
ابو حصيه,ابوحصيه
ابو حطب,ابوحطب
ابو حفناوي,ابوحفناوي
ابو حفيضة,ابوحفيضة
ابو حلاوة,ابوحلاوة
ابو حلاوه,ابوحلاوه
ابو حلفايه,ابوحلفايه
ابو حلقة,ابوحلقة
ابو حلقه,ابوحلقه
ابو حلمى,ابوحلمى
ابو حلو,ابوحلو
ابو حلوة,ابوحلوة
ابو حلوه,ابوحلوه
ابو حليقة,ابوحليقة
ابو حليقه,ابوحليقه
ابو حليمة,ابوحليمة
ابو حليمه,ابوحليمه
ابو حم,ابوحم
ابو حماد,ابوحماد
ابو حمادة,ابوحمادة
ابو حماده,ابوحماده
ابو حمادى,ابوحمادى
ابو حمام,ابوحمام
ابو حمامة,ابوحمامة
ابو حمامه,ابوحمامه
ابو حمد,ابوحمد
ابو حمده,ابوحمده
ابو حمر,ابوحمر
ابو حمرة,ابوحمرة
ابو حمره,ابوحمره
ابو حمزة,ابوحمزة
ابو حمزه,ابوحمزه
ابو حمص,ابوحمص
ابو حمود,ابوحمود
ابو حموده,ابوحموده
ابو حميد,ابوحميد
ابو حميدة,ابوحميدة
ابو حميده,ابوحميده
ابو حنا,ابوحنا
ابو حنفى,ابوحنفى
ابو حنه,ابوحنه
ابو حنيفه,ابوحنيفه
ابو حواس,ابوحواس
ابو حواله,ابوحواله
ابو حوة,ابوحوة
ابو حوت,ابوحوت
ابو حوران,ابوحوران
ابو حوسه,ابوحوسه
ابو حوش,ابوحوش
ابو حوه,ابوحوه
ابو حوية,ابوحوية
ابو حويطه,ابوحويطه
ابو حويل,ابوحويل
ابو حى,ابوحى
ابو حيا,ابوحيا
ابو حياالله,ابوحياالله
ابو حيره,ابوحيره
ابو حيله,ابوحيله
ابو خاطر,ابوخاطر
ابو خاطره,ابوخاطره
ابو خالد,ابوخالد
ابو خبر,ابوخبر
ابو خد,ابوخد
ابو خدوج,ابوخدوج
ابو خديجة,ابوخديجة
ابو خديجه,ابوخديجه
ابو خراصى,ابوخراصى
ابو خربوش,ابوخربوش
ابو خربيه,ابوخربيه
ابو خرج,ابوخرج
ابو خرس,ابوخرس
ابو خرص,ابوخرص
ابو خريبة,ابوخريبة
ابو خريبه,ابوخريبه
ابو خريزة,ابوخريزة
ابو خريزه,ابوخريزه
ابو خريس,ابوخريس
ابو خريص,ابوخريص
ابو خزام,ابوخزام
ابو خزيم,ابوخزيم
ابو خزيمة,ابوخزيمة
ابو خزيمه,ابوخزيمه
ابو خسكيه,ابوخسكيه
ابو خشبة,ابوخشبة
ابو خشبه,ابوخشبه
ابو خشم,ابوخشم
ابو خشيم,ابوخشيم
ابو خص,ابوخص
ابو خضر,ابوخضر
ابو خضرالسريس,ابوخضرالسريس
ابو خضرة,ابوخضرة
ابو خضره,ابوخضره
ابو خضير,ابوخضير
ابو خضيرى,ابوخضيرى
ابو خطاب,ابوخطاب
ابو خطو,ابوخطو
ابو خطوة,ابوخطوة
ابو خطوه,ابوخطوه
ابو خطى,ابوخطى
ابو خطيب,ابوخطيب
ابو خطيطة,ابوخطيطة
ابو خطيطه,ابوخطيطه
ابو خفاجى,ابوخفاجى
ابو خفيلة,ابوخفيلة
ابو خلبه,ابوخلبه
ابو خلعة,ابوخلعة
ابو خلعه,ابوخلعه
ابو خلف,ابوخلف
ابو خله,ابوخله
ابو خليف,ابوخليف
ابو خليفة,ابوخليفة
ابو خليفه,ابوخليفه
ابو خليل,ابوخليل
ابو خليوة,ابوخليوة
ابو خليوه,ابوخليوه
ابو خمير,ابوخمير
ابو خميس,ابوخميس
ابو خناصر,ابوخناصر
ابو خنجر,ابوخنجر
ابو خوات,ابوخوات
ابو خواجه,ابوخواجه
ابو خوار,ابوخوار
ابو خوت,ابوخوت
ابو خوخ,ابوخوخ
ابو خوخة,ابوخوخة
ابو خوخه,ابوخوخه
ابو خود,ابوخود
ابو خوده,ابوخوده
ابو خوصة,ابوخوصة
ابو خيار,ابوخيار
ابو خيال,ابوخيال
ابو خير,ابوخير
ابو خيرة,ابوخيرة
ابو خيره,ابوخيره
ابو خيشة,ابوخيشة
ابو خيشه,ابوخيشه
ابو داعس,ابوداعس
ابو داغر,ابوداغر
ابو دافع,ابودافع
ابو دالي,ابودالي
ابو داه,ابوداه
ابو داهش,ابوداهش
ابو داوب,ابوداوب
ابو داود,ابوداود
ابو دايرة,ابودايرة
ابو دبارة,ابودبارة
ابو دباره,ابودباره
ابو دبش,ابودبش
ابو دحيل,ابودحيل
ابو دخان,ابودخان
ابو دخل الله,ابودخلالله
ابودخل الله,ابودخلالله
ابو دراز,ابودراز
ابو دراع,ابودراع
ابو دراهم,ابودراهم
ابو درب,ابودرب
ابو دربالة,ابودربالة
ابو درباله,ابودرباله
ابو دره,ابودره
ابو دريح,ابودريح
ابو دريس,ابودريس
ابو دريع,ابودريع
ابو دسوقى,ابودسوقى
ابو دسوقي,ابودسوقي
ابو دشيش,ابودشيش
ابو دعلة,ابودعلة
ابو دعمه,ابودعمه
ابو دغار,ابودغار
ابو دغش,ابودغش
ابو دغيد,ابودغيد
ابو دغيدى,ابودغيدى
ابو دغيدي,ابودغيدي
ابو دفيه,ابودفيه
ابو دقن,ابودقن
ابو دقه,ابودقه
ابو دقيقة,ابودقيقة
ابو دقيقه,ابودقيقه
ابو دلال,ابودلال
ابو دميس,ابودميس
ابو دنقل,ابودنقل
ابو دنيا,ابودنيا
ابو دهب,ابودهب
ابو دهينه,ابودهينه
ابو دوابه,ابودوابه
ابو دوح,ابودوح
ابو دور,ابودور
ابو دوره,ابودوره
ابو دومه,ابودومه
ابو دويب,ابودويب
ابو دياب,ابودياب
ابو ديب,ابوديب
ابو ديبة,ابوديبة
ابو ديبه,ابوديبه
ابو دية,ابودية
ابو ديغم,ابوديغم
ابو دينا,ابودينا
ابو ديه,ابوديه
ابو ديوان,ابوديوان
ابو ذر,ابوذر
ابو ذكرى,ابوذكرى
ابو ذكري,ابوذكري
ابو ذهب,ابوذهب
ابو ذور,ابوذور
ابو رابح,ابورابح
ابو رابيه,ابورابيه
ابو راجح,ابوراجح
ابو راس,ابوراس
ابو راسم,ابوراسم
ابو راشد,ابوراشد
ابو راضى,ابوراضى
ابو راضي,ابوراضي
ابو رافع,ابورافع
ابو رامه,ابورامه
ابو رامون,ابورامون
ابو راوى,ابوراوى
ابو رايبه,ابورايبه
ابو رايه,ابورايه
ابو ربع,ابوربع
ابو ربى,ابوربى
ابو ربيع,ابوربيع
ابو رجب,ابورجب
ابو رجل,ابورجل
ابو رجوح,ابورجوح
ابو رجيلة,ابورجيلة
ابو رجيله,ابورجيله
ابو رحاب,ابورحاب
ابو رحال,ابورحال
ابو رحامه,ابورحامه
ابو رحمة,ابورحمة
ابو رحمه,ابورحمه
ابو رحيم,ابورحيم
ابو رخا,ابورخا
ابو رخيصه,ابورخيصه
ابو ردن,ابوردن
ابو رده,ابورده
ابو رزق,ابورزق
ابو رزقه,ابورزقه
ابو رزه,ابورزه
ابو رسلان,ابورسلان
ابو رشيد,ابورشيد
ابو رضا,ابورضا
ابو رضوان,ابورضوان
ابو رعب,ابورعب
ابو رغيف,ابورغيف
ابو رفاعى,ابورفاعى
ابو رفاعي,ابورفاعي
ابو رقبان,ابورقبان
ابو رقية,ابورقية
ابو رقيقة,ابورقيقة
ابو رقيه,ابورقيه
ابو ركبة,ابوركبة
ابو ركبه,ابوركبه
ابو ركوه,ابوركوه
ابو ركيبة,ابوركيبة
ابو ركيبه,ابوركيبه
ابو رماد,ابورماد
ابو رمان,ابورمان
ابو رمانه,ابورمانه
ابو رمضان,ابورمضان
ابو رمية,ابورمية
ابو رميلة,ابورميلة
ابو رميله,ابورميله
ابو رهيف,ابورهيف
ابو رواش,ابورواش
ابو روضة,ابوروضة
ابو رومية,ابورومية
ابو روميه,ابوروميه
ابو رويحه,ابورويحه
ابو رى,ابورى
ابو ريا,ابوريا
ابو رياح,ابورياح
ابو ريان,ابوريان
ابو رية,ابورية
ابو ريحان,ابوريحان
ابو ريد,ابوريد
ابو ريده,ابوريده
ابو ريزه,ابوريزه
ابو ريشة,ابوريشة
ابو ريشه,ابوريشه
ابو ريه,ابوريه
ابو زارع,ابوزارع
ابو زامل,ابوزامل
ابو زاهر,ابوزاهر
ابو زاهيه,ابوزاهيه
ابو زايد,ابوزايد
ابو زايده,ابوزايده
ابو زبله,ابوزبله
ابو زبيده,ابوزبيده
ابو زر,ابوزر
ابو زراع,ابوزراع
ابو زرد,ابوزرد
ابو زرقتين,ابوزرقتين
ابو زريبه,ابوزريبه
ابو زعفان,ابوزعفان
ابو زعل,ابوزعل
ابو زعيمه,ابوزعيمه
ابو زغل,ابوزغل
ابو زغلي,ابوزغلي
ابو زقالى,ابوزقالى
ابو زقالي,ابوزقالي
ابو زكايب,ابوزكايب
ابو زكرى,ابوزكرى
ابو زكري,ابوزكري
ابو زلاط,ابوزلاط
ابو زلط,ابوزلط
ابو زمزم,ابوزمزم
ابو زناتى,ابوزناتى
ابو زنادة,ابوزنادة
ابو زنار,ابوزنار
ابو زنه,ابوزنه
ابو زهاد,ابوزهاد
ابو زهده,ابوزهده
ابو زهر,ابوزهر
ابو زهرة,ابوزهرة
ابو زهره,ابوزهره
ابو زهرى,ابوزهرى
ابو زهو,ابوزهو
ابو زوبع,ابوزوبع
ابو زور,ابوزور
ابو زويد,ابوزويد
ابو زويل,ابوزويل
ابو زوين,ابوزوين
ابو زى,ابوزى
ابو زي,ابوزي
ابو زيادة,ابوزيادة
ابو زياده,ابوزياده
ابو زيان,ابوزيان
ابو زيت,ابوزيت
ابو زيتحار,ابوزيتحار
ابو زيد,ابوزيد
ابوزيدعبدالفتاح,ابوزيد عبدالفتاح
ابو زيدابراهيم,ابوزيدابراهيم
ابو زيدابوصوار,ابوزيدابوصوار
ابو زيدامين,ابوزيدامين
ابو زيدان,ابوزيدان
ابو زيدة,ابوزيدة
ابو زيده,ابوزيده
ابو زين,ابوزين
ابو زينب,ابوزينب
ابو زينة,ابوزينة
ابو زينه,ابوزينه
ابو ساطور,ابوساطور
ابو ساطى,ابوساطى
ابو ساطي,ابوساطي
ابو سالم,ابوسالم
ابو سالمه,ابوسالمه
ابو سامان,ابوسامان
ابو سبع,ابوسبع
ابو سبعه,ابوسبعه
ابو سبيب,ابوسبيب
ابو سبيع,ابوسبيع
ابو ستة,ابوستة
ابو سته,ابوسته
ابو ستو,ابوستو
ابو ستيت,ابوستيت
ابو ستيتة,ابوستيتة
ابو ستيته,ابوستيته
ابو ستين,ابوستين
ابو سحلى,ابوسحلى
ابو سحلي,ابوسحلي
ابو سخرون,ابوسخرون
ابو سداح,ابوسداح
ابو سدر,ابوسدر
ابو سدير,ابوسدير
ابو سديرة,ابوسديرة
ابو سديره,ابوسديره
ابو سرارى,ابوسرارى
ابو سرحه,ابوسرحه
ابو سرور,ابوسرور
ابو سريع,ابوسريع
ابو سريه,ابوسريه
ابو سريوه,ابوسريوه
ابو سعد,ابوسعد
ابو سعدة,ابوسعدة
ابو سعده,ابوسعده
ابو سعدية,ابوسعدية
ابو سعديه,ابوسعديه
ابو سعودي,ابوسعودي
ابو سعيد,ابوسعيد
ابو سعيدة,ابوسعيدة
ابو سعيده,ابوسعيده
ابو سعيفة,ابوسعيفة
ابو سعيفه,ابوسعيفه
ابو سفيان,ابوسفيان
ابو سقاية,ابوسقاية
ابو سقايه,ابوسقايه
ابو سقيرة,ابوسقيرة
ابو سقيره,ابوسقيره
ابو سكر,ابوسكر
ابو سكين,ابوسكين
ابو سكينة,ابوسكينة
ابو سكينه,ابوسكينه
ابو سلام,ابوسلام
ابو سلامة,ابوسلامة
ابو سلامه,ابوسلامه
ابو سلطان,ابوسلطان
ابو سلطوح,ابوسلطوح
ابو سلمه,ابوسلمه
ابو سلمون,ابوسلمون
ابو سليم,ابوسليم
ابو سليمان,ابوسليمان
ابو سليمة,ابوسليمة
ابو سليمه,ابوسليمه
ابو سماحة,ابوسماحة
ابو سماحه,ابوسماحه
ابو سمرة,ابوسمرة
ابو سمره,ابوسمره
ابو سمرى,ابوسمرى
ابو سمك,ابوسمك
ابو سمهدانه,ابوسمهدانه
ابو سن,ابوسن
ابو سنة,ابوسنة
ابو سند,ابوسند
ابو سنه,ابوسنه
ابو سنون,ابوسنون
ابو سوده,ابوسوده
ابو سودى,ابوسودى
ابو سويد,ابوسويد
ابو سويف,ابوسويف
ابو سويلم,ابوسويلم
ابو سيد,ابوسيد
ابو سيدأحمد,ابوسيدأحمد
ابو سيداحمد,ابوسيداحمد
ابو سيدو,ابوسيدو
ابو سيف,ابوسيف
ابو سيفين,ابوسيفين
ابو شادى,ابوشادى
ابو شادي,ابوشادي
ابو شارب,ابوشارب
ابو شافع,ابوشافع
ابو شال,ابوشال
ابو شام,ابوشام
ابو شامة,ابوشامة
ابو شامه,ابوشامه
ابو شاميه,ابوشاميه
ابو شاهين,ابوشاهين
ابو شاور,ابوشاور
ابو شايبه,ابوشايبه
ابو شباك,ابوشباك
ابو شبانة,ابوشبانة
ابو شبانه,ابوشبانه
ابو شبايك,ابوشبايك
ابو شبك,ابوشبك
ابو شبكة,ابوشبكة
ابو شبكه,ابوشبكه
ابو شبيكه,ابوشبيكه
ابو شتى,ابوشتى
ابو شتية,ابوشتية
ابو شتيه,ابوشتيه
ابو شجاع,ابوشجاع
ابو شجر,ابوشجر
ابو شجره,ابوشجره
ابو شحاتة,ابوشحاتة
ابو شحاته,ابوشحاته
ابو شحاط,ابوشحاط
ابو شحمه,ابوشحمه
ابو شحيمه,ابوشحيمه
ابو شديد,ابوشديد
ابو شديدة,ابوشديدة
ابو شر,ابوشر
ابو شرارة,ابوشرارة
ابو شراره,ابوشراره
ابو شربى,ابوشربى
ابو شربي,ابوشربي
ابو شربينى,ابوشربينى
ابو شرخ,ابوشرخ
ابو شرديه,ابوشرديه
ابو شرف,ابوشرف
ابو شرق,ابوشرق
ابو شرقاوى,ابوشرقاوى
ابو شرمه,ابوشرمه
ابو شريبة,ابوشريبة
ابو شريحه,ابوشريحه
ابو شريده,ابوشريده
ابو شريف,ابوشريف
ابو شريفة,ابوشريفة
ابو شريفه,ابوشريفه
ابو شعبان,ابوشعبان
ابو شعر,ابوشعر
ابو شعرة,ابوشعرة
ابو شعره,ابوشعره
ابو شعلة,ابوشعلة
ابو شعله,ابوشعله
ابو شعيب,ابوشعيب
ابو شعير,ابوشعير
ابو شعيره,ابوشعيره
ابو شعيشع,ابوشعيشع
ابو شعيفه,ابوشعيفه
ابو شقرة,ابوشقرة
ابو شقره,ابوشقره
ابو شقفه,ابوشقفه
ابو شقه,ابوشقه
ابو شكر,ابوشكر
ابو شلال,ابوشلال
ابو شلباية,ابوشلباية
ابو شلبايه,ابوشلبايه
ابو شلبى,ابوشلبى
ابو شلبيه,ابوشلبيه
ابو شلش,ابوشلش
ابو شله,ابوشله
ابو شلهوب,ابوشلهوب
ابو شلوع,ابوشلوع
ابو شلوف,ابوشلوف
ابو شليب,ابوشليب
ابو شليتة,ابوشليتة
ابو شليته,ابوشليته
ابو شليف,ابوشليف
ابو شماله,ابوشماله
ابو شمر,ابوشمر
ابو شمس,ابوشمس
ابو شمعه,ابوشمعه
ابو شملة,ابوشملة
ابو شمله,ابوشمله
ابو شمه,ابوشمه
ابو شنادى,ابوشنادى
ابو شناف,ابوشناف
ابو شنب,ابوشنب
ابو شند,ابوشند
ابو شندى,ابوشندى
ابو شنه,ابوشنه
ابو شنى,ابوشنى
ابو شنيشن,ابوشنيشن
ابو شنيف,ابوشنيف
ابو شها,ابوشها
ابو شهاب,ابوشهاب
ابو شهاوى,ابوشهاوى
ابو شهبة,ابوشهبة
ابو شهبه,ابوشهبه
ابو شهده,ابوشهده
ابو شهلا,ابوشهلا
ابو شهله,ابوشهله
ابو شهيه,ابوشهيه
ابو شوارب,ابوشوارب
ابو شوالى,ابوشوالى
ابو شوالي,ابوشوالي
ابو شوشة,ابوشوشة
ابو شوشه,ابوشوشه
ابو شوفه,ابوشوفه
ابو شوق,ابوشوق
ابو شوك,ابوشوك
ابو شوم,ابوشوم
ابو شومر,ابوشومر
ابو شويكه,ابوشويكه
ابو شويه,ابوشويه
ابو شيت,ابوشيت
ابو شيته,ابوشيته
ابو شيحة,ابوشيحة
ابو شيخ,ابوشيخ
ابو شيخة,ابوشيخة
ابو شيخه,ابوشيخه
ابو شيلان,ابوشيلان
ابو صابر,ابوصابر
ابو صافى,ابوصافى
ابو صال,ابوصال
ابو صالح,ابوصالح
ابو صالحة,ابوصالحة
ابو صالحه,ابوصالحه
ابو صايمه,ابوصايمه
ابو صباح,ابوصباح
ابو صبح,ابوصبح
ابو صبره,ابوصبره
ابو صبيح,ابوصبيح
ابو صبيحة,ابوصبيحة
ابو صبيحه,ابوصبيحه
ابو صخرون,ابوصخرون
ابو صدر,ابوصدر
ابو صدقى,ابوصدقى
ابو صديره,ابوصديره
ابو صره,ابوصره
ابو صغير,ابوصغير
ابو صفية,ابوصفية
ابو صفيه,ابوصفيه
ابو صقر,ابوصقر
ابو صلاح,ابوصلاح
ابو صليب,ابوصليب
ابوصُليب,ابوصليب
ابو صمادة,ابوصمادة
ابو صماده,ابوصماده
ابو صندوق,ابوصندوق
ابو صهيون,ابوصهيون
ابو صوان,ابوصوان
ابو صوفه,ابوصوفه
ابو صيام,ابوصيام
ابو صير,ابوصير
ابو صيره,ابوصيره
ابو صيرى,ابوصيرى
ابو ضابية,ابوضابية
ابو ضاحى,ابوضاحى
ابو ضاهر,ابوضاهر
ابو ضاوى,ابوضاوى
ابو ضبة,ابوضبة
ابو ضبعان,ابوضبعان
ابو ضبه,ابوضبه
ابو ضحوه,ابوضحوه
ابو ضعن,ابوضعن
ابو ضلع,ابوضلع
ابو ضلمه,ابوضلمه
ابو ضهر,ابوضهر
ابو ضوه,ابوضوه
ابو ضياء,ابوضياء
ابو ضيف,ابوضيف
ابو طا,ابوطا
ابو طابيخ,ابوطابيخ
ابو طاجن,ابوطاجن
ابو طاحون,ابوطاحون
ابو طافش,ابوطافش
ابو طاقة,ابوطاقة
ابو طاقه,ابوطاقه
ابو طاقيه,ابوطاقيه
ابو طالب,ابوطالب
ابو طاهرة,ابوطاهرة
ابو طاهره,ابوطاهره
ابو طايش,ابوطايش
ابو طايع,ابوطايع
ابو طايل,ابوطايل
ابو طبل,ابوطبل
ابو طبلة,ابوطبلة
ابو طبيخ,ابوطبيخ
ابو طراد,ابوطراد
ابو طرفايه,ابوطرفايه
ابو طرفه,ابوطرفه
ابو طريف,ابوطريف
ابو طريه,ابوطريه
ابو طعيمه,ابوطعيمه
ابو طقيه,ابوطقيه
ابو طلاس,ابوطلاس
ابو طلب,ابوطلب
ابو طلبه,ابوطلبه
ابو طماعه,ابوطماعه
ابو طمر,ابوطمر
ابو طه,ابوطه
ابو طواله,ابوطواله
ابو طور,ابوطور
ابو طوق,ابوطوق
ابو طويط,ابوطويط
ابو طويلة,ابوطويلة
ابو طويله,ابوطويله
ابو طيبه,ابوطيبه
ابو طير,ابوطير
ابو طيره,ابوطيره
ابو ظريفه,ابوظريفه
ابو ظهره,ابوظهره
ابو عائشه,ابوعائشه
ابو عابد,ابوعابد
ابو عابده,ابوعابده
ابو عادى,ابوعادى
ابو عارف,ابوعارف
ابو عاشور,ابوعاشور
ابو عاصى,ابوعاصى
ابو عاصي,ابوعاصي
ابو عاطى,ابوعاطى
ابو عافية,ابوعافية
ابو عافيه,ابوعافيه
ابو عاقله,ابوعاقله
ابو عالية,ابوعالية
ابو عاليه,ابوعاليه
ابو عامر,ابوعامر
ابو عامرالصغير,ابوعامرالصغير
ابو عامريه,ابوعامريه
ابو عامود,ابوعامود
ابو عايد,ابوعايد
ابو عايشه,ابوعايشه
ابوعبــا,ابوعبا
ابو عباء,ابوعباء
ابو عباد,ابوعباد
ابو عباده,ابوعباده
ابو عبد اللـه,ابوعبدالله
ابو عبد الله,ابوعبدالله
ابو عبدالـلـه,ابوعبدالله
ابو عبدالـله,ابوعبدالله
ابو عبدالله,ابوعبدالله
ابوعبد الله,ابوعبدالله
ابوعبدالـلـه,ابوعبدالله
ابوعبدالـله,ابوعبدالله
ابوعبداللـه,ابوعبدالله
ابو عبدة,ابوعبدة
ابو عبده,ابوعبده
ابو عبدون,ابوعبدون
ابو عبسه,ابوعبسه
ابو عبل,ابوعبل
ابو عبلة,ابوعبلة
ابو عبية,ابوعبية
ابو عبيد,ابوعبيد
ابو عبيدة,ابوعبيدة
ابو عبيده,ابوعبيده
ابو عبيه,ابوعبيه
ابو عتاب,ابوعتاب
ابو عتاقى,ابوعتاقى
ابو عتله,ابوعتله
ابو عتمان,ابوعتمان
ابو عتيق,ابوعتيق
ابو عتيله,ابوعتيله
ابو عثمان,ابوعثمان
ابو عجاج,ابوعجاج
ابو عجاجة,ابوعجاجة
ابو عجاجه,ابوعجاجه
ابو عجب,ابوعجب
ابو عجبه,ابوعجبه
ابو عجل,ابوعجل
ابو عجلان,ابوعجلان
ابو عجلة,ابوعجلة
ابو عجله,ابوعجله
ابو عجم,ابوعجم
ابو عجمى,ابوعجمى
ابو عجوة,ابوعجوة
ابو عجور,ابوعجور
ابو عجوه,ابوعجوه
ابو عجيز,ابوعجيز
ابو عجيزة,ابوعجيزة
ابو عجيزه,ابوعجيزه
ابو عجيلة,ابوعجيلة
ابو عجيله,ابوعجيله
ابو عجين,ابوعجين
ابو عجينه,ابوعجينه
ابو عدب,ابوعدب
ابو عدس,ابوعدس
ابو عدسه,ابوعدسه
ابو عرابى,ابوعرابى
ابو عرابي,ابوعرابي
ابو عرام,ابوعرام
ابو عرايس,ابوعرايس
ابو عرب,ابوعرب
ابو عرفه,ابوعرفه
ابو عريان,ابوعريان
ابو عريبة,ابوعريبة
ابو عريش,ابوعريش
ابو عريشة,ابوعريشة
ابو عريشه,ابوعريشه
ابو عريض,ابوعريض
ابو عريضة,ابوعريضة
ابو عريضه,ابوعريضه
ابو عريف,ابوعريف
ابو عزازي,ابوعزازي
ابو عزام,ابوعزام
ابو عزبى,ابوعزبى
ابو عزة,ابوعزة
ابو عزيز,ابوعزيز
ابو عزيزة,ابوعزيزة
ابو عزيزه,ابوعزيزه
ابو عساكر,ابوعساكر
ابو عسران,ابوعسران
ابو عسكر,ابوعسكر
ابو عسكريه,ابوعسكريه
ابو عسل,ابوعسل
ابو عسله,ابوعسله
ابو عش,ابوعش
ابو عشماوى,ابوعشماوى
ابو عشيبة,ابوعشيبة
ابو عشيش,ابوعشيش
ابو عصا,ابوعصا
ابو عصب,ابوعصب
ابو عصر,ابوعصر
ابو عصوه,ابوعصوه
ابو عضمة,ابوعضمة
ابو عضمه,ابوعضمه
ابو عطا,ابوعطا
ابو عطا الله,ابوعطاالله
ابوعطا الله,ابوعطاالله
ابو عطالله,ابوعطالله
ابو عطايا,ابوعطايا
ابو عطوان,ابوعطوان
ابو عطى,ابوعطى
ابو عطية,ابوعطية
ابو عطيه,ابوعطيه
ابو عظمة,ابوعظمة
ابو عظمه,ابوعظمه
ابو عفر,ابوعفر
ابو عفش,ابوعفش
ابو عفصة,ابوعفصة
ابو عفصه,ابوعفصه
ابو عفيفى,ابوعفيفى
ابو عفيفي,ابوعفيفي
ابو عقادة,ابوعقادة
ابو عقدة,ابوعقدة
ابو عقده,ابوعقده
ابو عقر,ابوعقر
ابو عقرب,ابوعقرب
ابو عقل,ابوعقل
ابو عقله,ابوعقله
ابو عقيده,ابوعقيده
ابو عقيل,ابوعقيل
ابو عقيله,ابوعقيله
ابو عكاز,ابوعكاز
ابو عكر,ابوعكر
ابو علام,ابوعلام
ابو علامه,ابوعلامه
ابو علفة,ابوعلفة
ابو علفه,ابوعلفه
ابو علم,ابوعلم
ابو علو,ابوعلو
ابو علوان,ابوعلوان
ابو علوش,ابوعلوش
ابو علوه,ابوعلوه
ابو علويه,ابوعلويه
ابو على,ابوعلى
ابو علي,ابوعلي
ابو عليان,ابوعليان
ابو عليقه,ابوعليقه
ابو عليم,ابوعليم
ابو عليو,ابوعليو
ابو عليوه,ابوعليوه
ابو عمار,ابوعمار
ابو عمارة,ابوعمارة
ابو عماره,ابوعماره
ابو عماشة,ابوعماشة
ابو عماشه,ابوعماشه
ابو عماه,ابوعماه
ابو عمايم,ابوعمايم
ابو عمر,ابوعمر
ابو عمران,ابوعمران
ابو عمرة,ابوعمرة
ابو عمره,ابوعمره
ابو عمرو,ابوعمرو
ابو عمشه,ابوعمشه
ابو عمه,ابوعمه
ابو عمو,ابوعمو
ابو عموا,ابوعموا
ابو عموه,ابوعموه
ابو عميرة,ابوعميرة
ابو عميره,ابوعميره
ابوعميره--,ابوعميره
ابو عميش,ابوعميش
ابو عنانى,ابوعنانى
ابو عنب,ابوعنب
ابو عنبة,ابوعنبة
ابو عنبه,ابوعنبه
ابو عنزل,ابوعنزل
ابو عنزه,ابوعنزه
ابو عنيب,ابوعنيب
ابو عواجه,ابوعواجه
ابو عواض,ابوعواض
ابو عوده,ابوعوده
ابو عوش,ابوعوش
ابو عوض,ابوعوض
ابوعوض الله,ابوعوضالله
ابو عوف,ابوعوف
ابو عوكل,ابوعوكل
ابو عوم,ابوعوم
ابو عون,ابوعون
ابو عونه,ابوعونه
ابو عويشه,ابوعويشه
ابو عويضة,ابوعويضة
ابو عويضه,ابوعويضه
ابو عياد,ابوعياد
ابو عيار,ابوعيار
ابو عياشة,ابوعياشة
ابو عياشه,ابوعياشه
ابو عياط,ابوعياط
ابو عيال,ابوعيال
ابو عيانة,ابوعيانة
ابو عيانه,ابوعيانه
ابو عيانية,ابوعيانية
ابو عيد,ابوعيد
ابو عيده,ابوعيده
ابو عيسوى,ابوعيسوى
ابو عيسى,ابوعيسى
ابو عيسي,ابوعيسي
ابو عيش,ابوعيش
ابو عيشة,ابوعيشة
ابو عيشه,ابوعيشه
ابو عيطة,ابوعيطة
ابو عيطه,ابوعيطه
ابو عيله,ابوعيله
ابو عين,ابوعين
ابو غابه,ابوغابه
ابو غادير,ابوغادير
ابو غازى,ابوغازى
ابو غازي,ابوغازي
ابو غالب,ابوغالب
ابو غالمه,ابوغالمه
ابو غالون,ابوغالون
ابو غالى,ابوغالى
ابو غالي,ابوغالي
ابو غاليه,ابوغاليه
ابو غانم,ابوغانم
ابو غبن,ابوغبن
ابو غبيشه,ابوغبيشه
ابو غبينه,ابوغبينه
ابو غتفه,ابوغتفه
ابو غتمة,ابوغتمة
ابو غتمه,ابوغتمه
ابو غدير,ابوغدير
ابو غديه,ابوغديه
ابو غرارة,ابوغرارة
ابو غراره,ابوغراره
ابو غرام,ابوغرام
ابو غرامه,ابوغرامه
ابو غربية,ابوغربية
ابو غربيه,ابوغربيه
ابو غرفه,ابوغرفه
ابو غريب,ابوغريب
ابو غريبه,ابوغريبه
ابو غز,ابوغز
ابو غزالة,ابوغزالة
ابو غزاله,ابوغزاله
ابو غزه,ابوغزه
ابو غزيه,ابوغزيه
ابو غصيبة,ابوغصيبة
ابو غصيبه,ابوغصيبه
ابو غضبان,ابوغضبان
ابو غضه,ابوغضه
ابو غطاس,ابوغطاس
ابو غطفة,ابوغطفة
ابو غفيله,ابوغفيله
ابو غلاب,ابوغلاب
ابو غليون,ابوغليون
ابو غنا,ابوغنا
ابو غنام,ابوغنام
ابو غنايم,ابوغنايم
ابو غنيم,ابوغنيم
ابو غنيمة,ابوغنيمة
ابو غنيمه,ابوغنيمه
ابو غنيه,ابوغنيه
ابو غياتى,ابوغياتى
ابو غياض,ابوغياض
ابو غيته,ابوغيته
ابو غيده,ابوغيده
ابو غيط,ابوغيط
ابو فاتى,ابوفاتى
ابو فاخره,ابوفاخره
ابو فارس,ابوفارس
ابو فاس,ابوفاس
ابو فاضل,ابوفاضل
ابو فاطم,ابوفاطم
ابو فاطمة,ابوفاطمة
ابو فاطمه,ابوفاطمه
ابو فام,ابوفام
ابو فايد,ابوفايد
ابو فتيله,ابوفتيله
ابو فجور,ابوفجور
ابو فدان,ابوفدان
ابو فراج,ابوفراج
ابو فراخ,ابوفراخ
ابو فرج,ابوفرج
ابوفرج الله,ابوفرجالله
ابو فرد,ابوفرد
ابو فردة,ابوفردة
ابو فرقله,ابوفرقله
ابو فرو,ابوفرو
ابو فروه,ابوفروه
ابو فريخه,ابوفريخه
ابو فضه,ابوفضه
ابو فضيلة,ابوفضيلة
ابو فطوم,ابوفطوم
ابو فطيرة,ابوفطيرة
ابو فلفله,ابوفلفله
ابو فلوس,ابوفلوس
ابو فندود,ابوفندود
ابو فندور,ابوفندور
ابو فندى,ابوفندى
ابو فواكه,ابوفواكه
ابو فوده,ابوفوده
ابو فوز,ابوفوز
ابو فول,ابوفول
ابو فوله,ابوفوله
ابو في,ابوفي
ابو فيه,ابوفيه
ابو فيوض,ابوفيوض
ابو قادوس,ابوقادوس
ابو قادوم,ابوقادوم
ابو قاسم,ابوقاسم
ابو قالب,ابوقالب
ابو قاوي,ابوقاوي
ابو قايد,ابوقايد
ابو قباله,ابوقباله
ابو قبه,ابوقبه
ابو قتيله,ابوقتيله
ابو قحف,ابوقحف
ابو قديحه,ابوقديحه
ابو قربانه,ابوقربانه
ابو قربه,ابوقربه
ابو قرش,ابوقرش
ابو قرع,ابوقرع
ابو قرن,ابوقرن
ابو قروش,ابوقروش
ابو قرون,ابوقرون
ابو قريبه,ابوقريبه
ابو قرين,ابوقرين
ابو قشطه,ابوقشطه
ابو قصيبة,ابوقصيبة
ابو قصيبه,ابوقصيبه
ابو قصيصه,ابوقصيصه
ابو قفص,ابوقفص
ابو قفه,ابوقفه
ابو قلبين,ابوقلبين
ابو قله,ابوقله
ابو قماره,ابوقماره
ابو قمح,ابوقمح
ابو قمر,ابوقمر
ابو قميحة,ابوقميحة
ابو قميحه,ابوقميحه
ابو قنديل,ابوقنديل
ابو قنوع,ابوقنوع
ابو قورة,ابوقورة
ابو قوره,ابوقوره
ابو قوص,ابوقوص
ابو قوطة,ابوقوطة
ابو قوطه,ابوقوطه
ابو قيد,ابوقيد
ابو قير,ابوقير
ابو كاشف,ابوكاشف
ابو كامل,ابوكامل
ابو كامله,ابوكامله
ابو كبشة,ابوكبشة
ابو كبشه,ابوكبشه
ابو كبيرة,ابوكبيرة
ابو كتيعه,ابوكتيعه
ابو كثير,ابوكثير
ابو كحلة,ابوكحلة
ابو كحله,ابوكحله
ابو كحيل,ابوكحيل
ابو كحيله,ابوكحيله
ابو كرات,ابوكرات
ابو كرش,ابوكرش
ابو كرم,ابوكرم
ابو كريتة,ابوكريتة
ابو كريته,ابوكريته
ابو كريشة,ابوكريشة
ابو كريشه,ابوكريشه
ابو كريم,ابوكريم
ابو كريمة,ابوكريمة
ابو كريمه,ابوكريمه
ابو كساب,ابوكساب
ابو كشك,ابوكشك
ابو كشه,ابوكشه
ابو كفر,ابوكفر
ابو كل,ابوكل
ابو كلام,ابوكلام
ابو كلوب,ابوكلوب
ابو كليب,ابوكليب
ابو كليل,ابوكليل
ابو كليلة,ابوكليلة
ابو كليله,ابوكليله
ابو كمال,ابوكمال
ابو كمون,ابوكمون
ابو كنين,ابوكنين
ابو كوهيه,ابوكوهيه
ابو كيف,ابوكيف
ابو كيفه,ابوكيفه
ابو كيلة,ابوكيلة
ابو كيله,ابوكيله
ابو لابد,ابولابد
ابو لاشين,ابولاشين
ابو لبدة,ابولبدة
ابو لبده,ابولبده
ابو لبن,ابولبن
ابو لبهان,ابولبهان
ابو لطيعة,ابولطيعة
ابو لطيعه,ابولطيعه
ابو لعج,ابولعج
ابو لغا,ابولغا
ابو لماضه,ابولماضه
ابو لمون,ابولمون
ابو لمونه,ابولمونه
ابو ليصه,ابوليصه
ابو ليفه,ابوليفه
ابو ليلة,ابوليلة
ابو ليله,ابوليله
ابو ليلى,ابوليلى
ابو ليمون,ابوليمون
ابو ليمونه,ابوليمونه
ابو ماجد,ابوماجد
ابو مازن,ابومازن
ابو ماضى,ابوماضى
ابو مايله,ابومايله
ابو مبارك,ابومبارك
ابو مجاهد,ابومجاهد
ابو مجلى,ابومجلى
ابو محجوب,ابومحجوب
ابو محرم,ابومحرم
ابو محضية,ابومحضية
ابو محمد,ابومحمد
ابو محمود,ابومحمود
ابو مخلوف,ابومخلوف
ابو مخيمر,ابومخيمر
ابو مدين,ابومدين
ابو مراد,ابومراد
ابو مرسى,ابومرسى
ابو مرعى,ابومرعى
ابو مرعي,ابومرعي
ابو مرق,ابومرق
ابو مره,ابومره
ابو مريكب,ابومريكب
ابو مساعد,ابومساعد
ابو مسامح,ابومسامح
ابو مسعده,ابومسعده
ابو مسلم,ابومسلم
ابو مشعال,ابومشعال
ابو مشفه,ابومشفه
ابو مصطفى,ابومصطفى
ابو مصطفي,ابومصطفي
ابو مضاوى,ابومضاوى
ابو مضاوي,ابومضاوي
ابو مضلم,ابومضلم
ابو مطر,ابومطر
ابو معاطى,ابومعاطى
ابو معالى,ابومعالى
ابو معبد,ابومعبد
ابو معزه,ابومعزه
ابو مغربة,ابومغربة
ابو مكى,ابومكى
ابو مكي,ابومكي
ابو ملحه,ابوملحه
ابو ملوة,ابوملوة
ابو ملوه,ابوملوه
ابو مليح,ابومليح
ابو منا,ابومنا
ابو منجل,ابومنجل
ابو منجود,ابومنجود
ابو مندور,ابومندور
ابو مندورالسيد,ابومندورالسيد
ابو منديل,ابومنديل
ابو منصور,ابومنصور
ابو منصورة,ابومنصورة
ابو منصوره,ابومنصوره
ابو منظور,ابومنظور
ابو منه,ابومنه
ابو منيفى,ابومنيفى
ابو مهادى,ابومهادى
ابو مهدى,ابومهدى
ابو مهرة,ابومهرة
ابو مهره,ابومهره
ابو موافى,ابوموافى
ابو موته,ابوموته
ابو موسى,ابوموسى
ابو موسي,ابوموسي
ابو مى,ابومى
ابو مية,ابومية
ابو ميجنه,ابوميجنه
ابو ميرة,ابوميرة
ابو ميره,ابوميره
ابو ميسه,ابوميسه
ابو ميه,ابوميه
ابو ناب,ابوناب
ابو نابت,ابونابت
ابو ناجى,ابوناجى
ابو ناجي,ابوناجي
ابو نادى,ابونادى
ابو نار,ابونار
ابو نازل,ابونازل
ابو ناسو,ابوناسو
ابو ناشى,ابوناشى
ابو ناصر,ابوناصر
ابو ناصف,ابوناصف
ابو ناعم,ابوناعم
ابو نافع,ابونافع
ابو نافعه,ابونافعه
ابو ناموس,ابوناموس
ابو نايل,ابونايل
ابو نبشه,ابونبشه
ابو نبوت,ابونبوت
ابو نجا,ابونجا
ابو نجاح,ابونجاح
ابو نجله,ابونجله
ابو نجم,ابونجم
ابو نجيله,ابونجيله
ابو ندا,ابوندا
ابو نده,ابونده
ابو نشابة,ابونشابة
ابو نشابه,ابونشابه
ابو نشار,ابونشار
ابو نشوق,ابونشوق
ابو نصر,ابونصر
ابونصر الدين,ابونصرالدين
ابو نصره,ابونصره
ابو نصير,ابونصير
ابو نعامه,ابونعامه
ابو نعمان,ابونعمان
ابو نعمة,ابونعمة
ابو نعمه,ابونعمه
ابو نعناعه,ابونعناعه
ابو نعيم,ابونعيم
ابو نعيمة,ابونعيمة
ابو نعيمه,ابونعيمه
ابو نفس,ابونفس
ابو نقايه,ابونقايه
ابو نقحه,ابونقحه
ابو نمر,ابونمر
ابو نمشه,ابونمشه
ابو نوارج,ابونوارج
ابو نواره,ابونواره
ابو نوح,ابونوح
ابو نور,ابونور
ابو نوفل,ابونوفل
ابو نويش,ابونويش
ابو نويصر,ابونويصر
ابو نيل,ابونيل
ابو هادر,ابوهادر
ابو هارون,ابوهارون
ابو هاشم,ابوهاشم
ابو هاشيمه,ابوهاشيمه
ابو هانم,ابوهانم
ابو هانى,ابوهانى
ابو هبالة,ابوهبالة
ابو هباله,ابوهباله
ابو هبره,ابوهبره
ابو هبل,ابوهبل
ابو هبه,ابوهبه
ابو هبير,ابوهبير
ابو هجار,ابوهجار
ابو هجم,ابوهجم
ابو هجينه,ابوهجينه
ابو هدب,ابوهدب
ابو هدمه,ابوهدمه
ابو هديبة,ابوهديبة
ابو هديبه,ابوهديبه
ابو هدية,ابوهدية
ابو هديمه,ابوهديمه
ابو هديه,ابوهديه
ابو هراس,ابوهراس
ابو هرج,ابوهرج
ابو هرجة,ابوهرجة
ابو هرجه,ابوهرجه
ابو هريرة,ابوهريرة
ابو هريره,ابوهريره
ابو هشام,ابوهشام
ابو هشهش,ابوهشهش
ابو هشيمة,ابوهشيمة
ابو هشيمه,ابوهشيمه
ابو هلال,ابوهلال
ابو هلالى,ابوهلالى
ابو هلاوه,ابوهلاوه
ابو هليل,ابوهليل
ابو همام,ابوهمام
ابو هميله,ابوهميله
ابو هنا,ابوهنا
ابو هنتش,ابوهنتش
ابو هند,ابوهند
ابو هنداوي,ابوهنداوي
ابو هنده,ابوهنده
ابو هندى,ابوهندى
ابو هندي,ابوهندي
ابو هندية,ابوهندية
ابو هنديه,ابوهنديه
ابو هنطش,ابوهنطش
ابو هنه,ابوهنه
ابو هواش,ابوهواش
ابو هوجر,ابوهوجر
ابو هوله,ابوهوله
ابو هويدى,ابوهويدى
ابو هويدي,ابوهويدي
ابو هيب,ابوهيب
ابو هيبة,ابوهيبة
ابو هيبه,ابوهيبه
ابو هيسة,ابوهيسة
ابو هيسه,ابوهيسه
ابو هيش,ابوهيش
ابو هيف,ابوهيف
ابو هيكل,ابوهيكل
ابو وادى,ابووادى
ابو وازن,ابووازن
ابو واصل,ابوواصل
ابو وافى,ابووافى
ابو وافية,ابووافية
ابو وافيه,ابووافيه
ابو والى,ابووالى
ابو وحش,ابووحش
ابو وداعه,ابووداعه
ابو ودح,ابوودح
ابو ودن,ابوودن
ابو ورد,ابوورد
ابو وردة,ابووردة
ابو ورده,ابوورده
ابو ورك,ابوورك
ابو وسع,ابووسع
ابو وطفه,ابووطفه
ابو وفا,ابووفا
ابو وهدان,ابووهدان
ابو ويله,ابوويله
ابو ياسين,ابوياسين
ابو يحى,ابويحى
ابو يحي,ابويحي
ابو يحيا,ابويحيا
ابو يحيى,ابويحيى
ابو يحيي,ابويحيي
ابو يدك,ابويدك
ابو يمامه,ابويمامه
ابو يمن,ابويمن
ابو يوسف,ابويوسف
ابو يونس,ابويونس
ابى ابراهيم,ابىابراهيم
ابى احمد,ابىاحمد
ابى اسلام,ابىاسلام
ابى الحسن,ابىالحسن
ابى الدار,ابىالدار
ابى الدرداء,ابىالدرداء
ابى الدردار,ابىالدردار
ابى الشامات,ابىالشامات
ابى الضيم,ابىالضيم
ابى الفتوح,ابىالفتوح
ابى ايمن,ابىايمن
ابى بكر,ابىبكر
ابى تامر,ابىتامر
ابى راشد,ابىراشد
ابى سفيان,ابىسفيان
ابى سفين,ابىسفين
ابى سناء,ابىسناء
ابى طارق,ابىطارق
ابى طالب,ابىطالب
ابى عصام,ابىعصام
ابى عمار,ابىعمار
ابى عمر,ابىعمر
ابى محمد,ابىمحمد
ابى محمود,ابىمحمود
ابى مروان,ابىمروان
ابى هيثم,ابىهيثم
ابى ياسر,ابىياسر
ابي بكر,ابيبكر
ابي علي,ابيعلي
اتمام الدين,اتمامالدين
ا حمد,احمد
احــمــد,احمد
احمد.,احمد
احمد_x000D_,احمد
احمـد,احمد
احمــد,احمد
احمـــد,احمد
احمـــــد,احمد
ْاحمد,احمد
احمدإبراهيم,احمد إبراهيم
احمدابراهيم,احمد ابراهيم
احمدابواحمد,احمد ابواحمد
احمدابوالخير,احمد ابوالخير
احمدابوالسعد,احمد ابوالسعد
احمدابوالسعود,احمد ابوالسعود
احمدابوالعزم,احمد ابوالعزم
احمدابوالعلا,احمد ابوالعلا
احمدابوالعنين,احمد ابوالعنين
احمدابوالعيد,احمد ابوالعيد
احمدابوالمجد,احمد ابوالمجد
احمدابوالمعاطى,احمد ابوالمعاطى
احمدابوالوفا,احمد ابوالوفا
احمدابواليزيد,احمد ابواليزيد
احمدابواليسر,احمد ابواليسر
احمدابوحمده,احمد ابوحمده
احمدابوزهره,احمد ابوزهره
احمدابوزيد,احمد ابوزيد
احمدابوعيلة,احمد ابوعيلة
احمدابوغياض,احمد ابوغياض
احمدابوفاخره,احمد ابوفاخره
احمدابوفول,احمد ابوفول
احمداحمد,احمد احمد
احمدادريس,احمد ادريس
احمداسكندر,احمد اسكندر
احمداسماعيل,احمد اسماعيل
احمداشرف,احمد اشرف
احمدالامير,احمد الامير
احمدالباز,احمد الباز
احمدالبدوى,احمد البدوى
احمدالبسيونى,احمد البسيونى
احمدالبنا,احمد البنا
احمدالبيومى,احمد البيومى
احمدالتهامى,احمد التهامى
احمدالجمل,احمد الجمل
احمدالجندى,احمد الجندى
احمدالجوهرى,احمد الجوهرى
احمدالحداد,احمد الحداد
احمدالحنفى,احمد الحنفى
احمدالخولى,احمد الخولى
احمدالدسوقى,احمد الدسوقى
احمدالديب,احمد الديب
احمدالرفاعى,احمد الرفاعى
احمدالسقا,احمد السقا
احمدالشاذلى,احمد الشاذلى
احمدالشاعر,احمد الشاعر
احمدالشافعى,احمد الشافعى
احمدالشامى,احمد الشامى
احمدالشبراوى,احمد الشبراوى
احمدالشحات,احمد الشحات
احمدالشربينى,احمد الشربينى
احمدالشرقاوى,احمد الشرقاوى
احمدالشريف,احمد الشريف
احمدالشناوى,احمد الشناوى
احمدالشيخ,احمد الشيخ
احمدالصادق,احمد الصادق
احمدالصاوى,احمد الصاوى
احمدالصباغ,احمد الصباغ
احمدالصعيدى,احمد الصعيدى
احمدالصياد,احمد الصياد
احمدالطاهر,احمد الطاهر
احمدالطنطاوى,احمد الطنطاوى
احمدالطيب,احمد الطيب
احمدالعربى,احمد العربى
احمدالعزب,احمد العزب
احمدالعشرى,احمد العشرى
احمدالعطار,احمد العطار
احمدالعوضى,احمد العوضى
احمدالعيسوى,احمد العيسوى
احمدالفقى,احمد الفقى
احمدالقاضى,احمد القاضى
احمدالليثى,احمد الليثى
احمدالمرسى,احمد المرسى
احمدالمصرى,احمد المصرى
احمدالمهدى,احمد المهدى
احمدالنجار,احمد النجار
احمدالوكيل,احمد الوكيل
احمدامام,احمد امام
احمدامبابى,احمد امبابى
احمدامين,احمد امين
احمدانور,احمد انور
احمدايوب,احمد ايوب
احمدبدر,احمد بدر
احمدبدوى,احمد بدوى
احمدبركات,احمد بركات
احمدبسيونى,احمد بسيونى
احمدبسيوني,احمد بسيوني
احمدبكر,احمد بكر
احمدبيومي,احمد بيومي
احمدتوفيق,احمد توفيق
احمدجابر,احمد جابر
احمدجاد,احمد جاد
احمدجعفر,احمد جعفر
احمدجمال,احمد جمال
احمدجمعه,احمد جمعه
احمدجوهر,احمد جوهر
احمدحافظ,احمد حافظ
احمدحامد,احمد حامد
احمدحجاج,احمد حجاج
احمدحجازى,احمد حجازى
احمدحجازي,احمد حجازي
احمدحسان,احمد حسان
احمدحسانين,احمد حسانين
احمدحسن,احمد حسن
احمدحسنى,احمد حسنى
احمدحسنين,احمد حسنين
احمدحسين,احمد حسين
احمدحلمى,احمد حلمى
احمدحماد,احمد حماد
احمدحماده,احمد حماده
احمدحمزه,احمد حمزه
احمدحموده,احمد حموده
احمدخضر,احمد خضر
احمدخطاب,احمد خطاب
احمدخلاف,احمد خلاف
احمدخلف,احمد خلف
احمدخليفة,احمد خليفة
احمدخليفه,احمد خليفه
احمدخليل,احمد خليل
احمدخميس,احمد خميس
احمددرويش,احمد درويش
احمددنيا,احمد دنيا
احمددياب,احمد دياب
احمدذكى,احمد ذكى
احمدرأفت,احمد رأفت
احمدربيع,احمد ربيع
احمدرجب,احمد رجب
احمدرزق,احمد رزق
احمدرشوان,احمد رشوان
احمدرضوان,احمد رضوان
احمدرفاعى,احمد رفاعى
احمدرمزى,احمد رمزى
احمدرمضان,احمد رمضان
احمدزايد,احمد زايد
احمدزكريا,احمد زكريا
احمدزهران,احمد زهران
احمدسالم,احمد سالم
احمدسالمان,احمد سالمان
احمدسراج,احمد سراج
احمدسعد,احمد سعد
احمدسلامه,احمد سلامه
احمدسلطان,احمد سلطان
احمدسليم,احمد سليم
احمدسليمان,احمد سليمان
احمدسويلم,احمد سويلم
احمدسيد,احمد سيد
احمدسيداحمد,احمد سيداحمد
احمدشاهين,احمد شاهين
احمدشحاتة,احمد شحاتة
احمدشحاته,احمد شحاته
احمدشرف,احمد شرف
احمدشريف,احمد شريف
احمدشعبان,احمد شعبان
احمدشلبى,احمد شلبى
احمدشوقى,احمد شوقى
احمدصابر,احمد صابر
احمدصادق,احمد صادق
احمدصالح,احمد صالح
احمدصبرى,احمد صبرى
احمدصفوت,احمد صفوت
احمدصلاح,احمد صلاح
احمدصيام,احمد صيام
احمدطلب,احمد طلب
احمدطلبه,احمد طلبه
احمدطلعت,احمد طلعت
احمدطنطاوى,احمد طنطاوى
احمدعادل,احمد عادل
احمدعامر,احمد عامر
احمدعباس,احمد عباس
احمدعبدالباعث,احمد عبدالباعث
احمدعبدالباقي,احمد عبدالباقي
احمدعبدالجليل,احمد عبدالجليل
احمدعبدالحافظ,احمد عبدالحافظ
احمدعبدالحفيظ,احمد عبدالحفيظ
احمدعبدالحميد,احمد عبدالحميد
احمدعبدالحي,احمد عبدالحي
احمدعبدالخالق,احمد عبدالخالق
احمدعبدالرؤف,احمد عبدالرؤف
احمدعبدالرازق,احمد عبدالرازق
احمدعبدالرحيم,احمد عبدالرحيم
احمدعبدالسلام,احمد عبدالسلام
احمدعبدالسميع,احمد عبدالسميع
احمدعبدالصمد,احمد عبدالصمد
احمدعبدالطيف,احمد عبدالطيف
احمدعبدالعاطى,احمد عبدالعاطى
احمدعبدالعاطي,احمد عبدالعاطي
احمدعبدالعال,احمد عبدالعال
احمدعبدالعزيز,احمد عبدالعزيز
احمدعبدالعظيم,احمد عبدالعظيم
احمدعبدالفتاح,احمد عبدالفتاح
احمدعبدالقادر,احمد عبدالقادر
احمدعبدالقوى,احمد عبدالقوى
احمدعبداللا,احمد عبداللا
احمدعبداللاه,احمد عبداللاه
احمدعبداللطيف,احمد عبداللطيف
احمدعبدالمؤمن,احمد عبدالمؤمن
احمدعبدالمجيد,احمد عبدالمجيد
احمدعبدالمعبود,احمد عبدالمعبود
احمدعبدالمعطى,احمد عبدالمعطى
احمدعبدالمقصود,احمد عبدالمقصود
احمدعبدالمنعم,احمد عبدالمنعم
احمدعبدالنعيم,احمد عبدالنعيم
احمدعبدالواحد,احمد عبدالواحد
احمدعبدالوهاب,احمد عبدالوهاب
احمدعبده,احمد عبده
احمدعبيد,احمد عبيد
احمدعثمان,احمد عثمان
احمدعدلى,احمد عدلى
احمدعرابى,احمد عرابى
احمدعربى,احمد عربى
احمدعرفات,احمد عرفات
احمدعرفه,احمد عرفه
احمدعزام,احمد عزام
احمدعزت,احمد عزت
احمدعشرى,احمد عشرى
احمدعطا,احمد عطا
احمدعطية,احمد عطية
احمدعطيه,احمد عطيه
احمدعفيفى,احمد عفيفى
احمدعلاء,احمد علاء
احمدعلام,احمد علام
احمدعلوان,احمد علوان
احمدعلى,احمد على
احمدعلي,احمد علي
احمدعليان,احمد عليان
احمدعمار,احمد عمار
احمدعماره,احمد عماره
احمدعمر,احمد عمر
احمدعمران,احمد عمران
احمدعمرو,احمد عمرو
احمدعواد,احمد عواد
احمدعوض,احمد عوض
احمدعويضه,احمد عويضه
احمدعيد,احمد عيد
احمدعيسوى,احمد عيسوى
احمدعيسى,احمد عيسى
احمدعيسي,احمد عيسي
احمدغازى,احمد غازى
احمدغالى,احمد غالى
احمدغانم,احمد غانم
احمدغريب,احمد غريب
احمدغنيم,احمد غنيم
احمدفؤاد,احمد فؤاد
احمدفاضل,احمد فاضل
احمدفايد,احمد فايد
احمدفتوح,احمد فتوح
احمدفخرى,احمد فخرى
احمدفرج,احمد فرج
احمدفرحات,احمد فرحات
احمدفرغلى,احمد فرغلى
احمدفريد,احمد فريد
احمدفهمى,احمد فهمى
احمدفيصل,احمد فيصل
احمدقطب,احمد قطب
احمدقنديل,احمد قنديل
احمدكامل,احمد كامل
احمدكريم,احمد كريم
احمدكمال,احمد كمال
احمدكيلانى,احمد كيلانى
احمدلطفى,احمد لطفى
احمدلطفي,احمد لطفي
احمدماضى,احمد ماضى
احمدماهر,احمد ماهر
احمدمبارك,احمد مبارك
احمدمتولى,احمد متولى
احمدمتولي,احمد متولي
احمدمجاهد,احمد مجاهد
احمدمجدى,احمد مجدى
احمدمحسن,احمد محسن
احمدمحمد,احمد محمد
احمدمحمود,احمد محمود
احمدمخلوف,احمد مخلوف
احمدمراد,احمد مراد
احمدمرسى,احمد مرسى
احمدمصطفى,احمد مصطفى
احمدمصطفي,احمد مصطفي
احمدمطر,احمد مطر
احمدمعوض,احمد معوض
احمدمفتاح,احمد مفتاح
احمدمنصور,احمد منصور
احمدمهدى,احمد مهدى
احمدمهران,احمد مهران
احمدمهنى,احمد مهنى
احمدموسى,احمد موسى
احمدموسي,احمد موسي
احمدناصر,احمد ناصر
احمدناصف,احمد ناصف
احمدنجم,احمد نجم
احمدندا,احمد ندا
احمدنسيم,احمد نسيم
احمدنصار,احمد نصار
احمدنوح,احمد نوح
احمدهاشم,احمد هاشم
احمدهدى,احمد هدى
احمدهريدى,احمد هريدى
احمدهلال,احمد هلال
احمدهمام,احمد همام
احمدهنداوى,احمد هنداوى
احمدهيكل,احمد هيكل
احمديوسف,احمد يوسف
احمديونس,احمد يونس
احمد الدين,احمدالدين
احمد السيد,احمدالسيد
احمد الله,احمدالله
احمدحسب النبي,احمدحسبالنبي
احمد زين الدين,احمدزينالدين
احمد سيف الدين,احمدسيفالدين
احمدسيف الدين,احمدسيفالدين
احمدشرف الدين,احمدشرفالدين
احمد شمس الدين,احمدشمسالدين
احمدشمس الدين,احمدشمسالدين
احمد صلاح الدين,احمدصلاحالدين
احمدصلاح الدين,احمدصلاحالدين
احمد.عبد,احمدعبد
احمدعبد الحق,احمدعبدالحق
احمدعبد الحليم,احمدعبدالحليم
احمدعبد الرحمن,احمدعبدالرحمن
احمدعبد الــله,احمدعبدالله
احمدعبد الله,احمدعبدالله
احمدعبدالــله,احمدعبدالله
احمدعبداللـه,احمدعبدالله
احمدعبد المولى,احمدعبدالمولى
احمدعبد النبى,احمدعبدالنبى
احمدعبد الهادى,احمدعبدالهادى
احمدعبد ربه,احمدعبدربه
احمد عز الدين,احمدعزالدين
احمدعطا الله,احمدعطاالله
احمد علم الدين,احمدعلمالدين
احمدعلم الدين,احمدعلمالدين
احمد على الدين,احمدعلىالدين
احمد علي الدين,احمدعليالدين
احمدعمرنور الدين,احمدعمرنورالدين
احمدعوض الله,احمدعوضالله
احمد فخر الدين,احمدفخرالدين
احمدكمال الدين,احمدكمالالدين
احمد محى الدين,احمدمحىالدين
احمدمفتاح الدين,احمدمفتاحالدين
احمد نصر الدين,احمدنصرالدين
احمد نور الدين,احمدنورالدين
احياء الدين,احياءالدين
ا دم,ادم
اَدم,ادم
اّدم,ادم
ار ميا,ارميا
ارميـا,ارميا
اّروى,اروى
اسام الدين,اسامالدين
اسـامة,اسامة
اســامـــة,اسامة
اسد الدين,اسدالدين
اسد الله,اسدالله
اسرائـيـل,اسرائيل
اسعدابراهيم,اسعد ابراهيم
اسكندرسعد,اسكندر سعد
اسكندرعطيه,اسكندر عطيه
اٍسلام,اسلام
اسلام الدين,اسلامالدين
اسمـاء,اسماء
اسماء الله,اسماءالله
اسـماعـيـل,اسماعيل
اسـماعيل,اسماعيل
اسمـاعيل,اسماعيل
اٍسماعيل,اسماعيل
اسماعيل علم الدين,اسماعيلعلمالدين
اسماعيل على الدين,اسماعيلعلىالدين
اسيـل,اسيل
اش الله,اشالله
اشـرف,اشرف
اشــرف,اشرف
اشرف على الدين,اشرفعلىالدين
اصاله الدين,اصالهالدين
اظهار الحق,اظهارالحق
اعبيد الله,اعبيدالله
افضال الدين,افضالالدين
افـكـار,افكار
اكرام الدين,اكرامالدين
اكـرم,اكرم
اكمل الدين,اكملالدين
الأ ز عر,الأزعر
الأ عسر,الأعسر
الأمـيـر,الأمير
ا لاء,الاء
الا ء,الاء
الاّء,الاء
اًلاء,الاء
اٌلاء,الاء
اّلاء,الاء
ٌالاء,الاء
الاء الرحمن,الاءالرحمن
الاء الله,الاءالله
الاباصيرى علم الدين,الاباصيرىعلمالدين
الاحـول,الاحول
الاسـد,الاسد
الا سرج,الاسرج
الا غبش,الاغبش
الالـفـى,الالفى
الالفى علم الدين,الالفىعلمالدين
الامام صلاح الدين,الامامصلاحالدين
الاميرأحمد,الامير أحمد
الاميرابراهيم,الامير ابراهيم
الاميرحسين,الامير حسين
الاميرعلي,الامير علي
الاميرمحمد,الامير محمد
الاميرعبد الله,الاميرعبدالله
البازابراهيم,الباز ابراهيم
البازاحمد,الباز احمد
البازعطيه,الباز عطيه
البازعلي,الباز علي
البازمحمد,الباز محمد
البدر الدين,البدرالدين
الـبـربـرى,البربرى
الـبـرعـى,البرعى
البرلسـى,البرلسى
البـرماوى,البرماوى
البشلاَوى,البشلاوى
البص‏,البص
البقــري,البقري
البقيـرى,البقيرى
البلتاجى جمال الدين,البلتاجىجمالالدين
البلشـى,البلشى
البيتـى,البيتى
الـثـلـث,الثلث
الجارحى محى الدين,الجارحىمحىالدين
الجافـى,الجافى
الجـدى,الجدى
الـجروانـى,الجروانى
الجمسـى,الجمسى
الجـنـدى,الجندى
الجنّه,الجنه
الـحـاوى,الحاوى
الحبيبـى,الحبيبى
الحـداد,الحداد
الحسينـى,الحسينى
الحصـرى,الحصرى
الحضريّه,الحضريه
الحفنـى,الحفنى
الـحلـيـم,الحليم
الحمد لله,الحمدالله
الحمد نور الدين,الحمدنورالدين
الحنــاوي,الحناوي
الحنفـى,الحنفى
الـدحـن,الدحن
الـددموني,الددموني
الـدرى,الدرى
الدسوقى على الدين,الدسوقىعلىالدين
الدسوقى نور الدين,الدسوقىنورالدين
الدعدر‏,الدعدر
الـدقـر,الدقر
الـديـب,الديب
الـديـن,الدين
الـدين,الدين
الذهبـى,الذهبى
الرجـال,الرجال
الردينـى,الردينى
الزبيرشمس الدين,الزبيرشمسالدين
الز نا تي,الزناتي
الـزهراء,الزهراء
الزين صفى الدين,الزينصفىالدين
السادات بالله,الساداتبالله
الـسـعـران,السعران
السعيـد,السعيد
السعيدابراهيم,السعيد ابراهيم
السعيدابوريه,السعيد ابوريه
السعيداحمد,السعيد احمد
السعيدحسن,السعيد حسن
السعيدرمضان,السعيد رمضان
السعيدسعد,السعيد سعد
السعيدعبدالفتاح,السعيد عبدالفتاح
السعيدعبدالمنعم,السعيد عبدالمنعم
السعيدعطية,السعيد عطية
السعيدعلى,السعيد على
السعيدفتحى,السعيد فتحى
السعيدمحمد,السعيد محمد
السعيدمحمود,السعيد محمود
السعيديوسف,السعيد يوسف
السعيد عابدين,السعيدعابدين
السعيدعبد اللـه,السعيدعبدالله
السعيدعبد الله,السعيدعبدالله
السعيدعبداللـه,السعيدعبدالله
السعيدعبد ربه,السعيدعبدربه
السعيد علم الدين,السعيدعلمالدين
السعيد محى الدين,السعيدمحىالدين
الـسلحدار,السلحدار
الســيد,السيد
السـيد,السيد
السـيـد,السيد
السيد.,السيد
السيد_x000D_,السيد
السيـد,السيد
الـسـيـد,السيد
الـسيد,السيد
السيدأبوسالم,السيد أبوسالم
السيدأبوسنه,السيد أبوسنه
السيدأحمد,السيد أحمد
السيدإبراهيم,السيد إبراهيم
السيدابراهيم,السيد ابراهيم
السيدابواسماعيل,السيد ابواسماعيل
السيدابوالخير,السيد ابوالخير
السيدابوالعلا,السيد ابوالعلا
السيدابوالفتح,السيد ابوالفتح
السيدابوالفتوح,السيد ابوالفتوح
السيدابوجهل,السيد ابوجهل
السيدابوخطوه,السيد ابوخطوه
السيدابوريشه,السيد ابوريشه
السيدابوزيد,السيد ابوزيد
السيدابوعبده,السيد ابوعبده
السيدابوغزاله,السيد ابوغزاله
السيدابوقوره,السيد ابوقوره
السيدابوهاشم,السيد ابوهاشم
السيداحمد,السيد احمد
السيداسماعيل,السيد اسماعيل
السيدالامام,السيد الامام
السيدالبدوى,السيد البدوى
السيدالبنا,السيد البنا
السيدالبيومى,السيد البيومى
السيدالجزار,السيد الجزار
السيدالجمل,السيد الجمل
السيدالجندى,السيد الجندى
السيدالجوهرى,السيد الجوهرى
السيدالحداد,السيد الحداد
السيدالحسينى,السيد الحسينى
السيدالحنفى,السيد الحنفى
السيدالرفاعى,السيد الرفاعى
السيدالشاذلى,السيد الشاذلى
السيدالشاعر,السيد الشاعر
السيدالشبراوى,السيد الشبراوى
السيدالشحات,السيد الشحات
السيدالشربينى,السيد الشربينى
السيدالشرقاوى,السيد الشرقاوى
السيدالشناوى,السيد الشناوى
السيدالشيخ,السيد الشيخ
السيدالطيب,السيد الطيب
السيدالعبد,السيد العبد
السيدالعدوى,السيد العدوى
السيدالعربى,السيد العربى
السيدالعشرى,السيد العشرى
السيدالعطار,السيد العطار
السيدالمتولى,السيد المتولى
السيدالمصرى,السيد المصرى
السيدالنجار,السيد النجار
السيدالنحاس,السيد النحاس
السيدامام,السيد امام
السيدامين,السيد امين
السيدانور,السيد انور
السيدبخيت,السيد بخيت
السيدبدر,السيد بدر
السيدبدوى,السيد بدوى
السيدبكر,السيد بكر
السيدبيومى,السيد بيومى
السيدجابر,السيد جابر
السيدجاد,السيد جاد
السيدجمال,السيد جمال
السيدجمعه,السيد جمعه
السيدجودة,السيد جودة
السيدحامد,السيد حامد
السيدحجاج,السيد حجاج
السيدحسانين,السيد حسانين
السيدحسن,السيد حسن
السيدحسين,السيد حسين
السيدحفنى,السيد حفنى
السيدحماد,السيد حماد
السيدخضر,السيد خضر
السيدخطاب,السيد خطاب
السيدخلف,السيد خلف
السيدخليل,السيد خليل
السيدخميس,السيد خميس
السيددرويش,السيد درويش
السيددياب,السيد دياب
السيدراضى,السيد راضى
السيدرضوان,السيد رضوان
السيدرمضان,السيد رمضان
السيدزيدان,السيد زيدان
السيدسالم,السيد سالم
السيدسرحان,السيد سرحان
السيدسعيد,السيد سعيد
السيدسلام,السيد سلام
السيدسلامة,السيد سلامة
السيدسلامه,السيد سلامه
السيدسليم,السيد سليم
السيدسويلم,السيد سويلم
السيدسيد,السيد سيد
السيدسيداحمد,السيد سيداحمد
السيدشاهين,السيد شاهين
السيدشحاته,السيد شحاته
السيدشعبان,السيد شعبان
السيدصالح,السيد صالح
السيدصلاح,السيد صلاح
السيدطاهر,السيد طاهر
السيدطلبه,السيد طلبه
السيدعارف,السيد عارف
السيدعاشور,السيد عاشور
السيدعامر,السيد عامر
السيدعباس,السيد عباس
السيدعبدالحفيظ,السيد عبدالحفيظ
السيدعبدالحميد,السيد عبدالحميد
السيدعبدالخالق,السيد عبدالخالق
السيدعبدالرازق,السيد عبدالرازق
السيدعبدالرحيم,السيد عبدالرحيم
السيدعبدالسلام,السيد عبدالسلام
السيدعبدالصمد,السيد عبدالصمد
السيدعبدالعال,السيد عبدالعال
السيدعبدالعزيز,السيد عبدالعزيز
السيدعبدالعظيم,السيد عبدالعظيم
السيدعبدالغنى,السيد عبدالغنى
السيدعبدالفتاح,السيد عبدالفتاح
السيدعبدالقادر,السيد عبدالقادر
السيدعبدالقوي,السيد عبدالقوي
السيدعبداللطيف,السيد عبداللطيف
السيدعبدالمجيد,السيد عبدالمجيد
السيدعبدالمعطي,السيد عبدالمعطي
السيدعبدالمقصود,السيد عبدالمقصود
السيدعبدالمنصف,السيد عبدالمنصف
السيدعبدالمنعم,السيد عبدالمنعم
السيدعبدالموجود,السيد عبدالموجود
السيدعبدالنعيم,السيد عبدالنعيم
السيدعبده,السيد عبده
السيدعبيد,السيد عبيد
السيدعثمان,السيد عثمان
السيدعرفه,السيد عرفه
السيدعزب,السيد عزب
السيدعطا,السيد عطا
السيدعطية,السيد عطية
السيدعطيه,السيد عطيه
السيدعفيفى,السيد عفيفى
السيدعفيفي,السيد عفيفي
السيدعلام,السيد علام
السيدعلى,السيد على
السيدعلي,السيد علي
السيدعليان,السيد عليان
السيدعليمى,السيد عليمى
السيدعليوه,السيد عليوه
السيدعمار,السيد عمار
السيدعماره,السيد عماره
السيدعمر,السيد عمر
السيدعمران,السيد عمران
السيدعواد,السيد عواد
السيدعوض,السيد عوض
السيدعويضه,السيد عويضه
السيدعيد,السيد عيد
السيدعيسوى,السيد عيسوى
السيدعيسى,السيد عيسى
السيدغالى,السيد غالى
السيدغانم,السيد غانم
السيدغنيم,السيد غنيم
السيدفؤاد,السيد فؤاد
السيدفتوح,السيد فتوح
السيدفراج,السيد فراج
السيدفرج,السيد فرج
السيدفريد,السيد فريد
السيدفهيم,السيد فهيم
السيدفوده,السيد فوده
السيدقاسم,السيد قاسم
السيدقطب,السيد قطب
السيدقنديل,السيد قنديل
السيدكامل,السيد كامل
السيدكريم,السيد كريم
السيدمتولى,السيد متولى
السيدمحفوظ,السيد محفوظ
السيدمحمد,السيد محمد
السيدمحمود,السيد محمود
السيدمراد,السيد مراد
السيدمرسى,السيد مرسى
السيدمصطفى,السيد مصطفى
السيدمنتصر,السيد منتصر
السيدمنصور,السيد منصور
السيدموسى,السيد موسى
السيدموسي,السيد موسي
السيدناجى,السيد ناجى
السيدنجم,السيد نجم
السيدنصار,السيد نصار
السيدنصر,السيد نصر
السيدنعيم,السيد نعيم
السيدنوفل,السيد نوفل
السيدهريدى,السيد هريدى
السيدهلال,السيد هلال
السيدهيكل,السيد هيكل
السيدوائل,السيد وائل
السيديوسف,السيد يوسف
السيدالسيدسعيد,السيدالسيد سعيد
السيدجاب الله,السيدجابالله
السيد جلال الدين,السيدجلالالدين
السيد زين الدين,السيدزينالدين
السيد شرف الدين,السيدشرفالدين
السيدشرف الدين,السيدشرفالدين
السيد شمس الدين,السيدشمسالدين
السيد عابدين,السيدعابدين
السيدعبد الحليم,السيدعبدالحليم
السيدعبد الرحمن,السيدعبدالرحمن
السيدعبد الله,السيدعبدالله
السيدعبد النبى,السيدعبدالنبى
السيدعبد ربه,السيدعبدربه
السيد علم الدين,السيدعلمالدين
السيد على الدين,السيدعلىالدين
السيد علي الدين,السيدعليالدين
السيدعوض الله,السيدعوضالله
السيد محى الدين,السيدمحىالدين
السيد نور الدين,السيدنورالدين
السـيسـى,السيسى
الشافعى‏,الشافعى
الشاملـى,الشاملى
الشبيـني,الشبيني
الشحـات,الشحات
الشربينـى,الشربينى
الشربينى علم الدين,الشربينىعلمالدين
الشـرقاوى,الشرقاوى
الـشـعـراوى,الشعراوى
الشلبــى,الشلبى
الشيـخ,الشيخ
الصاوى كمال الدين,الصاوىكمالالدين
الصبـروت,الصبروت
الصغيرحسن,الصغير حسن
الصغيرسعد,الصغير سعد
الصفــتى,الصفتى
الصياداحمد,الصياد احمد
الـضـوى,الضوى
الطاهرابراهيم,الطاهر ابراهيم
الطاهراحمد,الطاهر احمد
الطاهرعبدالعظيم,الطاهر عبدالعظيم
الطاهرعطيه,الطاهر عطيه
الطاهرعلى,الطاهر على
الطاهرمحمد,الطاهر محمد
الطاهرفتح الله,الطاهرفتحالله
الطبجى‏,الطبجى
الطنطاوى على الدين,الطنطاوىعلىالدين
العارف بالله,العارفبالله
العبدابراهيم,العبد ابراهيم
العبدابوبكر,العبد ابوبكر
العبداحمد,العبد احمد
العبدحسن,العبد حسن
العبدحسين,العبد حسين
العبدسعد,العبد سعد
العبدصالح,العبد صالح
العبدعبدالحميد,العبد عبدالحميد
العبدعبدالسلام,العبد عبدالسلام
العبدعبدالعاطى,العبد عبدالعاطى
العبدمحمد,العبد محمد
العبد الرحمن,العبدالرحمن
العبد السعيد,العبدالسعيد
العبد السيد,العبدالسيد
العبد الصغير,العبدالصغير
العبد اللـه,العبدالله
العبد الله,العبدالله
العبداللـه,العبدالله
الـعجمـى,العجمى
العدل شرف الدين,العدلشرفالدين
العــزازى,العزازى
العز الدين,العزالدين
العـزب,العزب
العزيز بالله,العزيزبالله
العقــيلى,العقيلى
العوضى علم الدين,العوضىعلمالدين
العيسـوى,العيسوى
الغنى بالله,الغنىبالله
الفاتــح,الفاتح
الفاتـــح,الفاتح
الفار‏,الفار
الفرحاتى علم الدين,الفرحاتىعلمالدين
الـقـزعه,القزعه
القطب علم الدين,القطبعلمالدين
الـقـوره,القوره
القيــاس,القياس
الـلا,اللا
الــله,الله
الـلـه,الله
الـله,الله
اللــه,الله
اللـه,الله
الـله كريم,الله كريم
الـليـثى,الليثى
الليسـى,الليسى
المؤمن بالله,المؤمنبالله
المـاحى,الماحى
المتوكل بالله,المتوكلبالله
المتولى علم الدين,المتولىعلمالدين
المتولى نور الدين,المتولىنورالدين
المتيم بالله,المتيمبالله
المجـد,المجد
المرسـى,المرسى
المرسي بهي الدين,المرسيبهيالدين
المستعين بالله,المستعينبالله
الـمـشـد,المشد
المعاذ بالله,المعاذبالله
المعتز باللـه,المعتزبالله
المعتز بالله,المعتزبالله
المعتز باللّه,المعتزبالله
المعتز بـاللـه,المعتزبالله
المعتزباللـه,المعتزبالله
المعتزباللّه,المعتزبالله
المعتزبـاللـه,المعتزبالله
المعتزبدين الله,المعتزبدينالله
المعتزلدين الله,المعتزلدينالله
المعتصم باللـه,المعتصمبالله
المعتصم بالله,المعتصمبالله
المعتصم باللّه,المعتصمبالله
المعتصمباللـه,المعتصمبالله
المعتصمباللّه,المعتصمبالله
المعتمد بالله,المعتمدبالله
المعز بالله,المعزبالله
المعزلدين الله,المعزلدينالله
المغازي نور الدين,المغازينورالدين
المغربي علم الدين,المغربيعلمالدين
المـله,المله
المنتصر بالله,المنتصربالله
المنتهـى,المنتهى
المهتدى بالله,المهتدىبالله
المهدى بالله,المهدىبالله
الناصرلدين الله,الناصرلدينالله
النصر الله,النصرالله
النمــــر,النمر
الهادى عابدين,الهادىعابدين
الهيمـــد,الهيمد
الواثق بالله,الواثقبالله
اًمال,امال
ام الحسن,امالحسن
ام الخير,امالخير
اما م,امام
امام الدين,امامالدين
امام على الدين,امامعلىالدين
امان الدين,امانالدين
امان الله,امانالله
امــانـى,امانى
امـانـي,اماني
امة الرحمن,امةالرحمن
امت الله,امتالله
ام حبيبه,امحبيبه
امر الدين,امرالدين
امر الـلـه,امرالله
امر الله,امرالله
امرالـلـه,امرالله
امراللـه,امرالله
امر بالله,امربالله
ام سلمه,امسلمه
ام كثلوم,امكثلوم
ام كلثوم,امكلثوم
امـل,امل
امن بالله,امنبالله
امـــنيه,امنيه
امنـيه,امنيه
امنيـه,امنيه
ام هاشم,امهاشم
امه الله,امهالله
امير الدين,اميرالدين
امير الله,اميرالله
اميـره,اميره
اميـن,امين
امين الدين,امينالدين
امين عابدين,امينعابدين
اميــنه,امينه
انورابراهيم,انور ابراهيم
انوراحمد,انور احمد
انورامين,انور امين
انورحسن,انور حسن
انورحسين,انور حسين
انورسعد,انور سعد
انورسيد,انور سيد
انورعبدالحميد,انور عبدالحميد
انورعبدالسلام,انور عبدالسلام
انورعبدالعزيز,انور عبدالعزيز
انورعبدالمجيد,انور عبدالمجيد
انورعلى,انور على
انورعمر,انور عمر
انورمحمد,انور محمد
انورمحمود,انور محمود
انورمصطفى,انور مصطفى
انور زين الدين,انورزينالدين
انورعبد الحليم,انورعبدالحليم
انورعز الدين,انورعزالدين
انورعطا الله,انورعطاالله
اهاب الدين,اهابالدين
اهـيـم,اهيم
اوش الله,اوشالله
اى الدين,اىالدين
اّيات,ايات
ايات الله,اياتالله
ايـــاد,اياد
اياد الدين,ايادالدين
اياد الله,ايادالله
اُية,اية
اّية,اية
اية اللـه,ايةالله
اية الله,ايةالله
ايةاللـه,ايةالله
اًيتن,ايتن
ايد باى,ايدباى
ايراد الله,ايرادالله
ايساف الدين,ايسافالدين
ايسـن,ايسن
ايليا_x000D_,ايليا
ايم الله,ايمالله
ايـمـان,ايمان
ايمان بالله,ايمانبالله
ايـمن,ايمن
ايمن الدين,ايمنالدين
ايمن علي الدين,ايمنعليالدين
ا يه,ايه
ايـــه,ايه
ايــه,ايه
ايـه,ايه
اًيه,ايه
اٌيه,ايه
اَيه,ايه
اّيه,ايه
ايهاب الدين,ايهابالدين
ايه الرحمن,ايهالرحمن
ايه الله,ايهالله
اّيه الله,ايهالله
اّيهالله,ايهالله
ايو زيد,ايوزيد
با الله,باالله
باب ا,بابا
باب اللة,بابالله
باب الله,بابالله
باباللة,بابالله
باب النبى,بابالنبى
باب النصر,بابالنصر
با بكر,بابكر
بـاسم,باسم
باسم الدين,باسمالدين
باسم الله,باسمالله
باظــــــه,باظه
بالـله,بالله
باللـه,بالله
باللًه,بالله
باللّه,بالله
باهى الدين,باهىالدين
باهى عابدين,باهىعابدين
باهى علم الدين,باهىعلمالدين
باهي الدين,باهيالدين
بتاع الله,بتاعالله
بحر الدين,بحرالدين
بحر الله,بحرالله
بـخيـت,بخيت
بد ر,بدر
بـدر,بدر
بــدر,بدر
بـــدر,بدر
بدرابراهيم,بدر ابراهيم
بدراحمد,بدر احمد
بدرعبدالحميد,بدر عبدالحميد
بدرعبدالعال,بدر عبدالعال
بدرعبدالفضيل,بدر عبدالفضيل
بدرعطية,بدر عطية
بدرمحمد,بدر محمد
بدرمصطفى,بدر مصطفى
بدر اغا,بدراغا
بدر الاسلام,بدرالاسلام
بدر الدين,بدرالدين
بدر السيد,بدرالسيد
بدر الكريم,بدرالكريم
بدران‏,بدران
بدرزين الدين,بدرزينالدين
بدر شرف الدين,بدرشرفالدين
بدر شهاب الدين,بدرشهابالدين
بدر عابدين,بدرعابدين
بدرعبد الرسول,بدرعبدالرسول
بدر عز الدين,بدرعزالدين
بدرعطا الله,بدرعطاالله
بدر علم الدين,بدرعلمالدين
بدرعلى الله,بدرعلىالله
بدر كمال الدين,بدركمالالدين
بدر نور الدين,بدرنورالدين
بدرى‏,بدرى
بـدرى,بدرى
بدو ى,بدوى
بـدوى,بدوى
بـــــدوى,بدوى
بدوى على الدين,بدوىعلىالدين
بد ير,بدير
بديرابراهيم,بدير ابراهيم
بديرعبدالبارى,بدير عبدالبارى
بديرعبدالسلام,بدير عبدالسلام
بديرعلى,بدير على
بديرمحمد,بدير محمد
بديرمصطفى,بدير مصطفى
بديريوسف,بدير يوسف
بديرفتح الباب,بديرفتحالباب
براء الدين,براءالدين
براءه الله,براءهالله
بـردان,بردان
بـركـات,بركات
بركت الله,بركتالله
بركه الله,بركهالله
برهان الدين,برهانالدين
برى ء,برىء
بزيد علم الدين,بزيدعلمالدين
بسـمله,بسمله
بسملـه,بسمله
بسنـت,بسنت
بسيونـى,بسيونى
بشيـر,بشير
بـشير,بشير
بـشيـر,بشير
بشيراحمد,بشير احمد
بشيرعبدالحافظ,بشير عبدالحافظ
بشيرعبدالحميد,بشير عبدالحميد
بشيرعلى,بشير على
بشيرمحمد,بشير محمد
بشيريوسف,بشير يوسف
بعث الله,بعثالله
بــكــر,بكر
بكرابوخطيطه,بكر ابوخطيطه
بكراحمد,بكر احمد
بكرحسين,بكر حسين
بكرعبدالفتاح,بكر عبدالفتاح
بكرعبدالمعز,بكر عبدالمعز
بكرمحمد,بكر محمد
بكرمصطفى,بكر مصطفى
بكريوسف,بكر يوسف
بـكـرى,بكرى
بكري عابدين,بكريعابدين
بكري نور الدين,بكرينورالدين
بلا ل,بلال
بلـيـغ,بليغ
بهاء الدين,بهاءالدين
بهاء السعيد,بهاءالسعيد
بهاء السيد,بهاءالسيد
بهاء الهادى,بهاءالهادى
بهاء بدر الدين,بهاءبدرالدين
بهاء جمال الدين,بهاءجمالالدين
بهاء شرف الدين,بهاءشرفالدين
بهاء صلاح الدين,بهاءصلاحالدين
بهاء ضياء الدين,بهاءضياءالدين
بهاء عز الدين,بهاءعزالدين
بهاء كمال الدين,بهاءكمالالدين
بهاء محى الدين,بهاءمحىالدين
بهاء محي الدين,بهاءمحيالدين
بهاء نور الدين,بهاءنورالدين
بـهجـات,بهجات
بهجت عزيز الدين,بهجتعزيزالدين
بهى الدين,بهىالدين
بهى شرف الدين,بهىشرفالدين
بهي الدين,بهيالدين
بهيج الدين,بهيجالدين
بهيج نور الدين,بهيجنورالدين
بو حطب,بوحطب
بولــس,بولس
بيان الدين,بيانالدين
بيت الله,بيتالله
بيـومـى,بيومى
بيو مى,بيومى
بيومـى,بيومى
تاج الإسلام,تاجالإسلام
تاج الاسلام,تاجالاسلام
تاج الختم,تاجالختم
تاج الدين,تاجالدين
تاج السر,تاجالسر
تاج السعيد,تاجالسعيد
تاج النصر,تاجالنصر
تاج عز الدين,تاجعزالدين
تاج يسن,تاجيسن
تامـر,تامر
تـامر,تامر
تامراحمد,تامر احمد
تامرحسنى,تامر حسنى
تامرسعيد,تامر سعيد
تامرسمعان,تامر سمعان
تامرصلاح,تامر صلاح
تامرعابد,تامر عابد
تامرعلى,تامر على
تامرعويس,تامر عويس
تامرمحروس,تامر محروس
تامرمحمد,تامر محمد
تامرمحمود,تامر محمود
تبارك الرحمن,تباركالرحمن
تبارك الله,تباركالله
تسبيح الرحمن,تسبيحالرحمن
تســــنيم,تسنيم
تسـنيـم,تسنيم
تسـنيم,تسنيم
تعلـب,تعلب
تــعـــلـــب,تعلب
تـفـال,تفال
تقوى الله,تقوىالله
تقى الدين,تقىالدين
تقى الرحمن,تقىالرحمن
تقى الله,تقىالله
تقى تقى الدين,تقىتقىالدين
تقي الدين,تقيالدين
تقي الله,تقيالله
تقي لله,تقيلله
تمام الدين,تمامالدين
تمام كمال الدين,تمامكمالالدين
توب الدين,توبالدين
توحيد الاسلام,توحيدالاسلام
تـوفـيـق,توفيق
تـوفيـق,توفيق
تو فيق,توفيق
توفيق الله,توفيقالله
توفيق شرف الدين,توفيقشرفالدين
توفيق شمس الدين,توفيقشمسالدين
توفيق على الدين,توفيقعلىالدين
توفيق نور الدين,توفيقنورالدين
تـوفـيـلـس,توفيلس
تيم الله,تيمالله
ثابــت,ثابت
ثـابت,ثابت
ثابت علم الدين,ثابتعلمالدين
ثابت نجم الدين,ثابتنجمالدين
ثـاقـب,ثاقب
ثروت الدين,ثروتالدين
ثرى الدين,ثرىالدين
ثناء الله,ثناءالله
جاب الـله,جابالله
جاب اللة,جابالله
جاب اللـه,جابالله
جاب الله,جابالله
جابالـله,جابالله
جاباللة,جابالله
جاباللـه,جابالله
جا بر,جابر
جابـر,جابر
جـابـر,جابر
جـــابــــر,جابر
جــــــابر,جابر
جـــــــابر,جابر
جابرأحمد,جابر أحمد
جابرأمين,جابر أمين
جابرابراهيم,جابر ابراهيم
جابرابوحداية,جابر ابوحداية
جابرابوعامر,جابر ابوعامر
جابراحمد,جابر احمد
جابرحسن,جابر حسن
جابرسعد,جابر سعد
جابرسيد,جابر سيد
جابرعبدالرحيم,جابر عبدالرحيم
جابرعبدالعال,جابر عبدالعال
جابرعبدالعزيز,جابر عبدالعزيز
جابرعبداللطيف,جابر عبداللطيف
جابرعبدالمقصود,جابر عبدالمقصود
جابرعبدالوهاب,جابر عبدالوهاب
جابرعلى,جابر على
جابرعلي,جابر علي
جابرمحمد,جابر محمد
جابرمحمود,جابر محمود
جابرمصطفى,جابر مصطفى
جابرمصطفي,جابر مصطفي
جابر بدر الدين,جابربدرالدين
جابر عابدين,جابرعابدين
جابرعبد الجواد,جابرعبدالجواد
جاب لله,جابلله
جـاد,جاد
جاداحمد,جاد احمد
جادعبدالحميد,جاد عبدالحميد
جادعبدالشهيد,جاد عبدالشهيد
جادعطيه,جاد عطيه
جادمحمود,جاد محمود
جاديوسف,جاد يوسف
جاد الحق,جادالحق
جاد الرب,جادالرب
جاد السيد,جادالسيد
جاد الكريم,جادالكريم
جاد الـلـه,جادالله
جاد الـله,جادالله
جاد اللة,جادالله
جاد اللـه,جادالله
جاد الله,جادالله
جادالـلـه,جادالله
جادالـله,جادالله
جاداللة,جادالله
جاداللـه,جادالله
جاداللّه,جادالله
جاد المولى,جادالمولى
جاد المولي,جادالمولي
جاد النبى,جادالنبى
جاد النور,جادالنور
جاد ذين,جادذين
جاد شمس الدين,جادشمسالدين
جاد على,جادعلى
جاد على الدين,جادعلىالدين
جاد عيد,جادعيد
جاد فرج,جادفرج
جاد كريم الدين,جادكريمالدين
جاد لله,جادلله
جاد محى الدين,جادمحىالدين
جاد محي الدين,جادمحيالدين
جاد محيي الدين,جادمحييالدين
جادو1,جادو
جــــــــادو,جادو
جار الله,جارالله
جار النبى,جارالنبى
جار النبي,جارالنبي
جاســمين,جاسمين
جاه الرسول,جاهالرسول
جاه الله,جاهالله
جبا الله,جباالله
جبارة الله,جبارةالله
جب الله,جبالله
جبـر,جبر
جـبـر,جبر
جبرأحمد,جبر أحمد
جبرابراهيم,جبر ابراهيم
جبرابوسعده,جبر ابوسعده
جبراحمد,جبر احمد
جبرعبدالعال,جبر عبدالعال
جبرعبدالعزيز,جبر عبدالعزيز
جبرعبدالغنى,جبر عبدالغنى
جبرمحمد,جبر محمد
جبرمحمود,جبر محمود
جبر الدين,جبرالدين
جبر الله,جبرالله
جبرالـله,جبرالله
جبرة الله,جبرةالله
جبر تاج الدين,جبرتاجالدين
جبرت الله,جبرتالله
جبر عز الدين,جبرعزالدين
جبر علم الدين,جبرعلمالدين
جبره الله,جبرهالله
جد الله,جدالله
جره الله,جرهالله
جر يس,جريس
جسام الدين,جسامالدين
جـعـفـر,جعفر
جعفرعبدالحميد,جعفر عبدالحميد
جعفرعلى,جعفر على
جعفرمحمد,جعفر محمد
جعفريوسف,جعفر يوسف
جلاء الدين,جلاءالدين
جـلال,جلال
جلال الاسلام,جلالالاسلام
جلال الدين,جلالالدين
جلال زين الدين,جلالزينالدين
جلال على الدين,جلالعلىالدين
جل الله,جلالله
جما ل,جمال
جمـال,جمال
جمــــال,جمال
جمـــــال,جمال
جمال الدين,جمالالدين
جمـال الدين,جمالالدين
جمـالالدين,جمالالدين
جمال السعيد,جمالالسعيد
جمال السيد,جمالالسيد
جمال سعد الدين,جمالسعدالدين
جمال شمس الدين,جمالشمسالدين
جمال صلاح الدين,جمالصلاحالدين
جمال عابدين,جمالعابدين
جمال عز الدين,جمالعزالدين
جمال علم الدين,جمالعلمالدين
جمال كمال الدين,جمالكمالالدين
جمال نصر الدين,جمالنصرالدين
جمانـه,جمانه
جمــانه,جمانه
جمع الله,جمعالله
جمعةيوسف,جمعة يوسف
جـمـعـه,جمعه
جميل الدين,جميلالدين
جــنا,جنا
جنـا,جنا
جنة الرحمن,جنةالرحمن
جنة الـله,جنةالله
جنة اللـه,جنةالله
جنة الله,جنةالله
جنةالـله,جنةالله
جنةاللـه,جنةالله
جنه الرحمن,جنهالرحمن
جنه الله,جنهالله
جــنى,جنى
جنـى,جنى
جهاد الدين,جهادالدين
جواد الدين,جوادالدين
جود الله,جودالله
جودةعبدالرحيم,جودة عبدالرحيم
جودةعبدالقادر,جودة عبدالقادر
جودت الله,جودتالله
جوده الله,جودهالله
جولـى,جولى
جـــومانا,جومانا
جوهرابراهيم,جوهر ابراهيم
جويريـه,جويريه
جيب الله,جيبالله
جيد الله,جيدالله
جيرة الله,جيرةالله
جيرت الله,جيرتالله
جيره الله,جيرهالله
حــازم,حازم
حازم الدين,حازمالدين
حـافظ,حافظ
حافظ الله,حافظالله
حافظ جمال الدين,حافظجمالالدين
حافظ سيف الدين,حافظسيفالدين
حـامد,حامد
حـامـد,حامد
حامدأحمد,حامد أحمد
حامدابراهيم,حامد ابراهيم
حامدابوهانى,حامد ابوهانى
حامداحمد,حامد احمد
حامداسماعيل,حامد اسماعيل
حامدالحنفى,حامد الحنفى
حامدالدسوقى,حامد الدسوقى
حامدالسعدنى,حامد السعدنى
حامدالشرقاوى,حامد الشرقاوى
حامدالطيب,حامد الطيب
حامدالعزب,حامد العزب
حامدالعطار,حامد العطار
حامدحامد,حامد حامد
حامدحسن,حامد حسن
حامدحسين,حامد حسين
حامدخاطر,حامد خاطر
حامدخطاب,حامد خطاب
حامدرشدى,حامد رشدى
حامدشلبى,حامد شلبى
حامدصالح,حامد صالح
حامدعامر,حامد عامر
حامدعبدالحميد,حامد عبدالحميد
حامدعبدالعزيز,حامد عبدالعزيز
حامدعبدالغنى,حامد عبدالغنى
حامدعبدالغني,حامد عبدالغني
حامدعبدالفتاح,حامد عبدالفتاح
حامدعبدالمعطى,حامد عبدالمعطى
حامدعبدالمنعم,حامد عبدالمنعم
حامدعبدالوهاب,حامد عبدالوهاب
حامدعبده,حامد عبده
حامدعطيه,حامد عطيه
حامدعلى,حامد على
حامدعلي,حامد علي
حامدعماره,حامد عماره
حامدعمران,حامد عمران
حامدعوض,حامد عوض
حامدعياد,حامد عياد
حامدمحمد,حامد محمد
حامدمحمود,حامد محمود
حامدناجى,حامد ناجى
حامديوسف,حامد يوسف
حامد الله,حامدالله
حامد بالله,حامدبالله
حامدعبد الله,حامدعبدالله
حامد علم الدين,حامدعلمالدين
حامد على الدين,حامدعلىالدين
حامد نجم الدين,حامدنجمالدين
حامد نصر الدين,حامدنصرالدين
حامى الاسلام,حامىالاسلام
حب الدين,حبالدين
حب الله,حبالله
حب النبى,حبالنبى
حبيب الاسلام,حبيبالاسلام
حبيب الرحمن,حبيبالرحمن
حبيب الـلـه,حبيبالله
حبيب الله,حبيبالله
حبيبالـلـه,حبيبالله
حبيبةعلى,حبيبة على
حبيبة الله,حبيبةالله
حبيبه الله,حبيبهالله
حــجاب,حجاب
حجة الاسلام,حجةالاسلام
حجه الاسلام,حجهالاسلام
حجه الدين,حجهالدين
حراجـى,حراجى
حرز الله,حرزالله
حرزاللـه,حرزالله
حـزيـن,حزين
حساب الدين,حسابالدين
حسام الاسلام,حسامالاسلام
حسام الدين,حسامالدين
حسام السعيد,حسامالسعيد
حسام السيد,حسامالسيد
حسام الله,حسامالله
حسام تاج الدين,حسامتاجالدين
حسام صلاح الدين,حسامصلاحالدين
حسام على الدين,حسامعلىالدين
حسـان,حسان
حسانــين,حسانين
حسانـيـن,حسانين
حسانيـن,حسانين
حسـانيـن,حسانين
حسب ال,حسبال
حسب الدين,حسبالدين
حسب الرسول,حسبالرسول
حسب الـلـه,حسبالله
حسب الـله,حسبالله
حسب اللة,حسبالله
حسب اللـه,حسبالله
حسب الله,حسبالله
حسبالـلـه,حسبالله
حسبالـله,حسبالله
حسباللة,حسبالله
حسباللـه,حسبالله
حسب النبى,حسبالنبى
حسب النبي,حسبالنبي
حسب ربه,حسبربه
حسب علم,حسبعلم
حســن,حسن
حسـن,حسن
حـسـن,حسن
حـسن,حسن
حــسـن,حسن
حسـناء,حسناء
حسن الدين,حسنالدين
حسن النور,حسنالنور
حسن شرف الدين,حسنشرفالدين
حسن عز الدين,حسنعزالدين
حسن علم الدين,حسنعلمالدين
حسن على الدين,حسنعلىالدين
حسن علي الدين,حسنعليالدين
حسن نور الدين,حسننورالدين
حســنى,حسنى
حسنـى,حسنى
حسنى الدين,حسنىالدين
حسنى الله,حسنىالله
حسـنـيـن,حسنين
حسنيـن,حسنين
حسيـن,حسين
حسين.,حسين
حسين الدين,حسينالدين
حسين تاج الدين,حسينتاجالدين
حسين تقى الدين,حسينتقىالدين
حسين علم الدين,حسينعلمالدين
حسين على الدين,حسينعلىالدين
حسين نصر الدين,حسيننصرالدين
حسيني الدين,حسينيالدين
حـشمـت,حشمت
حصام الدين,حصامالدين
حصب الله,حصبالله
حفص الله,حفصالله
حفض الله,حفضالله
حفضى الله,حفضىالله
حفظ الـله,حفظالله
حفظ الله,حفظالله
حفظالـله,حفظالله
حفنـى,حفنى
حفى الدين,حفىالدين
حكم الله,حكمالله
حـلا,حلا
حلبـى,حلبى
حلو الدين,حلوالدين
حليم الدين,حليمالدين
حمادعبدالكافى,حماد عبدالكافى
حمادمحمد,حماد محمد
حمادةابراهيم,حمادة ابراهيم
حمادةعبدالحميد,حمادة عبدالحميد
حمادةعلي,حمادة علي
حمادجاب الله,حمادجابالله
حماه الله,حماهالله
حماية الله,حمايةالله
حمايه الله,حمايهالله
ًحمد,حمد
حمدعبدالسلام,حمد عبدالسلام
حمدا لله,حمداالله
حمدالله,حمداالله
حمد اللـه,حمدالله
حمد الله,حمدالله
حمداللـه,حمدالله
حمد ان,حمدان
حمدت الله,حمدتالله
حمد لله,حمدلله
حمدنا الله,حمدناالله
حمدناالـله,حمدناالله
حمدى الدين,حمدىالدين
حمدى السيد,حمدىالسيد
حمدى علم الدين,حمدىعلمالدين
حمدى على الدين,حمدىعلىالدين
حمـزه,حمزه
حمزه على الدين,حمزهعلىالدين
حمي الله,حميالله
حميت الله,حميتالله
حميد الدين,حميدالدين
حميده‏,حميده
حميدو_x000D_,حميدو
حنـا,حنا
حنا الله,حناالله
حنـان,حنان
حـنين,حنين
حنـيـن,حنين
حنيــــن,حنين
حنيـــن,حنين
حـو ا ء,حواء
حـواء,حواء
حور العين,حورالعين
حيا اللـه,حياالله
حيا الله,حياالله
حيااللـه,حياالله
حيد ر,حيدر
خاطرمحمد,خاطر محمد
خـالـد,خالد
خالدابراهيم,خالد ابراهيم
خالدابوزيد,خالد ابوزيد
خالدالعربى,خالد العربى
خالدخليل,خالد خليل
خالدعامر,خالد عامر
خالدعبدالباسط,خالد عبدالباسط
خالدعبده,خالد عبده
خالدمحمد,خالد محمد
خالدمحمود,خالد محمود
خالدمهدى,خالد مهدى
خالد الدين,خالدالدين
خالد عابدين,خالدعابدين
خد يجه,خديجه
خديـجه,خديجه
خـضـر,خضر
خضرحسين,خضر حسين
خضرمحمد,خضر محمد
خضرمحمود,خضر محمود
خضيـرأحمد,خضيرأحمد
خطـــاب,خطاب
خـــلـــف,خلف
خـلف,خلف
خلف السيد,خلفالسيد
خلف اللـه,خلفالله
خلف الله,خلفالله
خلفاللـه,خلفالله
خــــلـــــــــود,خلود
خليفةابراهيم,خليفة ابراهيم
خليفة محى الدين,خليفةمحىالدين
خلـيفـه,خليفه
خليـفـه,خليفه
خليفـه,خليفه
خليفه على الدين,خليفهعلىالدين
خليــل,خليل
خليـل,خليل
خليل الرحمن,خليلالرحمن
خيرا لله,خيراالله
خيرالله,خيراالله
خير الدين,خيرالدين
خير الــله,خيرالله
خير الـلـه,خيرالله
خير الـله,خيرالله
خير اللـه,خيرالله
خير الله,خيرالله
خيرالــله,خيرالله
خيرالـلـه,خيرالله
خيرالـله,خيرالله
خيراللـه,خيرالله
خيـر الله,خيرالله
خيـرالله,خيرالله
خيـرت,خيرت
خيرعبد الله,خيرعبدالله
خير ى,خيرى
خيــر ى,خيرى
خيــرى,خيرى
خيرى الدين,خيرىالدين
خيري الدين,خيريالدين
داخل.,داخل
داليــا,داليا
داودابراهيم,داود ابراهيم
داودعلى,داود على
داود الله,داودالله
دخل الله,دخلالله
دخيــل,دخيل
دخيل الله,دخيلالله
د ر ه,دره
درويـش,درويش
دعـــــاء,دعاء
دعاء الرحمن,دعاءالرحمن
دعاء الله,دعاءالله
دفع الله,دفعالله
دمرانـى,دمرانى
دنــيا,دنيا
دنـيـا,دنيا
دنيــا,دنيا
دنيـــــــا,دنيا
دنيا الله,دنياالله
ديــنا,دينا
ديـنا,دينا
ديـنـا,دينا
دينـا,دينا
ذات النور,ذاتالنور
ذكاء الدين,ذكاءالدين
ذكر اللـه,ذكرالله
ذكر الله,ذكرالله
ذكراللـه,ذكرالله
ذكى الدين,ذكىالدين
ذو الفقار,ذوالفقار
ر أفت,رأفت
رأى الدين,رأىالدين
رؤ ى,رؤى
رؤى الله,رؤىالله
راجى الرحمن,راجىالرحمن
ر ا شد,راشد
راشـد,راشد
راشداحمد,راشد احمد
راشدعبداللطيف,راشد عبداللطيف
راشدعلى,راشد على
راشدمحمد,راشد محمد
راشد علي الدين,راشدعليالدين
ر اضى,راضى
راضـى,راضى
را غب,راغب
راغب الدين,راغبالدين
رافا الله,رافاالله
راف الله,رافالله
رافت علي الدين,رافتعليالدين
رافع الدين,رافعالدين
راقــى,راقى
رامز الدين,رامزالدين
رامـى,رامى
رانـيا,رانيا
رانيـــــــا,رانيا
راى الدين,راىالدين
راي الدين,رايالدين
رايد الله,رايدالله
رايه الاسلام,رايهالاسلام
ربـــاب,رباب
ربا ح,رباح
رُبى,ربى
ربيع سعد الدين,ربيعسعدالدين
ربيع عابدين,ربيععابدين
رجاء الدين,رجاءالدين
رجائى الدين,رجائىالدين
رجائى عز الدين,رجائىعزالدين
رجال الله,رجالالله
ر جب,رجب
رجب‏,رجب
رجـب,رجب
رجـــب,رجب
رجب الله,رجبالله
رجب محي الدين,رجبمحيالدين
رحـاب,رحاب
رحاب الدين,رحابالدين
رحاب الله,رحابالله
رحمة الله,رحمةالله
ر حمه,رحمه
رحـــــــمه,رحمه
رحمـه,رحمه
رحمه الله,رحمهالله
رحمى محى الدين,رحمىمحىالدين
ر حيم,رحيم
رحيم الدين,رحيمالدين
رد الله,ردالله
رز ق,رزق
رزق الدين,رزقالدين
رزق الـلـه,رزقالله
رزق اللة,رزقالله
رزق اللـه,رزقالله
رزق الله,رزقالله
رزق اللُه,رزقالله
رزقالـلـه,رزقالله
رزقاللة,رزقالله
رزقاللـه,رزقالله
رزقاللُه,رزقالله
رزق تاج الدين,رزقتاجالدين
رشـاد,رشاد
رشــاد,رشاد
رشادإبراهيم,رشاد إبراهيم
رشاداحمد,رشاد احمد
رشادعبدالخالق,رشاد عبدالخالق
رشادعبدالمغني,رشاد عبدالمغني
رشادعطية,رشاد عطية
رشادعلى,رشاد على
رشادمحمد,رشاد محمد
رشاد الدين,رشادالدين
رشدى سعد الدين,رشدىسعدالدين
رشيد نور الدين,رشيدنورالدين
ر ضا,رضا
رضـا,رضا
رضااحمد,رضا احمد
رضاحامد,رضا حامد
رضاعبدالبارى,رضا عبدالبارى
رضاعبدالفتاح,رضا عبدالفتاح
رضاعرفات,رضا عرفات
رضامحمد,رضا محمد
رضاء الدين,رضاءالدين
رضاء الله,رضاءالله
رضا الله,رضاالله
رضا سعد الدين,رضاسعدالدين
رضا عابدين,رضاعابدين
رضا عز الدين,رضاعزالدين
رضـوان,رضوان
رضوان الدين,رضوانالدين
رضـوه,رضوه
رضى الله,رضىالله
رغد الاسلام,رغدالاسلام
رفا الله,رفاالله
رفاعـى,رفاعى
رف الله,رفالله
رفــعــت,رفعت
رفــــيــدة,رفيدة
رقـيه,رقيه
ركن الدين,ركنالدين
رماح الدين,رماحالدين
رمز الدين,رمزالدين
رمضـان,رمضان
رمضان جمال الدين,رمضانجمالالدين
رمضان علم الدين,رمضانعلمالدين
رمضان نور الدين,رمضاننورالدين
رنـا,رنا
رنــا,رنا
رو ان,روان
روجina,روج
رودينــه,رودينه
روض الله,روضالله
روليـن,رولين
روْى,روى
رويـدا,رويدا
رياض الدين,رياضالدين
ريف الله,ريفالله
ريـــــم,ريم
ريــم,ريم
ريـم,ريم
ريـمـون,ريمون
رينـا,رينا
ريــناد,ريناد
زاهرعبدالمجيد,زاهر عبدالمجيد
زاهرعبدالمطلب,زاهر عبدالمطلب
زاهرمحمد,زاهر محمد
زاهرعوض الله,زاهرعوضالله
ز ايد,زايد
زايـد,زايد
زايدابراهيم,زايد ابراهيم
زايدعثمان,زايد عثمان
زايدعلى,زايد على
زايدمصطفى,زايد مصطفى
زبـيـر,زبير
زرع الله,زرعالله
زرق الله,زرقالله
زكر الله,زكرالله
زكرياعبدالرازق,زكريا عبدالرازق
زكريامحمد,زكريا محمد
ز كى,زكى
زكـى,زكى
زكى الدين,زكىالدين
زكى علم الدين,زكىعلمالدين
زكي الدين,زكيالدين
زكي علم الدين,زكيعلمالدين
زهاء الدين,زهاءالدين
زهر الدين,زهرالدين
زهــران,زهران
زهـــران,زهران
زهــــران,زهران
زهرة الله,زهرةالله
زهى الدين,زهىالدين
زهير الدين,زهيرالدين
زيـا,زيا
ز ياد,زياد
زيـاد,زياد
زيــاد,زياد
زيادعبدالصادق,زياد عبدالصادق
زياد الدين,زيادالدين
زياد صلاح الدين,زيادصلاحالدين
زيدابوالمكارم,زيد ابوالمكارم
زيـــن,زين
زين الدين,زينالدين
زين.الدين,زينالدين
زين السيد,زينالسيد
زين العابدين,زينالعابدين
زين العرب,زينالعرب
زين الفقار,زينالفقار
زيـنب,زينب
زيـنـب,زينب
زينة الله,زينةالله
زين جمال الدين,زينجمالالدين
زين عابدين,زينعابدين
زين علاء الدين,زينعلاءالدين
زين عماد الدين,زينعمادالدين
زين نور الدين,زيننورالدين
زيـنـه,زينه
زينـه,زينه
زينه الله,زينهالله
سـاره,ساره
ســــــــاره,ساره
ساعى الدين,ساعىالدين
ساعي الدين,ساعيالدين
ساق الله,ساقالله
سا لم,سالم
سـالـم,سالم
سالم الدين,سالمالدين
سالـمـان,سالمان
سالم عز الدين,سالمعزالدين
سالم علم الدين,سالمعلمالدين
سا مح,سامح
سامـــــــــى,سامى
سامى الدين,سامىالدين
سبح الله,سبحالله
سبحان الله,سبحانالله
سبع الرجال,سبعالرجال
سبف الدين,سبفالدين
سبيل الله,سبيلالله
سـجـدة,سجدة
سـجى,سجى
سر اج,سراج
سراج الدين,سراجالدين
سراج السيد,سراجالسيد
سراج زين الدين,سراجزينالدين
سر الختم,سرالختم
.سرمانى,سرمانى
سـرور,سرور
سرورحسن,سرور حسن
سرورعبدالعزيز,سرور عبدالعزيز
سرورعطيه,سرور عطيه
سرورعلى,سرور على
سرورمحمود,سرور محمود
سرورعبد الله,سرورعبدالله
سرى الدين,سرىالدين
سري الدين,سريالدين
سعد‏,سعد
سعـد,سعد
سـعد,سعد
سـعــد,سعد
ســـعد,سعد
سعدأبوشامه,سعد أبوشامه
سعدأحمد,سعد أحمد
سعدأمين,سعد أمين
سعدابراهيم,سعد ابراهيم
سعدابوحجازي,سعد ابوحجازي
سعدابوسريع,سعد ابوسريع
سعداحمد,سعد احمد
سعدالديب,سعد الديب
سعدالشرقاوى,سعد الشرقاوى
سعدالصادق,سعد الصادق
سعدالصباغ,سعد الصباغ
سعدالطنطاوى,سعد الطنطاوى
سعدامين,سعد امين
سعدبدوى,سعد بدوى
سعدبسيونى,سعد بسيونى
سعدبكر,سعد بكر
سعدبلال,سعد بلال
سعدجاد,سعد جاد
سعدجرجس,سعد جرجس
سعدجمعة,سعد جمعة
سعدجورج,سعد جورج
سعدحامد,سعد حامد
سعدحسن,سعد حسن
سعدحسين,سعد حسين
سعدحنا,سعد حنا
سعدرجب,سعد رجب
سعدزغلول,سعد زغلول
سعدزكى,سعد زكى
سعدسعيد,سعد سعيد
سعدسلام,سعد سلام
سعدسليمان,سعد سليمان
سعدسيد,سعد سيد
سعدشبل,سعد شبل
سعدعامر,سعد عامر
سعدعباس,سعد عباس
سعدعبدالحميد,سعد عبدالحميد
سعدعبدالرحيم,سعد عبدالرحيم
سعدعبدالسلام,سعد عبدالسلام
سعدعبدالعزيز,سعد عبدالعزيز
سعدعبدالعظيم,سعد عبدالعظيم
سعدعبدالفتاح,سعد عبدالفتاح
سعدعبدالقادر,سعد عبدالقادر
سعدعبداللطيف,سعد عبداللطيف
سعدعبدالوهاب,سعد عبدالوهاب
سعدعبده,سعد عبده
سعدعرفه,سعد عرفه
سعدعزام,سعد عزام
سعدعطا,سعد عطا
سعدعطية,سعد عطية
سعدعطيه,سعد عطيه
سعدعلى,سعد على
سعدعلي,سعد علي
سعدعوض,سعد عوض
سعدعيد,سعد عيد
سعدغنيم,سعد غنيم
سعدقرنى,سعد قرنى
سعدمحمد,سعد محمد
سعدمحمود,سعد محمود
سعدمرسى,سعد مرسى
سعدمسعود,سعد مسعود
سعدمصطفى,سعد مصطفى
سعدموسى,سعد موسى
سعدنصير,سعد نصير
سعديوسف,سعد يوسف
سعد الدين,سعدالدين
سعد السعيد,سعدالسعيد
سعد السيد,سعدالسيد
سعد الـلـه,سعدالله
سعد الـله,سعدالله
سعد اللـه,سعدالله
سعد الله,سعدالله
سعدالـلـه,سعدالله
سعدالـله,سعدالله
سعداللـه,سعدالله
سعد تاج الدين,سعدتاجالدين
سعدرزق الله,سعدرزقالله
سعد زين الدين,سعدزينالدين
سعد عابدين,سعدعابدين
سعدعبد الجواد,سعدعبدالجواد
سعدعبد الله,سعدعبدالله
سعد عز الدين,سعدعزالدين
سعد علم الدين,سعدعلمالدين
سعد على الدين,سعدعلىالدين
سعيد‏,سعيد
سعيـد,سعيد
سعيدأحمد,سعيد أحمد
سعيدابراهيم,سعيد ابراهيم
سعيدابواليزيد,سعيد ابواليزيد
سعيداحمد,سعيد احمد
سعيدالجزار,سعيد الجزار
سعيدالجوهرى,سعيد الجوهرى
سعيدالقاضى,سعيد القاضى
سعيدامام,سعيد امام
سعيدامين,سعيد امين
سعيدبطرس,سعيد بطرس
سعيدبولس,سعيد بولس
سعيدجبريل,سعيد جبريل
سعيدجرجس,سعيد جرجس
سعيدحسن,سعيد حسن
سعيدحنفى,سعيد حنفى
سعيدزكريا,سعيد زكريا
سعيدسالم,سعيد سالم
سعيدسلامة,سعيد سلامة
سعيدسليم,سعيد سليم
سعيدشعبان,سعيد شعبان
سعيدطنطاوى,سعيد طنطاوى
سعيدعادل,سعيد عادل
سعيدعامر,سعيد عامر
سعيدعباس,سعيد عباس
سعيدعبدالحميد,سعيد عبدالحميد
سعيدعبدالشهيد,سعيد عبدالشهيد
سعيدعبدالعزيز,سعيد عبدالعزيز
سعيدعبدالغنى,سعيد عبدالغنى
سعيدعبدالفتاح,سعيد عبدالفتاح
سعيدعبدالفضيل,سعيد عبدالفضيل
سعيدعبداللطيف,سعيد عبداللطيف
سعيدعبدالمجيد,سعيد عبدالمجيد
سعيدعبدالمقصود,سعيد عبدالمقصود
سعيدعبدالوارث,سعيد عبدالوارث
سعيدعبده,سعيد عبده
سعيدعبيد,سعيد عبيد
سعيدعطيه,سعيد عطيه
سعيدعلى,سعيد على
سعيدعليوه,سعيد عليوه
سعيدعنتر,سعيد عنتر
سعيدعوض,سعيد عوض
سعيدعيد,سعيد عيد
سعيدعيسي,سعيد عيسي
سعيدفرج,سعيد فرج
سعيدقطب,سعيد قطب
سعيدمبروك,سعيد مبروك
سعيدمجدى,سعيد مجدى
سعيدمحمد,سعيد محمد
سعيدمحمود,سعيد محمود
سعيدمسعود,سعيد مسعود
سعيدمعاذ,سعيد معاذ
سعيدمنتصر,سعيد منتصر
سعيدنصر,سعيد نصر
سعيدهارون,سعيد هارون
سعيديوسف,سعيد يوسف
سعيد الدين,سعيدالدين
سعيد السيد,سعيدالسيد
سعيد النبي,سعيدالنبي
سعيد عابدين,سعيدعابدين
سعيدعبد الستار,سعيدعبدالستار
سعيدعبد الغفار,سعيدعبدالغفار
سعيدعبد النور,سعيدعبدالنور
سفير الله,سفيرالله
سلات.. .,سلات
سلات...,سلات
سـلام,سلام
سلام الله,سلامالله
سلامةعمر,سلامة عمر
سلامت الله,سلامتالله
سلا مه,سلامه
سلامــه,سلامه
سلامه على الدين,سلامهعلىالدين
سلـطـان,سلطان
ســـلمى,سلمى
سـلـمـى,سلمى
سـلمـى,سلمى
سلـمى,سلمى
سلـيـم,سليم
سلـيمـان,سليمان
سليمان‏,سليمان
سليمان بدر الدين,سليمانبدرالدين
سليمان تاج الدين,سليمانتاجالدين
سليمان تقي الدين,سليمانتقيالدين
سليمان شهاب الدين,سليمانشهابالدين
سليمان نصر الدين,سليماننصرالدين
سمـا,سما
سمــا,سما
سمـــــا,سما
سماء الله,سماءالله
سماح الدين,سماحالدين
سمت الدين,سمتالدين
سمو الدين,سموالدين
سميرابراهيم,سمير ابراهيم
سميراحمد,سمير احمد
سميرالحسينى,سمير الحسينى
سميرتوفيق,سمير توفيق
سميرجرجس,سمير جرجس
سميرحامد,سمير حامد
سميرحسن,سمير حسن
سميرحسين,سمير حسين
سميرسالم,سمير سالم
سميرسعد,سمير سعد
سميرشريف,سمير شريف
سميرشوقى,سمير شوقى
سميرصبرى,سمير صبرى
سميرعبدالحميد,سمير عبدالحميد
سميرعبدالعظيم,سمير عبدالعظيم
سميرعبدالفتاح,سمير عبدالفتاح
سميرعبدالمطلب,سمير عبدالمطلب
سميرعبده,سمير عبده
سميرعطيه,سمير عطيه
سميرعلى,سمير على
سميرفؤاد,سمير فؤاد
سميرفاروق,سمير فاروق
سميرفهمى,سمير فهمى
سميرفوزي,سمير فوزي
سميرمحروس,سمير محروس
سميرمحمد,سمير محمد
سميرمحمود,سمير محمود
سميرناصر,سمير ناصر
سميريوسف,سمير يوسف
سمير زين الدين,سميرزينالدين
سميرعصام الدين,سميرعصامالدين
سميـه,سميه
سنـجـاب,سنجاب
سندابراهيم,سند ابراهيم
سنى الدين,سنىالدين
سهام الدين,سهامالدين
سهم الدين,سهمالدين
سو قيه,سوقيه
ســيـد,سيد
ســيــد,سيد
سـيد,سيد
سـيـد,سيد
سيـد,سيد
سيدأحمد,سيد أحمد
سيدابراهيم,سيد ابراهيم
سيدابوسريع,سيد ابوسريع
سيدابوشهده,سيد ابوشهده
سيدابوه,سيد ابوه
سيداحمد,سيد احمد
سيداسماعيل,سيد اسماعيل
سيدالبدوى,سيد البدوى
سيدالجزار,سيد الجزار
سيدالحداد,سيد الحداد
سيدالحسن,سيد الحسن
سيدالديب,سيد الديب
سيدالشافعى,سيد الشافعى
سيدالصادق,سيد الصادق
سيدالعربى,سيد العربى
سيدجاد,سيد جاد
سيدجمعة,سيد جمعة
سيدحافظ,سيد حافظ
سيدحجاج,سيد حجاج
سيدحجازى,سيد حجازى
سيدحسانين,سيد حسانين
سيدحسن,سيد حسن
سيدحسين,سيد حسين
سيدحماد,سيد حماد
سيدحمد,سيد حمد
سيدحموده,سيد حموده
سيدحنفى,سيد حنفى
سيدحنفي,سيد حنفي
سيدخضر,سيد خضر
سيدخليفة,سيد خليفة
سيدخليفه,سيد خليفه
سيدخليل,سيد خليل
سيددرويش,سيد درويش
سيدسالم,سيد سالم
سيدسالمان,سيد سالمان
سيدسلمان,سيد سلمان
سيدسليم,سيد سليم
سيدسيد,سيد سيد
سيدشحاته,سيد شحاته
سيدعاشور,سيد عاشور
سيدعبدالجليل,سيد عبدالجليل
سيدعبدالحفيظ,سيد عبدالحفيظ
سيدعبدالحى,سيد عبدالحى
سيدعبدالرحيم,سيد عبدالرحيم
سيدعبدالسلام,سيد عبدالسلام
سيدعبدالعال,سيد عبدالعال
سيدعبدالعزيز,سيد عبدالعزيز
سيدعبدالفضيل,سيد عبدالفضيل
سيدعبداللاه,سيد عبداللاه
سيدعبداللطيف,سيد عبداللطيف
سيدعبدالمؤمن,سيد عبدالمؤمن
سيدعبدالمجيد,سيد عبدالمجيد
سيدعبده,سيد عبده
سيدعبود,سيد عبود
سيدعثمان,سيد عثمان
سيدعرفات,سيد عرفات
سيدعفيفى,سيد عفيفى
سيدعلى,سيد على
سيدعلي,سيد علي
سيدعمار,سيد عمار
سيدعمر,سيد عمر
سيدعمران,سيد عمران
سيدعواد,سيد عواد
سيدعوض,سيد عوض
سيدعيد,سيد عيد
سيدغازى,سيد غازى
سيدغالى,سيد غالى
سيدغريب,سيد غريب
سيدفؤاد,سيد فؤاد
سيد فـرج,سيد فرج
سيدفرج,سيد فرج
سيدكامل,سيد كامل
سيدلاشين,سيد لاشين
سيد-محمد,سيد محمد
سيدمحمد,سيد محمد
سيدمحمود,سيد محمود
سيدمرسى,سيد مرسى
سيدمصطفى,سيد مصطفى
سيدهمام,سيد همام
سيديوسف,سيد يوسف
سيداحمدابراهيم,سيداحمد ابراهيم
سيداحمدابوزاهر,سيداحمد ابوزاهر
سيداحمداحمد,سيداحمد احمد
سيداحمدحسن,سيداحمد حسن
سيداحمدعبدالخالق,سيداحمد عبدالخالق
سيداحمدعبدالعال,سيداحمد عبدالعال
سيداحمدعلى,سيداحمد على
سيداحمدمحمد,سيداحمد محمد
سيد الاهل,سيدالاهل
سيد جمال الدين,سيدجمالالدين
سيد زين الدين,سيدزينالدين
سيد سعد الدين,سيدسعدالدين
سيد شمس الدين,سيدشمسالدين
سيدعبد الجواد,سيدعبدالجواد
سيدعبد الله,سيدعبدالله
سيد عز الدين,سيدعزالدين
سيدعطا الله,سيدعطاالله
سيد علم الدين,سيدعلمالدين
سيد على الدين,سيدعلىالدين
سيد علي الدين,سيدعليالدين
سيد كمال الدين,سيدكمالالدين
سيد محى الدين,سيدمحىالدين
سيد محي الدين,سيدمحيالدين
سيد نصر الدين,سيدنصرالدين
سيد ولى الدين,سيدولىالدين
سيـــســيليا,سيسيليا
.سيف,سيف
سـيـف,سيف
سـيف,سيف
سيــف,سيف
سيـف,سيف
سيف الإسلام,سيفالإسلام
سيف الاسلام,سيفالاسلام
سيف الدولة,سيفالدولة
سيف الدوله,سيفالدوله
سيف الدين,سيفالدين
سيف الرحمن,سيفالرحمن
سيف الـله,سيفالله
سيف اللـه,سيفالله
سيف الله,سيفالله
سيفالـله,سيفالله
سيفاللـه,سيفالله
سيف النصر,سيفالنصر
سيف حسام الدين,سيفحسامالدين
سيف صلاح الدين,سيفصلاحالدين
سيف علاء الدين,سيفعلاءالدين
سيف على الدين,سيفعلىالدين
سـيوفى,سيوفى
شاء الله,شاءالله
شا كر,شاكر
شـاكـر,شاكر
شاكرابراهيم,شاكر ابراهيم
شاكرعبدالمقصود,شاكر عبدالمقصود
شاكرعبدالمنعم,شاكر عبدالمنعم
شاكرعلي,شاكر علي
شاكرمحمد,شاكر محمد
شاكرمصطفى,شاكر مصطفى
شاكرمصطفي,شاكر مصطفي
شاكر بالله,شاكربالله
شاه بور,شاهبور
شاهر الدين,شاهرالدين
شاهنـدا,شاهندا
شاهير الدين,شاهيرالدين
شبـراوى,شبراوى
شجاع الدين,شجاعالدين
شحـات,شحات
شـحـات,شحات
شحاتـه,شحاته
شـحـاتـه,شحاته
شحاته عز الدين,شحاتهعزالدين
شحاته على الدين,شحاتهعلىالدين
شديد نور الدين,شديدنورالدين
شـــــــرارة,شرارة
شرع الله,شرعالله
شرف الدين,شرفالدين
شـرف الدين,شرفالدين
شـرفالدين,شرفالدين
شرف السعيد,شرفالسعيد
شرف شرف الدين,شرفشرفالدين
شرقـاوى,شرقاوى
شرنوبى‏,شرنوبى
شري د,شريد
شر يف,شريف
شريـف,شريف
شـريـف,شريف
شـريف,شريف
شريف الدين,شريفالدين
شـرين,شرين
شعـبان,شعبان
شعبان علم الدين,شعبانعلمالدين
شـعـراوى,شعراوى
شـعـيـب,شعيب
شعيـره,شعيره
شفيظ الدين,شفيظالدين
شفيع الدين,شفيعالدين
شفـيـق,شفيق
شقا الله,شقاالله
شقفه‏,شقفه
شقى الله,شقىالله
شكر‏,شكر
شكر اللة,شكرالله
شكر اللـه,شكرالله
شكر الله,شكرالله
شكرالـله,شكرالله
شكراللة,شكرالله
شكراللـه,شكرالله
شكر ى,شكرى
شكر ي,شكري
شلبـى,شلبى
شـمـس,شمس
شمس الاسلام,شمسالاسلام
شمس الدين,شمسالدين
شمس على الدين,شمسعلىالدين
شمش الدين,شمشالدين
شموشاع الدين,شموشاعالدين
شـندى,شندى
شنـوده,شنوده
شهاب الدين,شهابالدين
شهب الدين,شهبالدين
شـــهد,شهد
شــهد,شهد
شـهد,شهد
شـهـد,شهد
شهـد,شهد
شهـــــد,شهد
شهدعادل,شهد عادل
شهد على الدين,شهدعلىالدين
شهر الدين,شهرالدين
شهير الدين,شهيرالدين
شوقى عز الدين,شوقىعزالدين
شيب الدين,شيبالدين
شيخ الدين,شيخالدين
شيخ العرب,شيخالعرب
شيـريـن,شيرين
شـيماء,شيماء
شيمـــاء,شيماء
صابـر,صابر
صابرأحمد,صابر أحمد
صابرأمين,صابر أمين
صابرابراهيم,صابر ابراهيم
صابراحمد,صابر احمد
صابرامين,صابر امين
صابرحامد,صابر حامد
صابرحسن,صابر حسن
صابرسعد,صابر سعد
صابرعبدالباقى,صابر عبدالباقى
صابرعبدالعال,صابر عبدالعال
صابرعبدالعظيم,صابر عبدالعظيم
صابرعبدالفتاح,صابر عبدالفتاح
صابرعبدالمجيد,صابر عبدالمجيد
صابرعبدالمعبود,صابر عبدالمعبود
صابرعبدالمقصود,صابر عبدالمقصود
صابرعلى,صابر على
صابرعلي,صابر علي
صابرمحمد,صابر محمد
صابرمحمود,صابر محمود
صابرمصطفى,صابر مصطفى
صابريوسف,صابر يوسف
صابرعبد الحليم,صابرعبدالحليم
صابرعبد ربه,صابرعبدربه
صابرعطا الله,صابرعطاالله
صابر علم الدين,صابرعلمالدين
صابر على الدين,صابرعلىالدين
صا لح,صالح
صالـح,صالح
صـالـح,صالح
صالح الدين,صالحالدين
صالح بدر الدين,صالحبدرالدين
صبّاح,صباح
صباح الدين,صباحالدين
صبحا الله,صبحاالله
صبح الله,صبحالله
صبحـى,صبحى
صبحى الدين,صبحىالدين
صبحى علم الدين,صبحىعلمالدين
صبرىمحمد,صبرى محمد
صبرى الدين,صبرىالدين
صـبـيـحـه,صبيحه
صدر الاسلام,صدرالاسلام
صدر الدين,صدرالدين
صدق الدين,صدقالدين
صديق الدين,صديقالدين
صديق علم الدين,صديقعلمالدين
صفاء الدين,صفاءالدين
صفاء الله,صفاءالله
صفوت الدين,صفوتالدين
صفى الدين,صفىالدين
صفى الرحمن,صفىالرحمن
صفى الله,صفىالله
صفي الدين,صفيالدين
صفي الرحمن,صفيالرحمن
صقرابراهيم,صقر ابراهيم
صقرحسين,صقر حسين
صقرعبدالوهاب,صقر عبدالوهاب
صقرعطيه,صقر عطيه
صقرعبد الجواد,صقرعبدالجواد
صقرعبد الله,صقرعبدالله
صلأح الدين,صلأحالدين
صـلاح,صلاح
صلا ح,صلاح
صلاح الدين,صلاحالدين
صلاح السعيد,صلاحالسعيد
صلاح السيد,صلاحالسيد
صلاح تاج الدين,صلاحتاجالدين
صلاح جمال الدين,صلاحجمالالدين
صلاح حسام الدين,صلاححسامالدين
صلاح سعد الدين,صلاحسعدالدين
صلاح عابدين,صلاحعابدين
صلاح عصام الدين,صلاحعصامالدين
صلاح علم الدين,صلاحعلمالدين
صلاح على الدين,صلاحعلىالدين
صلاح كمال الدين,صلاحكمالالدين
صلاح محى الدين,صلاحمحىالدين
صلاح نور الدين,صلاحنورالدين
صنع الله,صنعالله
صيف الله,صيفالله
ضابط الدين,ضابطالدين
ضاف الله,ضافالله
ض الله,ضالله
ضـبـاب,ضباب
ضى العين,ضىالعين
ضى النور,ضىالنور
ضياءعبدالعزيز,ضياء عبدالعزيز
ضياءمحمود,ضياء محمود
ضياء الاسلام,ضياءالاسلام
ضياء الحق,ضياءالحق
ضياء الدين,ضياءالدين
ضياء الرحمن,ضياءالرحمن
ضياء السعيد,ضياءالسعيد
ضياء السيد,ضياءالسيد
ضياء سعد الدين,ضياءسعدالدين
ضياء صلاح الدين,ضياءصلاحالدين
ضياء كمال الدين,ضياءكمالالدين
ضياء محى الدين,ضياءمحىالدين
ضياء نور الدين,ضياءنورالدين
ضيف الـلـه,ضيفالله
ضيف الـله,ضيفالله
ضيف اللة,ضيفالله
ضيف اللـه,ضيفالله
ضيف الله,ضيفالله
ضيفالـلـه,ضيفالله
ضيفالـله,ضيفالله
ضيفاللة,ضيفالله
ضيفاللـه,ضيفالله
طائعه الله,طائعهالله
طا رق,طارق
طـارق,طارق
طارق على الدين,طارقعلىالدين
طالب الله,طالبالله
طالب عابدين,طالبعابدين
طاهرامين,طاهر امين
طاهرحامد,طاهر حامد
طاهرعبدالسلام,طاهر عبدالسلام
طاهرعبدالصادق,طاهر عبدالصادق
طاهرعبدالمنعم,طاهر عبدالمنعم
طاهرعطية,طاهر عطية
طاهرمحمود,طاهر محمود
طاهر الدين,طاهرالدين
طاهرفتح الله,طاهرفتحالله
طاهر نجم الدين,طاهرنجمالدين
طاهر نور الدين,طاهرنورالدين
طـلبه,طلبه
طلـبـه,طلبه
طلبه علم الدين,طلبهعلمالدين
طـلـعـت,طلعت
طلـعت,طلعت
طلعت على الدين,طلعتعلىالدين
طـــه,طه
طــه,طه
طه_x000D_,طه
طه تاج الدين,طهتاجالدين
طه على الدين,طهعلىالدين
طه نور الدين,طهنورالدين
ظريف الدين,ظريفالدين
ظهر الدين,ظهرالدين
عـــــائشة,عائشة
عـائـشـه,عائشه
عا بد,عابد
عابداحمد,عابد احمد
عابد الرحمن,عابدالرحمن
عابد عابدين,عابدعابدين
عاتب الله,عاتبالله
عـادل,عادل
عا د ل أ حمد,عادل أحمد
عادلأحمد,عادل أحمد
عادل علي الدين,عادلعليالدين
عارف الله,عارفالله
عارف تاج الدين,عارفتاجالدين
عـاشور,عاشور
عاشوراحمد,عاشور احمد
عاشورعبدالحميد,عاشور عبدالحميد
عاشورعلى,عاشور على
عاشورعليان,عاشور عليان
عاشورمصطفى,عاشور مصطفى
عاصم الدين,عاصمالدين
عاصـى,عاصى
عامراحمد,عامر احمد
عامرحسن,عامر حسن
عامرحسين,عامر حسين
عامرعبدالباري,عامر عبدالباري
عامرعلى,عامر على
عامرمحمد,عامر محمد
عامرمحمود,عامر محمود
عامر سيف الدين,عامرسيفالدين
عامر شمس الدين,عامرشمسالدين
عامل الدين,عاملالدين
عايت الله,عايتالله
عايدعلى,عايد على
عباد الله,عبادالله
عباد لله,عبادالله
عبادلله,عبادالله
عبادى_x000D_,عبادى
عبـاس,عباس
عباس على الدين,عباسعلىالدين
عباس علي الدين,عباسعليالدين
عـبـد,عبد
عبد اارحمن,عبداارحمن
عبد ااسيد,عبدااسيد
عبد االحكيم,عبداالحكيم
عبد االحميد,عبداالحميد
عبد االرازق,عبداالرازق
عبد االرحيم,عبداالرحيم
عبد االستار,عبداالستار
عبد االسميع,عبداالسميع
عبد االشافى,عبداالشافى
عبد االعظيم,عبداالعظيم
عبد االقادر,عبداالقادر
عبد االلطيف,عبدااللطيف
عبد االله,عبداالله
عبدا لله,عبداالله
عبدالله,عبداالله
عبد االمجلى,عبداالمجلى
عبد االمجيد,عبداالمجيد
عبد االمقصود,عبداالمقصود
عبد االنبى,عبداالنبى
عبد ابراهيم,عبدابراهيم
عبد ابوالجود,عبدابوالجود
عبد احمد,عبداحمد
عبد اسحق,عبداسحق
عبد اسرائيل,عبداسرائيل
عبد اسكاروس,عبداسكاروس
عبد اشبوب,عبداشبوب
عبد اعبيد,عبداعبيد
عبد ال,عبدال
عبد الآخر,عبدالآخر
عبد الأحد,عبدالأحد
عبد الأعلى,عبدالأعلى
عبد الأله,عبدالأله
عبد الأمام,عبدالأمام
عبد الأمير,عبدالأمير
عبد الأول,عبدالأول
عبد الإله,عبدالإله
عبد الإمام,عبدالإمام
عبد الا,عبدالا
عبد الاحد,عبدالاحد
عبد الاحمد,عبدالاحمد
عبد الاخر,عبدالاخر
عبد الاعلا,عبدالاعلا
عبد الاعلى,عبدالاعلى
عبد الاعلي,عبدالاعلي
عبد الالاة,عبدالالاة
عبد الالاه,عبدالالاه
عبد الاله,عبدالاله
عبد الامam,عبدالام
عبدالامam,عبدالام
عبد الامام,عبدالامام
عبد الامير,عبدالامير
عبد الامين,عبدالامين
عبد الانوار,عبدالانوار
عبد الاه,عبدالاه
عبد الاهوت,عبدالاهوت
عبد الاهى,عبدالاهى
عبد الاول,عبدالاول
عبد الباتع,عبدالباتع
عبد البادى,عبدالبادى
عبد البار,عبدالبار
عبد البارئ,عبدالبارئ
عبد البارى,عبدالبارى
عبد الباري,عبدالباري
عبد الباز,عبدالباز
عبد الباسط,عبدالباسط
عبد البـاسط,عبدالباسط
عبدالبـاسط,عبدالباسط
عبد الباصط,عبدالباصط
عبد الباعث,عبدالباعث
عبد البافى,عبدالبافى
عبد الباقى,عبدالباقى
عبد الباقي,عبدالباقي
عبد الباهى,عبدالباهى
عبد البخيت,عبدالبخيت
عبد البدير,عبدالبدير
عبد البديع,عبدالبديع
عبدالبديع علي الدين,عبدالبديععليالدين
عبد البر,عبدالبر
عبد البرابراهيم,عبدالبر ابراهيم
عبدالبرابراهيم,عبدالبر ابراهيم
عبدالبرعبدالعزيز,عبدالبر عبدالعزيز
عبد البرالخولى,عبدالبرالخولى
عبد البرقنديل,عبدالبرقنديل
عبد البسيط,عبدالبسيط
عبد البشير,عبدالبشير
عبد البصير,عبدالبصير
عبد البصيرعبدالعال,عبدالبصير عبدالعال
عبدالبصيرعبدالعال,عبدالبصير عبدالعال
عبدالبصيرعثمان,عبدالبصير عثمان
عبد البصيراحمد,عبدالبصيراحمد
عبد البين,عبدالبين
عبد التام,عبدالتام
عبد التقى,عبدالتقى
عبد التكال,عبدالتكال
عبد التواب,عبدالتواب
عبد الثالوث,عبدالثالوث
عبد الجابر,عبدالجابر
عبدالجابرابراهيم,عبدالجابر ابراهيم
عبد الجامع,عبدالجامع
عبد الجايد,عبدالجايد
عبد الجبار,عبدالجبار
عبد الجبور,عبدالجبور
عبد الجبير,عبدالجبير
عبد الجل,عبدالجل
عبد الجلبل,عبدالجلبل
عبد الجليل,عبدالجليل
عبدُ الجليل,عبدالجليل
عبدُالجليل,عبدالجليل
عبد الجميل,عبدالجميل
عبد الجواد,عبدالجواد
عبـدالـجواد,عبدالجواد
عبدالجوادأبوحجر,عبدالجواد أبوحجر
عبدالجوادأحمد,عبدالجواد أحمد
عبدالجوادابوالعينين,عبدالجواد ابوالعينين
عبدالجواداحمد,عبدالجواد احمد
عبد الجوادالسيد,عبدالجواد السيد
عبدالجوادالسيد,عبدالجواد السيد
عبدالجوادصالح,عبدالجواد صالح
عبدالجوادعبدالحميد,عبدالجواد عبدالحميد
عبدالجوادعبدالمجيد,عبدالجواد عبدالمجيد
عبدالجوادعلى,عبدالجواد على
عبدالجوادعمر,عبدالجواد عمر
عبد الجوادمحمد,عبدالجواد محمد
عبدالجوادمحمد,عبدالجواد محمد
عبد الجوادمحمود,عبدالجواد محمود
عبدالجوادمحمود,عبدالجواد محمود
عبد الجوادشعيب,عبدالجوادشعيب
عبد الجوادعامر,عبدالجوادعامر
عبد الجوادعرفه,عبدالجوادعرفه
عبد الجوادعشرى,عبدالجوادعشرى
عبد الجوادغالى,عبدالجوادغالى
عبد الجوادغنيم,عبدالجوادغنيم
عبد الجوادمرجان,عبدالجوادمرجان
عبد الجيد,عبدالجيد
عبد الجيـد,عبدالجيد
عبدالجيـد,عبدالجيد
عبد الجيدبدر,عبدالجيدبدر
عبد الحارث,عبدالحارث
عبد الحارس,عبدالحارس
عبد الحارص,عبدالحارص
عبد الحاضر,عبدالحاضر
عبد الحافض,عبدالحافض
عبد الحافط,عبدالحافط
عبد الحافظ,عبدالحافظ
عبد الحاكم,عبدالحاكم
عبد الحامى,عبدالحامى
عبد الحبيب,عبدالحبيب
عبد الحريص,عبدالحريص
عبد الحسانين,عبدالحسانين
عبد الحسن,عبدالحسن
عبد الحسيب,عبدالحسيب
عبد الحسين,عبدالحسين
عبد الحفيط,عبدالحفيط
عبد الحفيظ,عبدالحفيظ
عبـد الـحـفـيـظ,عبدالحفيظ
عبـدالـحـفـيـظ,عبدالحفيظ
عبد الحق,عبدالحق
عبد الحكبم,عبدالحكبم
عبد الحكم,عبدالحكم
عبد الحكــــيــم,عبدالحكيم
عبد الحكيم,عبدالحكيم
عبدالحكــــيــم,عبدالحكيم
عبد الحلوانى,عبدالحلوانى
عبد الحلي,عبدالحلي
عبد الحلـيم,عبدالحليم
عبد الحليم,عبدالحليم
عبدالحلـيم,عبدالحليم
عبدالـحـلـيـم,عبدالحليم
عبد الحمبد,عبدالحمبد
عبد الحميد,عبدالحميد
عبد الحميـد,عبدالحميد
عبد الـحـميـد,عبدالحميد
عبد الـحميد,عبدالحميد
عبدالحميـد,عبدالحميد
عبدالـحـميـد,عبدالحميد
عبدالـحميد,عبدالحميد
عبـد الـحـمـيـد,عبدالحميد
عبـدالـحـمـيـد,عبدالحميد
عبــدالحميــد,عبدالحميد
عبدالحميدابراهيم,عبدالحميد ابراهيم
عبدالحميدابوالسعد,عبدالحميد ابوالسعد
عبد الحميدابودقه,عبدالحميد ابودقه
عبدالحميدابودقه,عبدالحميد ابودقه
عبدالحميدابوطالب,عبدالحميد ابوطالب
عبد الحميدابوغنيم,عبدالحميد ابوغنيم
عبدالحميدابوغنيم,عبدالحميد ابوغنيم
عبدالحميداسماعيل,عبدالحميد اسماعيل
عبدالحميدالامام,عبدالحميد الامام
عبدالحميدالبسيونى,عبدالحميد البسيونى
عبدالحميدالبنا,عبدالحميد البنا
عبدالحميدالبيلى,عبدالحميد البيلى
عبد الحميدالتهامى,عبدالحميد التهامى
عبدالحميدالتهامى,عبدالحميد التهامى
عبدالحميدالجوهرى,عبدالحميد الجوهرى
عبدالحميدالخولى,عبدالحميد الخولى
عبدالحميدالديب,عبدالحميد الديب
عبد الحميدالشافعى,عبدالحميد الشافعى
عبدالحميدالشافعى,عبدالحميد الشافعى
عبدالحميدالشامى,عبدالحميد الشامى
عبد الحميدالشريف,عبدالحميد الشريف
عبدالحميدالشريف,عبدالحميد الشريف
عبدالحميدالشناوى,عبدالحميد الشناوى
عبدالحميدالصادق,عبدالحميد الصادق
عبدالحميدالعشرى,عبدالحميد العشرى
عبدالحميدالعوضى,عبدالحميد العوضى
عبدالحميدالنجار,عبدالحميد النجار
عبدالحميدجبريل,عبدالحميد جبريل
عبدالحميدخليفه,عبدالحميد خليفه
عبدالحميدرمضان,عبدالحميد رمضان
عبدالحميدسلامه,عبدالحميد سلامه
عبدالحميدسلطان,عبدالحميد سلطان
عبد الحميدسليمان,عبدالحميد سليمان
عبدالحميدسليمان,عبدالحميد سليمان
عبدالحميدشحاته,عبدالحميد شحاته
عبدالحميدعبدالباقى,عبدالحميد عبدالباقى
عبدالحميدعبدالحافظ,عبدالحميد عبدالحافظ
عبدالحميدعبدالحميد,عبدالحميد عبدالحميد
عبدالحميدعبدالرحيم,عبدالحميد عبدالرحيم
عبدالحميدعبدالسلام,عبدالحميد عبدالسلام
عبدالحميدعبدالسميع,عبدالحميد عبدالسميع
عبد الحميدعبدالعال,عبدالحميد عبدالعال
عبدالحميدعبدالعال,عبدالحميد عبدالعال
عبد الحميدعبدالفتاح,عبدالحميد عبدالفتاح
عبدالحميدعبدالفتاح,عبدالحميد عبدالفتاح
عبد الحميدعبدالقادر,عبدالحميد عبدالقادر
عبدالحميدعبدالقادر,عبدالحميد عبدالقادر
عبدالحميدعبداللاه,عبدالحميد عبداللاه
عبدالحميدعبدالمقصود,عبدالحميد عبدالمقصود
عبدالحميدعبدالواحد,عبدالحميد عبدالواحد
عبد الحميدعثمان,عبدالحميد عثمان
عبدالحميدعثمان,عبدالحميد عثمان
عبدالحميدعفيفى,عبدالحميد عفيفى
عبدالحميدعليمى,عبدالحميد عليمى
عبد الحميدعليوه,عبدالحميد عليوه
عبدالحميدعليوه,عبدالحميد عليوه
عبد الحميدعمران,عبدالحميد عمران
عبدالحميدعمران,عبدالحميد عمران
عبد الحميدمبروك,عبدالحميد مبروك
عبدالحميدمبروك,عبدالحميد مبروك
عبدالحميدمتولى,عبدالحميد متولى
عبدالحميدمجاهد,عبدالحميد مجاهد
عبدالحميدمحمود,عبدالحميد محمود
عبد الحميدأحمد,عبدالحميدأحمد
عبد الحميداحمد,عبدالحميداحمد
عبد الحميدالبركاوي,عبدالحميدالبركاوي
عبد الحميدالرسول,عبدالحميدالرسول
عبد الحميدالسيد,عبدالحميدالسيد
عبدالحميدالسيدعبدالوهاب,عبدالحميدالسيد عبدالوهاب
عبد الحميدالصفتى,عبدالحميدالصفتى
عبد الحميدالصو,عبدالحميدالصو
عبد الحميدالطوخى,عبدالحميدالطوخى
عبد الحميدالغنيمى,عبدالحميدالغنيمى
عبد الحميدالفرس,عبدالحميدالفرس
عبد الحميدالقمحاوى,عبدالحميدالقمحاوى
عبد الحميدالمزين,عبدالحميدالمزين
عبدالحميد جمال الدين,عبدالحميدجمالالدين
عبدالحميدجمال الدين,عبدالحميدجمالالدين
عبد الحميدحسن,عبدالحميدحسن
عبد الحميدحسين,عبدالحميدحسين
عبد الحميدحماد,عبدالحميدحماد
عبدالحميدسيف الدين,عبدالحميدسيفالدين
عبد الحميدعباس,عبدالحميدعباس
عبد الحميدعبد,عبدالحميدعبد
عبد الحميدعبدالنبى,عبدالحميدعبدالنبى
عبد الحميدعزت,عبدالحميدعزت
عبد الحميدعطا,عبدالحميدعطا
عبد الحميدعلى,عبدالحميدعلى
عبد الحميدعمروابراهيم,عبدالحميدعمروابراهيم
عبد الحميدمحمد,عبدالحميدمحمد
عبدالحميدمحمدعلى,عبدالحميدمحمد على
عبد الحميدمشري,عبدالحميدمشري
عبد الحميدهيكل,عبدالحميدهيكل
عبد الحنان,عبدالحنان
عبد الحنون,عبدالحنون
عبد الحى,عبدالحى
عبد الحي,عبدالحي
عبد الحيمد,عبدالحيمد
عبد الخاطر,عبدالخاطر
عبد الخافظ,عبدالخافظ
عبد الخالد,عبدالخالد
عبد الخالق,عبدالخالق
عبد الخبير,عبدالخبير
عبد الخلف,عبدالخلف
عبد الخير,عبدالخير
عبد الخيرالحناوى,عبدالخيرالحناوى
عبد الدائم,عبدالدائم
عبد الدابم,عبدالدابم
عبد الدايم,عبدالدايم
عبد الدسوقى,عبدالدسوقى
عبد الذاكر,عبدالذاكر
عبد الر,عبدالر
عبد الرءوف,عبدالرءوف
عبد الرءووف,عبدالرءووف
عبد الرأفه,عبدالرأفه
عبد الرأووف,عبدالرأووف
عبد الرؤف,عبدالرؤف
عبد الرؤوف,عبدالرؤوف
عبد الرئيس,عبدالرئيس
عبد الراؤوف,عبدالراؤوف
عبد الراحيم,عبدالراحيم
عبد الرازاق,عبدالرازاق
عبد الرازق,عبدالرازق
عـبد الرازق,عبدالرازق
عـبدالرازق,عبدالرازق
عبد الراشد,عبدالراشد
عبد الراضى,عبدالراضى
عبد الراضي,عبدالراضي
عبد الرافع,عبدالرافع
عبد الرايف,عبدالرايف
عبد الرب,عبدالرب
عبد الربه,عبدالربه
عبد الرجال,عبدالرجال
عبد الرح,عبدالرح
عبد الرحبم,عبدالرحبم
عبد الرحمان,عبدالرحمان
عبد الرحمن,عبدالرحمن
عبد الـرحمـن,عبدالرحمن
عبد الـرحمن,عبدالرحمن
عبدالـرحمـن,عبدالرحمن
عبدالـرحمن,عبدالرحمن
عـــبد الرحمن,عبدالرحمن
عـــبدالرحمن,عبدالرحمن
عبدالرحمن عابدين,عبدالرحمنعابدين
عبد الرحي,عبدالرحي
عبد الرحيـم,عبدالرحيم
عبد الرحيم,عبدالرحيم
عبدالرحيـم,عبدالرحيم
عبد الرزاق,عبدالرزاق
عبد الرسول,عبدالرسول
عبـد الرسول,عبدالرسول
عبـدالرسول,عبدالرسول
عبد الرشاد,عبدالرشاد
عبد الرشيد,عبدالرشيد
عبد الرشيدسالم,عبدالرشيدسالم
عبد الرضا,عبدالرضا
عبد الرضى,عبدالرضى
عبد الرضي,عبدالرضي
عبد الرفيع,عبدالرفيع
عبد الرقيب,عبدالرقيب
عبد الرهوف,عبدالرهوف
عبد الروؤف,عبدالروؤف
عبد الرواف,عبدالرواف
عبد الروف,عبدالروف
عبد الرووف,عبدالرووف
عبد الزارق,عبدالزارق
عبد الزاكر,عبدالزاكر
عبد الزاهر,عبدالزاهر
عبد الزناتى,عبدالزناتى
عبد الزين,عبدالزين
عبد الساتر,عبدالساتر
عبد السار,عبدالسار
عبد الستار,عبدالستار
عبدالستاراحمد,عبدالستار احمد
عبدالستارالسيد,عبدالستار السيد
عبد الستارحسن,عبدالستار حسن
عبدالستارحسن,عبدالستار حسن
عبدالستارعبدالحميد,عبدالستار عبدالحميد
عبدالستارعبدالغنى,عبدالستار عبدالغنى
عبدالستارعبدالفتاح,عبدالستار عبدالفتاح
عبدالستارعبداللطيف,عبدالستار عبداللطيف
عبدالستارعبدالله,عبدالستار عبدالله
عبدالستارعبدالمعطى,عبدالستار عبدالمعطى
عبدالستارعبدالونيس,عبدالستار عبدالونيس
عبد الستارعلى,عبدالستار على
عبدالستارعلى,عبدالستار على
عبدالستارعمر,عبدالستار عمر
عبد الستارمحمد,عبدالستار محمد
عبدالستارمحمد,عبدالستار محمد
عبد الستارمحمود,عبدالستار محمود
عبدالستارمحمود,عبدالستار محمود
عبدالستارمصطفى,عبدالستار مصطفى
عبدالستارمصطفي,عبدالستار مصطفي
عبد الستارابو,عبدالستارابو
عبد الستارالذهبى,عبدالستارالذهبى
عبد الستارجمل,عبدالستارجمل
عبد الستارحماده,عبدالستارحماده
عبد الستاردياب,عبدالستاردياب
عبد الستارزقزوق,عبدالستارزقزوق
عبد الستارفرج,عبدالستارفرج
عبد السعيد,عبدالسعيد
عبد السـلام,عبدالسلام
عبد السلام,عبدالسلام
عبدالسـلام,عبدالسلام
عبد السليم,عبدالسليم
عبد السميع,عبدالسميع
عبـد السميـع,عبدالسميع
عبـدالسميـع,عبدالسميع
عبد السند,عبدالسند
عبد السيد,عبدالسيد
عبدالسيدعطيه,عبدالسيد عطيه
عبد السيدعازر,عبدالسيدعازر
عبد السيمع,عبدالسيمع
عبد الشاعر,عبدالشاعر
عبد الشافع,عبدالشافع
عبد الشافعى,عبدالشافعى
عبد الشافـى,عبدالشافى
عبد الشافى,عبدالشافى
عبدالشافـى,عبدالشافى
عبد الشافي,عبدالشافي
عبد الشاكر,عبدالشاكر
عبد الشديد,عبدالشديد
عبد الشفاق,عبدالشفاق
عبد الشفوق,عبدالشفوق
عبد الشفيع,عبدالشفيع
عبد الشفيق,عبدالشفيق
عبد الشفیع,عبدالشفیع
عبد الشكور,عبدالشكور
عبد الشكورالشعراوى,عبدالشكورالشعراوى
عبد الشكورعبد,عبدالشكورعبد
عبد الشهداء,عبدالشهداء
عبد الشهده,عبدالشهده
عبد الشهيد,عبدالشهيد
عبد الشهيدى,عبدالشهيدى
عبد الشواف,عبدالشواف
عبد الشويخ,عبدالشويخ
عبد الشيمى,عبدالشيمى
عبد الصابر,عبدالصابر
عبد الصابرين,عبدالصابرين
عبد الصابور,عبدالصابور
عبد الصاحى,عبدالصاحى
عبد الصاحي,عبدالصاحي
عبد الصادق,عبدالصادق
عبد الصافى,عبدالصافى
عبد الصالح,عبدالصالح
عبد الصالحـين,عبدالصالحين
عبد الصالحين,عبدالصالحين
عبدالصالحـين,عبدالصالحين
عبد الصانع,عبدالصانع
عبد الصبور,عبدالصبور
عبد الصبورعرابى,عبدالصبورعرابى
عبد الصديق,عبدالصديق
عبد الصلاح,عبدالصلاح
عبد الصمد,عبدالصمد
عبدالصمدعبداللطيف,عبدالصمد عبداللطيف
عبد الصمدالشمبكى,عبدالصمدالشمبكى
عبد الصناع,عبدالصناع
عبد الصوبان,عبدالصوبان
عبد الصيور,عبدالصيور
عبد الطالب,عبدالطالب
عبد الطاهر,عبدالطاهر
عبد الطيف,عبدالطيف
عبد الظاهر,عبدالظاهر
عبد الظاهرابراهيم,عبدالظاهر ابراهيم
عبدالظاهرابراهيم,عبدالظاهر ابراهيم
عبدالظاهرعبدالجليل,عبدالظاهر عبدالجليل
عبدالظاهرعبدالخير,عبدالظاهر عبدالخير
عبدالظاهرعبدالرحمن,عبدالظاهر عبدالرحمن
عبدالظاهرعلى,عبدالظاهر على
عبدالظاهرعلي,عبدالظاهر علي
عبدالظاهرمحمد,عبدالظاهر محمد
عبد الظاهرأمين,عبدالظاهرأمين
عبد الظاهرمرسى,عبدالظاهرمرسى
عبد العادل,عبدالعادل
عبد العارف,عبدالعارف
عبد العاطف,عبدالعاطف
عبد العاطى,عبدالعاطى
عبد العاطي,عبدالعاطي
عبد العافى,عبدالعافى
عبد العافي,عبدالعافي
عبد العال,عبدالعال
عبد الـعـال,عبدالعال
عبدالـعـال,عبدالعال
عبد العالم,عبدالعالم
عبد العالى,عبدالعالى
عبد العبود,عبدالعبود
عبد العدل,عبدالعدل
عبد العز,عبدالعز
عبد العزبز,عبدالعزبز
عبد العزىز,عبدالعزىز
عبد العزير,عبدالعزير
عبد العزيز,عبدالعزيز
عبد الـعزيز,عبدالعزيز
عبدالعــزيز,عبدالعزيز
عبدالـعزيز,عبدالعزيز
عبـد العـزيز,عبدالعزيز
عبـد الـعزيـز,عبدالعزيز
عبـدالعـزيز,عبدالعزيز
عبـدالـعزيـز,عبدالعزيز
عبد العزيزابراهيم,عبدالعزيز ابراهيم
عبدالعزيزابراهيم,عبدالعزيز ابراهيم
عبدالعزيزابوالخير,عبدالعزيز ابوالخير
عبدالعزيزابودنيا,عبدالعزيز ابودنيا
عبدالعزيزاسماعيل,عبدالعزيز اسماعيل
عبدالعزيزالبنا,عبدالعزيز البنا
عبد العزيزالحسينى,عبدالعزيز الحسينى
عبدالعزيزالحسينى,عبدالعزيز الحسينى
عبدالعزيزالديب,عبدالعزيز الديب
عبدالعزيزالسقا,عبدالعزيز السقا
عبدالعزيزالشافعى,عبدالعزيز الشافعى
عبدالعزيزالشريف,عبدالعزيز الشريف
عبد العزيزالشيخ,عبدالعزيز الشيخ
عبدالعزيزالشيخ,عبدالعزيز الشيخ
عبد العزيزالصادق,عبدالعزيز الصادق
عبدالعزيزالصادق,عبدالعزيز الصادق
عبدالعزيزالصباغ,عبدالعزيز الصباغ
عبدالعزيزالطنطاوى,عبدالعزيز الطنطاوى
عبدالعزيزالعبد,عبدالعزيز العبد
عبد العزيزالعزب,عبدالعزيز العزب
عبدالعزيزالعزب,عبدالعزيز العزب
عبد العزيزالعشرى,عبدالعزيز العشرى
عبدالعزيزالعشرى,عبدالعزيز العشرى
عبدالعزيزالعيسوى,عبدالعزيز العيسوى
عبد العزيزالمتولى,عبدالعزيز المتولى
عبدالعزيزالمتولى,عبدالعزيز المتولى
عبد العزيزالمرسى,عبدالعزيز المرسى
عبدالعزيزالمرسى,عبدالعزيز المرسى
عبدالعزيزالنجار,عبدالعزيز النجار
عبدالعزيزالوكيل,عبدالعزيز الوكيل
عبدالعزيزبحيرى,عبدالعزيز بحيرى
عبد العزيزحبيبة,عبدالعزيز حبيبة
عبدالعزيزحبيبة,عبدالعزيز حبيبة
عبدالعزيزحجازى,عبدالعزيز حجازى
عبدالعزيزحسانين,عبدالعزيز حسانين
عبدالعزيزحمادة,عبدالعزيز حمادة
عبد العزيزحمدان,عبدالعزيز حمدان
عبدالعزيزحمدان,عبدالعزيز حمدان
عبد العزيزخليفه,عبدالعزيز خليفه
عبدالعزيزخليفه,عبدالعزيز خليفه
عبدالعزيزدسوقي,عبدالعزيز دسوقي
عبدالعزيزرسلان,عبدالعزيز رسلان
عبدالعزيزرضوان,عبدالعزيز رضوان
عبدالعزيزرمضان,عبدالعزيز رمضان
عبدالعزيزسلامه,عبدالعزيز سلامه
عبدالعزيزسلطان,عبدالعزيز سلطان
عبدالعزيزسليمان,عبدالعزيز سليمان
عبد العزيزشاهين,عبدالعزيز شاهين
عبدالعزيزشاهين,عبدالعزيز شاهين
عبد العزيزشحاته,عبدالعزيز شحاته
عبدالعزيزشحاته,عبدالعزيز شحاته
عبدالعزيزشعبان,عبدالعزيز شعبان
عبد العزيزعاشور,عبدالعزيز عاشور
عبدالعزيزعاشور,عبدالعزيز عاشور
عبدالعزيزعبدالبارى,عبدالعزيز عبدالبارى
عبدالعزيزعبدالبر,عبدالعزيز عبدالبر
عبد العزيزعبدالحميد,عبدالعزيز عبدالحميد
عبدالعزيزعبدالحميد,عبدالعزيز عبدالحميد
عبدالعزيزعبدالرؤف,عبدالعزيز عبدالرؤف
عبدالعزيزعبدالرازق,عبدالعزيز عبدالرازق
عبدالعزيزعبدالسلام,عبدالعزيز عبدالسلام
عبدالعزيزعبدالصمد,عبدالعزيز عبدالصمد
عبد العزيزعبدالعال,عبدالعزيز عبدالعال
عبدالعزيزعبدالعال,عبدالعزيز عبدالعال
عبدالعزيزعبدالعزيز,عبدالعزيز عبدالعزيز
عبدالعزيزعبدالغني,عبدالعزيز عبدالغني
عبدالعزيزعبدالفتاح,عبدالعزيز عبدالفتاح
عبدالعزيزعبدالقادر,عبدالعزيز عبدالقادر
عبد العزيزعبداللطيف,عبدالعزيز عبداللطيف
عبدالعزيزعبداللطيف,عبدالعزيز عبداللطيف
عبدالعزيزعبدالمجيد,عبدالعزيز عبدالمجيد
عبد العزيزعثمان,عبدالعزيز عثمان
عبدالعزيزعثمان,عبدالعزيز عثمان
عبد العزيزعفيفى,عبدالعزيز عفيفى
عبدالعزيزعفيفى,عبدالعزيز عفيفى
عبدالعزيزعلوان,عبدالعزيز علوان
عبدالعزيزعليوه,عبدالعزيز عليوه
عبد العزيزعماره,عبدالعزيز عماره
عبدالعزيزعماره,عبدالعزيز عماره
عبد العزيزعمران,عبدالعزيز عمران
عبدالعزيزعمران,عبدالعزيز عمران
عبدالعزيزعويضه,عبدالعزيز عويضه
عبد العزيزعيسوى,عبدالعزيز عيسوى
عبدالعزيزعيسوى,عبدالعزيز عيسوى
عبدالعزيزفرحات,عبدالعزيز فرحات
عبدالعزيزقنديل,عبدالعزيز قنديل
عبدالعزيزلاشين,عبدالعزيز لاشين
عبد العزيزمبارك,عبدالعزيز مبارك
عبدالعزيزمبارك,عبدالعزيز مبارك
عبدالعزيزمبروك,عبدالعزيز مبروك
عبد العزيزمتولى,عبدالعزيز متولى
عبدالعزيزمتولى,عبدالعزيز متولى
عبد العزيزمجاهد,عبدالعزيز مجاهد
عبدالعزيزمجاهد,عبدالعزيز مجاهد
عبدالعزيزمحمود,عبدالعزيز محمود
عبدالعزيزمدبولى,عبدالعزيز مدبولى
عبدالعزيزمصطفى,عبدالعزيز مصطفى
عبد العزيزمنصور,عبدالعزيز منصور
عبدالعزيزمنصور,عبدالعزيز منصور
عبدالعزيزهنداوى,عبدالعزيز هنداوى
عبد العزيزأحمد,عبدالعزيزأحمد
عبد العزيزاباظه,عبدالعزيزاباظه
عبد العزيزابو,عبدالعزيزابو
عبد العزيزاحمد,عبدالعزيزاحمد
عبد العزيزالأبيارى,عبدالعزيزالأبيارى
عبد العزيزالاسود,عبدالعزيزالاسود
عبد العزيزالبربرى,عبدالعزيزالبربرى
عبد العزيزالجندي,عبدالعزيزالجندي
عبد العزيزالجيار,عبدالعزيزالجيار
عبد العزيزالحديدى,عبدالعزيزالحديدى
عبد العزيزالخميسى,عبدالعزيزالخميسى
عبدالعزيز الدين,عبدالعزيزالدين
عبد العزيزالرشيدى,عبدالعزيزالرشيدى
عبد العزيزالسيد,عبدالعزيزالسيد
عبد العزيزالشليقى,عبدالعزيزالشليقى
عبد العزيزالصفتى,عبدالعزيزالصفتى
عبد العزيزالطوخى,عبدالعزيزالطوخى
عبد العزيزالعبادي,عبدالعزيزالعبادي
عبد العزيزالعمراوى,عبدالعزيزالعمراوى
عبد العزيزالغنام,عبدالعزيزالغنام
عبد العزيزالقبلاوى,عبدالعزيزالقبلاوى
عبد العزيزالقرموطى,عبدالعزيزالقرموطى
عبد العزيزالقط,عبدالعزيزالقط
عبد العزيزالمغازى,عبدالعزيزالمغازى
عبد العزيزالمنير,عبدالعزيزالمنير
عبد العزيزالنجلاوي,عبدالعزيزالنجلاوي
عبد العزيزتعلب,عبدالعزيزتعلب
عبد العزيزجاب,عبدالعزيزجاب
عبدالعزيزجاب الله,عبدالعزيزجابالله
عبد العزيزحافظ,عبدالعزيزحافظ
عبد العزيزحسام الدين,عبدالعزيزحسامالدين
عبد العزيزحسن,عبدالعزيزحسن
عبد العزيزحسين,عبدالعزيزحسين
عبد العزيزحلوه,عبدالعزيزحلوه
عبد العزيزحماد,عبدالعزيزحماد
عبد العزيزخالد,عبدالعزيزخالد
عبد العزيزخضر,عبدالعزيزخضر
عبد العزيزخليل,عبدالعزيزخليل
عبد العزيزخير,عبدالعزيزخير
عبد العزيزرفاعي,عبدالعزيزرفاعي
عبد العزيززعفان,عبدالعزيززعفان
عبد العزيزسالم,عبدالعزيزسالم
عبد العزيزسراج الدين,عبدالعزيزسراجالدين
عبد العزيزسرور,عبدالعزيزسرور
عبد العزيزسعد,عبدالعزيزسعد
عبد العزيزسعيد,عبدالعزيزسعيد
عبد العزيزسلام,عبدالعزيزسلام
عبد العزيزسيد,عبدالعزيزسيد
عبدالعزيزسيداحمد,عبدالعزيزسيد احمد
عبد العزيزصافى,عبدالعزيزصافى
عبد العزيزطلبه,عبدالعزيزطلبه
عبد العزيزطه,عبدالعزيزطه
عبد العزيزعامر,عبدالعزيزعامر
عبدالعزيزعبد الغفار,عبدالعزيزعبدالغفار
عبدالعزيزعبد اللـه,عبدالعزيزعبدالله
عبدالعزيزعبد الله,عبدالعزيزعبدالله
عبدالعزيزعبداللـه,عبدالعزيزعبدالله
عبد العزيزعبده,عبدالعزيزعبده
عبد العزيزعرب,عبدالعزيزعرب
عبد العزيزعزيز,عبدالعزيزعزيز
عبد العزيزعطا,عبدالعزيزعطا
عبد العزيزعطية,عبدالعزيزعطية
عبد العزيزعطيه,عبدالعزيزعطيه
عبد العزيزعلام,عبدالعزيزعلام
عبد العزيزعلى,عبدالعزيزعلى
عبد العزيزعلي,عبدالعزيزعلي
عبد العزيزعوض,عبدالعزيزعوض
عبدالعزيزعوض الله,عبدالعزيزعوضالله
عبد العزيزعيد,عبدالعزيزعيد
عبد العزيزغازى,عبدالعزيزغازى
عبدالعزيزفتح الله,عبدالعزيزفتحالله
عبد العزيزقابيل,عبدالعزيزقابيل
عبد العزيزقرنى,عبدالعزيزقرنى
عبد العزيزقطب,عبدالعزيزقطب
عبد العزيزقوشه,عبدالعزيزقوشه
عبد العزيزمحرم,عبدالعزيزمحرم
عبد العزيزمحمد,عبدالعزيزمحمد
عبد العزيزمحيسن,عبدالعزيزمحيسن
عبد العزيزمدنى,عبدالعزيزمدنى
عبد العزيزمرسى,عبدالعزيزمرسى
عبد العزيزهديب,عبدالعزيزهديب
عبد العزيزيونس,عبدالعزيزيونس
عبد العصفورى,عبدالعصفورى
عبد العطى,عبدالعطى
عبد العطيم,عبدالعطيم
عبد العظبم,عبدالعظبم
عبد العظيم,عبدالعظيم
عبـدالعظـيم,عبدالعظيم
عبد العفو,عبدالعفو
عبد العقبى,عبدالعقبى
عبد العلى,عبدالعلى
عبد العلي,عبدالعلي
عبد العليم,عبدالعليم
عبد الـعليـم,عبدالعليم
عبدالعلـيم,عبدالعليم
عبدالـعليـم,عبدالعليم
عبـد العليـم,عبدالعليم
عبـدالعليـم,عبدالعليم
عبد العواد,عبدالعواد
عبد العواض,عبدالعواض
عبد العواضى,عبدالعواضى
عبد العيان,عبدالعيان
عبد الغالى,عبدالغالى
عبد الغالي,عبدالغالي
عبد الغريب,عبدالغريب
عبد الغفار,عبدالغفار
عبد الغفـار,عبدالغفار
عبد الـغـفـار,عبدالغفار
عبدالغـــفـــار,عبدالغفار
عبدالغفـار,عبدالغفار
عبدالـغـفـار,عبدالغفار
عبدالـغفار,عبدالغفار
عبـد الـغـفـار,عبدالغفار
عبـدالـغـفـار,عبدالغفار
عبدالغفارأحمد,عبدالغفار أحمد
عبدالغفارابراهيم,عبدالغفار ابراهيم
عبدالغفارابوالعنين,عبدالغفار ابوالعنين
عبدالغفاراحمد,عبدالغفار احمد
عبدالغفارالسيد,عبدالغفار السيد
عبدالغفارحسن,عبدالغفار حسن
عبدالغفارحسين,عبدالغفار حسين
عبدالغفارعبدالرحمن,عبدالغفار عبدالرحمن
عبد الغفارعبدالعال,عبدالغفار عبدالعال
عبدالغفارعبدالعال,عبدالغفار عبدالعال
عبدالغفارعبداللطيف,عبدالغفار عبداللطيف
عبد الغفارعبدالمطلب,عبدالغفار عبدالمطلب
عبدالغفارعبدالمطلب,عبدالغفار عبدالمطلب
عبدالغفارعثمان,عبدالغفار عثمان
عبد الغفارعلى,عبدالغفار على
عبدالغفارعلى,عبدالغفار على
عبد الغفارمحمد,عبدالغفار محمد
عبدالغفارمحمد,عبدالغفار محمد
عبدالغفارمحمود,عبدالغفار محمود
عبد الغفارالتحيوى,عبدالغفارالتحيوى
عبد الغفارالجوهرى,عبدالغفارالجوهرى
عبد الغفارالحسانين,عبدالغفارالحسانين
عبد الغفارالخولى,عبدالغفارالخولى
عبد الغفارالسعداوى,عبدالغفارالسعداوى
عبد الغفارالشناوى,عبدالغفارالشناوى
عبد الغفارالصعيدى,عبدالغفارالصعيدى
عبد الغفارالعبد,عبدالغفارالعبد
عبد الغفاربقشيش,عبدالغفاربقشيش
عبد الغفارشعبان,عبدالغفارشعبان
عبد الغفارعيسى,عبدالغفارعيسى
عبد الغفارغانم,عبدالغفارغانم
عبد الغفارفوده,عبدالغفارفوده
عبد الغفور,عبدالغفور
عبدالغفورعبدالسلام,عبدالغفور عبدالسلام
عبد الغقار,عبدالغقار
عبد الغندور,عبدالغندور
عبد الغنى,عبدالغنى
عبدالغنـى,عبدالغنى
عبـدالـغـنـى,عبدالغنى
عـبـد الغـنـى,عبدالغنى
عـبـدالغـنـى,عبدالغنى
عبد الغني,عبدالغني
عبد الفادر,عبدالفادر
عبد الفادى,عبدالفادى
عبد الفادي,عبدالفادي
عبد الفاروق,عبدالفاروق
عبد الفاضل,عبدالفاضل
عبد الفالح,عبدالفالح
عبد الفاهم,عبدالفاهم
عبد الفتاج,عبدالفتاج
عبد الفتاح,عبدالفتاح
عبد الفتـاح,عبدالفتاح
عبدالفتاح‏,عبدالفتاح
عبدالفتـاح,عبدالفتاح
عبـد الفتاح,عبدالفتاح
عبـدالـفتـاح,عبدالفتاح
عبـدالـفـتـاح,عبدالفتاح
عبـدالفتاح,عبدالفتاح
عبد الفتوح,عبدالفتوح
عبد الفراج,عبدالفراج
عبد الفرج,عبدالفرج
عبد الفريض,عبدالفريض
عبد الفصيح,عبدالفصيح
عبد الفضل,عبدالفضل
عبد الفضيل,عبدالفضيل
عبد الفناح,عبدالفناح
عبد الفهيم,عبدالفهيم
عبد الفياض,عبدالفياض
عبد القادر,عبدالقادر
عبدالقـادر,عبدالقادر
عبدالقادرأبوطالب,عبدالقادر أبوطالب
عبد القادرابراهيم,عبدالقادر ابراهيم
عبدالقادرابراهيم,عبدالقادر ابراهيم
عبدالقادرابوالعباس,عبدالقادر ابوالعباس
عبدالقادرابوالمجد,عبدالقادر ابوالمجد
عبدالقادرابوبسيونى,عبدالقادر ابوبسيونى
عبدالقادرالبنا,عبدالقادر البنا
عبدالقادرالجمال,عبدالقادر الجمال
عبدالقادرالدسوقى,عبدالقادر الدسوقى
عبدالقادرالشيخ,عبدالقادر الشيخ
عبدالقادرالليثى,عبدالقادر الليثى
عبد القادرالمهدى,عبدالقادر المهدى
عبدالقادرالمهدى,عبدالقادر المهدى
عبدالقادرحسانين,عبدالقادر حسانين
عبدالقادرخليفة,عبدالقادر خليفة
عبدالقادرسليمان,عبدالقادر سليمان
عبدالقادرشاهين,عبدالقادر شاهين
عبدالقادرشحاته,عبدالقادر شحاته
عبدالقادرشعبان,عبدالقادر شعبان
عبدالقادرعبدالحميد,عبدالقادر عبدالحميد
عبدالقادرعبدالعزيز,عبدالقادر عبدالعزيز
عبدالقادرعبدالقادر,عبدالقادر عبدالقادر
عبدالقادرعبدالمقصود,عبدالقادر عبدالمقصود
عبدالقادرعبدالموجود,عبدالقادر عبدالموجود
عبدالقادرعبدالوهاب,عبدالقادر عبدالوهاب
عبدالقادرعثمان,عبدالقادر عثمان
عبد القادرعفيفي,عبدالقادر عفيفي
عبدالقادرعفيفي,عبدالقادر عفيفي
عبدالقادرعلوان,عبدالقادر علوان
عبد القادرعماره,عبدالقادر عماره
عبدالقادرعماره,عبدالقادر عماره
عبدالقادرمحمود,عبدالقادر محمود
عبدالقادرمنصور,عبدالقادر منصور
عبد القادرابو,عبدالقادرابو
عبد القادرالدقونى,عبدالقادرالدقونى
عبد القادرالسيد,عبدالقادرالسيد
عبد القادرالعنتبلى,عبدالقادرالعنتبلى
عبد القادربريقع,عبدالقادربريقع
عبد القادرسكجها,عبدالقادرسكجها
عبد القادرشلبى,عبدالقادرشلبى
عبد القادرعباس,عبدالقادرعباس
عبد القادرعبد,عبدالقادرعبد
عبد القادرعطيه,عبدالقادرعطيه
عبد القادرعلى,عبدالقادرعلى
عبد القادرعلي,عبدالقادرعلي
عبد القادرعمر,عبدالقادرعمر
عبد القادرعناره,عبدالقادرعناره
عبد القادرعيد,عبدالقادرعيد
عبد القادرعيسى,عبدالقادرعيسى
عبد القادرقطب,عبدالقادرقطب
عبد القادرنصار,عبدالقادرنصار
عبد القاسم,عبدالقاسم
عبد القاصد,عبدالقاصد
عبد القاهر,عبدالقاهر
عبد القدوس,عبدالقدوس
عبد القدير,عبدالقدير
عبد القرنة,عبدالقرنة
عبد القرنه,عبدالقرنه
عبد القس,عبدالقس
عبد القصود,عبدالقصود
عبد القضب,عبدالقضب
عبد القطب,عبدالقطب
عبد القهار,عبدالقهار
عبد القـوى,عبدالقوى
عبد القوى,عبدالقوى
عبدالقـوى,عبدالقوى
عبد القوي,عبدالقوي
عبد القيوم,عبدالقيوم
عبد الكافئ,عبدالكافئ
عبد الكافى,عبدالكافى
عبد الكافي,عبدالكافي
عبد الكامل,عبدالكامل
عبد الكبير,عبدالكبير
عبد الكريم,عبدالكريم
عبد الكفيل,عبدالكفيل
عبد الكمال,عبدالكمال
عبد الل,عبدالل
عبد اللآه,عبداللآه
عبد اللا,عبداللا
عبد اللاة,عبداللاة
عبد اللاله,عبداللاله
عبد اللامام,عبداللامام
عبد الـلاه,عبداللاه
عبد اللاه,عبداللاه
عبدالـلاه,عبداللاه
عـبـداللاه,عبداللاه
عبد اللاهوت,عبداللاهوت
عبد اللاهى,عبداللاهى
عبد اللاهي,عبداللاهي
عبد اللاوى,عبداللاوى
عبد اللة,عبداللة
عبد اللطبف,عبداللطبف
عبد الـلطيف,عبداللطيف
عبد الـلـطيف,عبداللطيف
عبد اللطيف,عبداللطيف
عبدالـلطيف,عبداللطيف
عبدالـلـطيف,عبداللطيف
عبداللـطيف,عبداللطيف
عبـد الـلـطيـف,عبداللطيف
عبـد اللـطيف,عبداللطيف
عبـدالـلـطيـف,عبداللطيف
عبـداللـطيف,عبداللطيف
عبد الـلـه,عبدالله
عبد الـله,عبدالله
عبد اللــــــه,عبدالله
عبد اللـــه,عبدالله
عبد اللــه,عبدالله
عبد اللـه,عبدالله
عبد الله,عبدالله
عبد اللِه,عبدالله
عبد اللّه,عبدالله
عبد لله,عبدالله
عبدالـلـه,عبدالله
عبدالـله,عبدالله
عبداللـــــــه,عبدالله
عبداللــــــه,عبدالله
عبداللـــه,عبدالله
عبداللــه,عبدالله
عبداللـه,عبدالله
عبداللُه,عبدالله
عبداللِه,عبدالله
عبداللّه,عبدالله
عبـد الـلـه,عبدالله
عبـدالـلـه,عبدالله
عـبد الله,عبدالله
عـبدالله,عبدالله
عـبـدالـلـه,عبدالله
عبداللهالسيد,عبدالله السيد
عبدالله النور,عبداللهالنور
عبدالله علم الدين,عبداللهعلمالدين
عبد اللهى,عبداللهى
عبد الم,عبدالم
عبد المأمون,عبدالمأمون
عبد المؤمن,عبدالمؤمن
عبـد الـمـؤمـن,عبدالمؤمن
عبـدالـمـؤمـن,عبدالمؤمن
عبد المؤنس,عبدالمؤنس
عبد الماجد,عبدالماجد
عبد الـمـالـك,عبدالمالك
عبد المالك,عبدالمالك
عبدالـمـالـك,عبدالمالك
عبد المانع,عبدالمانع
عبد المبدئ,عبدالمبدئ
عبد المبدى,عبدالمبدى
عبد المبدىء,عبدالمبدىء
عبد المبدي,عبدالمبدي
عبد المبعود,عبدالمبعود
عبد المبين,عبدالمبين
عبد المتجلى,عبدالمتجلى
عبد المتجلي,عبدالمتجلي
عبد المتصل,عبدالمتصل
عبد المتعال,عبدالمتعال
عبد المتـعـال,عبدالمتعال
عبدالمتـعـال,عبدالمتعال
عبد المتعلى,عبدالمتعلى
عبد المتكبر,عبدالمتكبر
عبد المتولى,عبدالمتولى
عبد المتين,عبدالمتين
عبد المج,عبدالمج
عبد المجد,عبدالمجد
عبد المجدى,عبدالمجدى
عبد المجدي,عبدالمجدي
عبد المجلى,عبدالمجلى
عبد المجلي,عبدالمجلي
عبد المجهود,عبدالمجهود
عبد المجيب,عبدالمجيب
عبد الـمجيد,عبدالمجيد
عبد المجيد,عبدالمجيد
عبدالـمجيد,عبدالمجيد
عبدالمجيد_x000D_,عبدالمجيد
عبدالمجيـد,عبدالمجيد
عبـدالمجيد,عبدالمجيد
عـبـدالـمـجـيـد,عبدالمجيد
عبدالمجيدابراهيم,عبدالمجيد ابراهيم
عبدالمجيدابوعيشه,عبدالمجيد ابوعيشه
عبد المجيدالبيومى,عبدالمجيد البيومى
عبدالمجيدالبيومى,عبدالمجيد البيومى
عبدالمجيدالخولى,عبدالمجيد الخولى
عبدالمجيدالرفاعى,عبدالمجيد الرفاعى
عبدالمجيدالشيخ,عبدالمجيد الشيخ
عبدالمجيدالعطار,عبدالمجيد العطار
عبد المجيدالمرسى,عبدالمجيد المرسى
عبدالمجيدالمرسى,عبدالمجيد المرسى
عبد المجيدبركات,عبدالمجيد بركات
عبدالمجيدبركات,عبدالمجيد بركات
عبدالمجيدخليفه,عبدالمجيد خليفه
عبدالمجيدسليمان,عبدالمجيد سليمان
عبدالمجيدعبدالحميد,عبدالمجيد عبدالحميد
عبد المجيدعبدالحي,عبدالمجيد عبدالحي
عبدالمجيدعبدالحي,عبدالمجيد عبدالحي
عبدالمجيدعبدالعاطى,عبدالمجيد عبدالعاطى
عبد المجيدعبدالعزيز,عبدالمجيد عبدالعزيز
عبدالمجيدعبدالعزيز,عبدالمجيد عبدالعزيز
عبدالمجيدعبداللطيف,عبدالمجيد عبداللطيف
عبد المجيدعثمان,عبدالمجيد عثمان
عبدالمجيدعثمان,عبدالمجيد عثمان
عبدالمجيدعليوه,عبدالمجيد عليوه
عبدالمجيدمبارك,عبدالمجيد مبارك
عبد المجيدمبروك,عبدالمجيد مبروك
عبدالمجيدمبروك,عبدالمجيد مبروك
عبدالمجيدمحمود,عبدالمجيد محمود
عبد المجيدمصطفى,عبدالمجيد مصطفى
عبدالمجيدمصطفى,عبدالمجيد مصطفى
عبد المجيدالاشقر,عبدالمجيدالاشقر
عبد المجيدالكومى,عبدالمجيدالكومى
عبد المجيدخليل,عبدالمجيدخليل
عبد المجيدسعيد,عبدالمجيدسعيد
عبد المجيدعربيه,عبدالمجيدعربيه
عبد المجيدعطيه,عبدالمجيدعطيه
عبد المجيدعلام,عبدالمجيدعلام
عبد المجيدقناوي,عبدالمجيدقناوي
عبد المجيدمحمد,عبدالمجيدمحمد
عبد المجيدموافى,عبدالمجيدموافى
عبد المجيديونس,عبدالمجيديونس
عبد المحرز,عبدالمحرز
عبد المحسـن,عبدالمحسن
عبد المحسن,عبدالمحسن
عبدالـمحسن,عبدالمحسن
عبدالمحسـن,عبدالمحسن
عبد المحفظ,عبدالمحفظ
عبد المحفوظ,عبدالمحفوظ
عبد المحمود,عبدالمحمود
عبد المحى,عبدالمحى
عبد المحي,عبدالمحي
عبد المحيى,عبدالمحيى
عبد المحيي,عبدالمحيي
عبد المختار,عبدالمختار
عبد المختوم,عبدالمختوم
عبد المخلص,عبدالمخلص
عبد المخلف,عبدالمخلف
عبد المدبر,عبدالمدبر
عبد المرتجى,عبدالمرتجى
عبد المرتضى,عبدالمرتضى
عبد المرتضي,عبدالمرتضي
عبد المرشد,عبدالمرشد
عبد المرشدى,عبدالمرشدى
عبد المرضـى,عبدالمرضى
عبد المرضى,عبدالمرضى
عبدالمرضـى,عبدالمرضى
عبد المرضي,عبدالمرضي
عبد المريد,عبدالمريد
عبد المسامح,عبدالمسامح
عبد المستجاب,عبدالمستجاب
عبد المستقيم,عبدالمستقيم
عبد المسموع,عبدالمسموع
عبد المسيح,عبدالمسيح
عبد المشفى,عبدالمشفى
عبد المشفي,عبدالمشفي
عبد المصلح,عبدالمصلح
عبد المصور,عبدالمصور
عبد المطلب,عبدالمطلب
عبد المطلع,عبدالمطلع
عبد المطلوب,عبدالمطلوب
عبد المطيع,عبدالمطيع
عبد المعاطى,عبدالمعاطى
عبد المعبد,عبدالمعبد
عبد المعبود,عبدالمعبود
عبدالمعبودحسين,عبدالمعبود حسين
عبد المعبودمحمد,عبدالمعبود محمد
عبدالمعبودمحمد,عبدالمعبود محمد
عبد المعبودعبد,عبدالمعبودعبد
عبد المعتز,عبدالمعتز
عبد المعتصم,عبدالمعتصم
عبد المعتمد,عبدالمعتمد
عبد المعتمدمحمد,عبدالمعتمد محمد
عبدالمعتمدمحمد,عبدالمعتمد محمد
عبد المعروف,عبدالمعروف
عبد المعز,عبدالمعز
عبدالمعزابراهيم,عبدالمعز ابراهيم
عبد المعزالسيد,عبدالمعزالسيد
عبد المعطـى,عبدالمعطى
عبد المعطى,عبدالمعطى
عبدالمعطـى,عبدالمعطى
عبد المعطي,عبدالمعطي
عبد المعلي,عبدالمعلي
عبد المعوض,عبدالمعوض
عبد المعين,عبدالمعين
عبد المغنى,عبدالمغنى
عبد المغني,عبدالمغني
عبد المغيث,عبدالمغيث
عبد المغير,عبدالمغير
عبد المفدى,عبدالمفدى
عبد المفضل,عبدالمفضل
عبد المفيد,عبدالمفيد
عبد المقتدر,عبدالمقتدر
عبدالمقتدرصالح,عبدالمقتدر صالح
عبد المقص,عبدالمقص
عبد المقصود,عبدالمقصود
عبد المقصودابراهيم,عبدالمقصود ابراهيم
عبدالمقصودابراهيم,عبدالمقصود ابراهيم
عبدالمقصودابورواش,عبدالمقصود ابورواش
عبدالمقصودابوسريع,عبدالمقصود ابوسريع
عبد المقصوداحمد,عبدالمقصود احمد
عبدالمقصوداحمد,عبدالمقصود احمد
عبدالمقصودرمضان,عبدالمقصود رمضان
عبدالمقصودعبدالغنى,عبدالمقصود عبدالغنى
عبدالمقصودعبدالقادر,عبدالمقصود عبدالقادر
عبد المقصودعطية,عبدالمقصود عطية
عبدالمقصودعطية,عبدالمقصود عطية
عبد المقصودعطيه,عبدالمقصود عطيه
عبدالمقصودعطيه,عبدالمقصود عطيه
عبدالمقصودمحمد,عبدالمقصود محمد
عبدالمقصودمحمود,عبدالمقصود محمود
عبد المقصودالسيد,عبدالمقصودالسيد
عبد المقصودالشاعر,عبدالمقصودالشاعر
عبد المقصودالصعيدى,عبدالمقصودالصعيدى
عبد المقصودالعدل,عبدالمقصودالعدل
عبد المقصودجوهر,عبدالمقصودجوهر
عبد المقصودروميه,عبدالمقصودروميه
عبد المقصودسليما,عبدالمقصودسليما
عبدالمقصود علم الدين,عبدالمقصودعلمالدين
عبد المكارم,عبدالمكارم
عبد المكرم,عبدالمكرم
عبد الملاك,عبدالملاك
عبـدالـمـلاك,عبدالملاك
عبد الملك,عبدالملك
عبد المليك,عبدالمليك
عبد المناف,عبدالمناف
عبد المنان,عبدالمنان
عبد المنتصر,عبدالمنتصر
عبد المنتقم,عبدالمنتقم
عبد المنجد,عبدالمنجد
عبد المنجى,عبدالمنجى
عبـد الـمـنـجـى,عبدالمنجى
عبـدالـمـنـجـى,عبدالمنجى
عبد المنجي,عبدالمنجي
عبد المندوه,عبدالمندوه
عبد المنسى,عبدالمنسى
عبد المنصان,عبدالمنصان
عبد المنصر,عبدالمنصر
عبد المنصف,عبدالمنصف
عبد المنطلب,عبدالمنطلب
عبد المنعم,عبدالمنعم
عبدالمنـعم,عبدالمنعم
عبـد المنعـم,عبدالمنعم
عبـدالمنعـم,عبدالمنعم
عبد المهدى,عبدالمهدى
عبد المهدي,عبدالمهدي
عبد المهيمن,عبدالمهيمن
عبد الموالي,عبدالموالي
عبد الموجود,عبدالموجود
عبد الموجودابراهيم,عبدالموجود ابراهيم
عبدالموجودابراهيم,عبدالموجود ابراهيم
عبدالموجوداحمد,عبدالموجود احمد
عبد الموجودعبدالعاطى,عبدالموجود عبدالعاطى
عبدالموجودعبدالعاطى,عبدالموجود عبدالعاطى
عبد الموجودعبدالعال,عبدالموجود عبدالعال
عبدالموجودعبدالعال,عبدالموجود عبدالعال
عبدالموجودمحمد,عبدالموجود محمد
عبدالموجودمصطفى,عبدالموجود مصطفى
عبد الموجودعباس,عبدالموجودعباس
عبد المولا,عبدالمولا
عبد المولى,عبدالمولى
عبد المولي,عبدالمولي
عبد المومن,عبدالمومن
عبد الناجى,عبدالناجى
عبد الناجي,عبدالناجي
عبد النادى,عبدالنادى
عبد النادي,عبدالنادي
عبد الناصر,عبدالناصر
عبدالناصرابراهيم,عبدالناصر ابراهيم
عبدالناصراحمد,عبدالناصر احمد
عبدالناصرعبدالحكيم,عبدالناصر عبدالحكيم
عبدالناصرعثمان,عبدالناصر عثمان
عبد الناصرالجمل,عبدالناصرالجمل
عبد الناصرندا,عبدالناصرندا
عبد الناصف,عبدالناصف
عبد الناظر,عبدالناظر
عبد الناظور,عبدالناظور
عبد النافع,عبدالنافع
عبد النبوى,عبدالنبوى
عبد النبـــى,عبدالنبى
عبد النبـى,عبدالنبى
عبد النبى,عبدالنبى
عبدالنبـــى,عبدالنبى
عبدالنبـى,عبدالنبى
عبد النبي,عبدالنبي
عبد النجا,عبدالنجا
عبد النجاح,عبدالنجاح
عبد النجيرى,عبدالنجيرى
عبد الندير,عبدالندير
عبد النصر,عبدالنصر
عبد النصيح,عبدالنصيح
عبد النصير,عبدالنصير
عبد النظور,عبدالنظور
عبد النظير,عبدالنظير
عبد النعيم,عبدالنعيم
عبدالنعيـم,عبدالنعيم
عبد النور,عبدالنور
عبد النورسعيد,عبدالنور سعيد
عبدالنورسعيد,عبدالنور سعيد
عبد النورعطيه,عبدالنور عطيه
عبدالنورعطيه,عبدالنور عطيه
عبد النوراندراوس,عبدالنوراندراوس
عبد النورعياد,عبدالنورعياد
عبد النيل,عبدالنيل
عبد النيى,عبدالنيى
عبد الها,عبدالها
عبد الهادى,عبدالهادى
عبد الهـادى,عبدالهادى
عبدالهـادى,عبدالهادى
عبـد الهـادى,عبدالهادى
عبـدالهـادى,عبدالهادى
عبد الهادي,عبدالهادي
عبد الهارونى,عبدالهارونى
عبد الهاشم,عبدالهاشم
عبد الهاى,عبدالهاى
عبد الهيبه,عبدالهيبه
عبد الواجد,عبدالواجد
عبد الواحد,عبدالواحد
عبدالواحدعبدالحميد,عبدالواحد عبدالحميد
عبدالواحدعبدالعليم,عبدالواحد عبدالعليم
عبد الواحدعلي,عبدالواحدعلي
عبد الوادود,عبدالوادود
عبد الوارث,عبدالوارث
عبد الواسع,عبدالواسع
عبد الواصل,عبدالواصل
عبد الوالى,عبدالوالى
عبد الوالي,عبدالوالي
عبد الواهب,عبدالواهب
عبد الوجيد,عبدالوجيد
عبد الوجيه,عبدالوجيه
عبد الوحد,عبدالوحد
عبد الوحيد,عبدالوحيد
عبد الودود,عبدالودود
عبد الودودعبدالهادى,عبدالودودعبدالهادى
عبد الوراث,عبدالوراث
عبد الوسيع,عبدالوسيع
عبد الوصيف,عبدالوصيف
عبد الوفا,عبدالوفا
عبد الوفى,عبدالوفى
عبد الوكيل,عبدالوكيل
عبد الولى,عبدالولى
عبد الولي,عبدالولي
عبد الونيس,عبدالونيس
عبد الوهاب,عبدالوهاب
عبد الوهيب,عبدالوهيب
عبد الياس,عبدالياس
عبد امين,عبدامين
عبد باسليوس,عبدباسليوس
عبد بركات,عبدبركات
عبد برمو,عبدبرمو
عبد بطرس,عبدبطرس
عبد بولس,عبدبولس
عبد تاوضروس,عبدتاوضروس
عبد ثابت,عبدثابت
عبد جاد,عبدجاد
عبد جادالرب,عبدجادالرب
عبد جبر,عبدجبر
عبد حامد,عبدحامد
عبد حداد,عبدحداد
عبد حسن,عبدحسن
عبد حسنين,عبدحسنين
عبد حسين,عبدحسين
عبد حلاسه,عبدحلاسه
عبد حميدو,عبدحميدو
عبد حنا,عبدحنا
عبد خاميدوف,عبدخاميدوف
عبد خريس,عبدخريس
عبد خزيم,عبدخزيم
عبد خلف,عبدخلف
عبد خليفة,عبدخليفة
عبد خليل,عبدخليل
عبد داود,عبدداود
عبد ر,عبدر
عبد رب,عبدرب
عبدرب الرسول,عبدربالرسول
عبد رب النبى,عبدربالنبى
عبدرب النبى,عبدربالنبى
عبد رب النبي,عبدربالنبي
عبدرب النبي,عبدربالنبي
عبد ربة,عبدربة
عبد ربه,عبدربه
عبد ربو,عبدربو
عبد رزق,عبدرزق
عبد رضوان,عبدرضوان
عبد ره,عبدره
عبد روبى,عبدروبى
عبد روفائيل,عبدروفائيل
عبد زقيم,عبدزقيم
عبد زيد,عبدزيد
عبد سحيل,عبدسحيل
عبد سركيس,عبدسركيس
عبد سعد,عبدسعد
عبد سعيد,عبدسعيد
عبد سلطان,عبدسلطان
عبد سليم,عبدسليم
عبد سليمان,عبدسليمان
عبد سيدنا,عبدسيدنا
عبد سيده,عبدسيده
عبد شريقى,عبدشريقى
عبد صالح,عبدصالح
عبد صبحى,عبدصبحى
عبد ضيف,عبدضيف
عبد عادل,عبدعادل
عبد عازر,عبدعازر
عبد عبدالعال,عبدعبدالعال
عبد عبدالله,عبدعبدالله
عبد عثمان,عبدعثمان
عبد على,عبدعلى
عبد علي,عبدعلي
عبد عوض,عبدعوض
عبد عوينات,عبدعوينات
عبد عياد,عبدعياد
عبد عيد,عبدعيد
عبد غريب,عبدغريب
عبد غزال,عبدغزال
عبد غطاس,عبدغطاس
عبد فرج,عبدفرج
عبد فهيد,عبدفهيد
عبد قرشى,عبدقرشى
عبد قنيطه,عبدقنيطه
عبد كامل,عبدكامل
عبد كردى,عبدكردى
عبد لا,عبدلا
عبد لجليل,عبدلجليل
عبد لرازق,عبدلرازق
عبد لواحد,عبدلواحد
عبد لويس,عبدلويس
عبد مالك,عبدمالك
عبد محروس,عبدمحروس
عبد محسن,عبدمحسن
عبد محمد,عبدمحمد
عبد محمود,عبدمحمود
عبد مدره,عبدمدره
عبد مرزوق,عبدمرزوق
عبد مريم,عبدمريم
عبد مسعد,عبدمسعد
عبد مسلم,عبدمسلم
عبد مناع,عبدمناع
عبد مناف,عبدمناف
عبد منديله,عبدمنديله
عبد منير,عبدمنير
عبد مهنى,عبدمهنى
عبد موسى,عبدموسى
عبد نبيل,عبدنبيل
عبد نجيب,عبدنجيب
عبد نصرالله,عبدنصرالله
عبد نصيف,عبدنصيف
عبد ه,عبده
عبـده,عبده
عبــــده,عبده
عبده الحق,عبدهالحق
عبده السعيد,عبدهالسعيد
عبده السيد,عبدهالسيد
عبده ربه,عبدهربه
عبده زين الدين,عبدهزينالدين
عبده شرف الدين,عبدهشرفالدين
عبده على الدين,عبدهعلىالدين
عبد هلال,عبدهلال
عبده نور الدين,عبدهنورالدين
عبد ورشانه,عبدورشانه
عبد يعقوب,عبديعقوب
عبد يوسف,عبديوسف
عبد يونان,عبديونان
عبـيـد,عبيد
عبيـد,عبيد
عبيدحامد,عبيد حامد
عبيد الرحمن,عبيدالرحمن
عبيد الـله,عبيدالله
عبيد اللـه,عبيدالله
عبيد الله,عبيدالله
عبيدالـله,عبيدالله
عبيداللـه,عبيدالله
عبيــده,عبيده
عتـــمان,عتمان
عتيق الدين,عتيقالدين
عثمان_x000D_,عثمان
عثمــان,عثمان
عثمان علم الدين,عثمانعلمالدين
عدل الدين,عدلالدين
عدل الله,عدلالله
عد لى,عدلى
عدلى الدين,عدلىالدين
عـدنان,عدنان
عراقى الدين,عراقىالدين
عراقى نور الدين,عراقىنورالدين
عربـان,عربان
عرز الدين,عرزالدين
عرفـات,عرفات
عـرفـه,عرفه
عرفه شرف الدين,عرفهشرفالدين
عريبــى,عريبى
عــز,عز
عز الاسلام,عزالاسلام
عز الدولة,عزالدولة
عز الدوله,عزالدوله
عز الدين,عزالدين
عز الرجال,عزالرجال
عز السعيد,عزالسعيد
عز العرب,عزالعرب
عز الله,عزالله
عزب العرب,عزبالعرب
عزب علم الدين,عزبعلمالدين
عز ت,عزت
عزت عز الدين,عزتعزالدين
عزت علم الدين,عزتعلمالدين
عز عز الدين,عزعزالدين
عز على الدين,عزعلىالدين
عـزه,عزه
عزوزعلى,عزوز على
عزيزاحمد,عزيز احمد
عزيزعبدالملك,عزيز عبدالملك
عزيزمحمد,عزيز محمد
عزيزمحمود,عزيز محمود
عزيزيوسف,عزيز يوسف
عزيز الدين,عزيزالدين
عزيز عز الدين,عزيزعزالدين
عزيزعشم الله,عزيزعشمالله
عزيزعطا الله,عزيزعطاالله
عشما الله,عشماالله
عشم الله,عشمالله
عصـام,عصام
عصام الدين,عصامالدين
عصام عز الدين,عصامعزالدين
عصام علم الدين,عصامعلمالدين
عصمت الله,عصمتالله
عطـا,عطا
عطااحمد,عطا احمد
عطاعبداللطيف,عطا عبداللطيف
عطامحمد,عطا محمد
عطاء الدين,عطاءالدين
عطاء الله,عطاءالله
عطا الحق,عطاالحق
عطا الرب,عطاالرب
عطا الرحمن,عطاالرحمن
عطا السيد,عطاالسيد
عطا الكريم,عطاالكريم
عطا الـلـه,عطاالله
عطا الـله,عطاالله
عطا اللة,عطاالله
عطا اللـه,عطاالله
عطا الله,عطاالله
عطا للـه,عطاالله
عطا لله,عطاالله
عطا للّه,عطاالله
عطاالـلـه,عطاالله
عطاالـله,عطاالله
عطااللـه,عطاالله
عطااللّه,عطاالله
عطاللـه,عطاالله
عـطـا الله,عطاالله
عـطـاالله,عطاالله
عطا ربه,عطاربه
عطا على الدين,عطاعلىالدين
عطالـله,عطالله
عطاللّه,عطالله
عطايا الله,عطاياالله
عطاية الله,عطايةالله
عطايت الله,عطايتالله
عطايه الله,عطايهالله
عطف الله,عطفالله
عطه الله,عطهالله
عطى الله,عطىالله
عطيةالطنطاوى,عطية الطنطاوى
عطيةعبدالحميد,عطية عبدالحميد
عطيةعبدالقادر,عطية عبدالقادر
عطيةعلى,عطية على
عطية الله,عطيةالله
عطيةعبد الحليم,عطيةعبدالحليم
عطيةعبد النبي,عطيةعبدالنبي
عطيت الله,عطيتالله
عطيته الله,عطيتهالله
عطيطا الله,عطيطاالله
عطيط الله,عطيطالله
عطيـــه,عطيه
عطيه الرحمن,عطيهالرحمن
عطيه السيد,عطيهالسيد
عطيه الـله,عطيهالله
عطيه الله,عطيهالله
عطيهالـله,عطيهالله
عظيم النور,عظيمالنور
عفا الله,عفاالله
عـفـيـفـى,عفيفى
عفـيـفـى,عفيفى
عــــــــلا,علا
عـلا,علا
عـلاء,علاء
علا ء,علاء
علاءاحمد,علاء احمد
علاءمحمد,علاء محمد
علاء الدين,علاءالدين
علاء السعيد,علاءالسعيد
علاء السيد,علاءالسيد
علاء الله,علاءالله
علاء جمال الدين,علاءجمالالدين
علاء صلاح الدين,علاءصلاحالدين
علاء عابدين,علاءعابدين
علاء عز الدين,علاءعزالدين
علاء علم الدين,علاءعلمالدين
علاء كمال الدين,علاءكمالالدين
علا الله,علاالله
عــلام,علام
علام الدين,علامالدين
علم الدين,علمالدين
علم الهدى,علمالهدى
علّمة,علمة
علوم الدين,علومالدين
عـلـى,على
عـلى,على
علــــــــى,على
علــــى,على
علــى,على
علـى,على
على_x000D_,على
على‏,على
على الدين,علىالدين
على السعيد,علىالسعيد
على الله,علىالله
على باهى الدين,علىباهىالدين
على تاج الدين,علىتاجالدين
على جمال الدين,علىجمالالدين
على خير الدين,علىخيرالدين
على سعد الدين,علىسعدالدين
على عابدين,علىعابدين
على علم الدين,علىعلمالدين
على علي الدين,علىعليالدين
على محى الدين,علىمحىالدين
على نجم الدين,علىنجمالدين
على نور الدين,علىنورالدين
عليみ,علي
عليــاء,علياء
علي الدين,عليالدين
علي الله,عليالله
علي علم الدين,عليعلمالدين
عما د,عماد
عمـاد,عماد
عمادابراهيم,عماد ابراهيم
عمادحمدى,عماد حمدى
عمادسيد,عماد سيد
عمادمحمد,عماد محمد
عماد الدين,عمادالدين
عماد السعيد,عمادالسعيد
عماد السيد,عمادالسيد
عماد صلاح الدين,عمادصلاحالدين
عمادعبد الظاهر,عمادعبدالظاهر
عماد عز الدين,عمادعزالدين
عماد علي الدين,عمادعليالدين
عمـار,عمار
عمــــــــــار,عمار
عمارابوبكر,عمار ابوبكر
عمارجمال,عمار جمال
عمارحسن,عمار حسن
عمارعبدالدايم,عمار عبدالدايم
عمارعمران,عمار عمران
عمــــــــاره,عماره
عـمـر,عمر
عمـر,عمر
عمــر,عمر
عمـــر,عمر
عمــــــر,عمر
عمرابراهيم,عمر ابراهيم
عمرابوزيد,عمر ابوزيد
عمرابوسليمان,عمر ابوسليمان
عمراحمد,عمر احمد
عمراسماعيل,عمر اسماعيل
عمرالبدوى,عمر البدوى
عمرالدسوقى,عمر الدسوقى
عمرالشافعى,عمر الشافعى
عمرالشبراوى,عمر الشبراوى
عمرالشرقاوى,عمر الشرقاوى
عمرالشريف,عمر الشريف
عمرالشيخ,عمر الشيخ
عمرالنجار,عمر النجار
عمرالنحاس,عمر النحاس
عمرامبابى,عمر امبابى
عمرامين,عمر امين
عمربدير,عمر بدير
عمربركات,عمر بركات
عمربشير,عمر بشير
عمرجمال,عمر جمال
عمرحجازى,عمر حجازى
عمرحسانين,عمر حسانين
عمرحسن,عمر حسن
عمرحسنين,عمر حسنين
عمرحماده,عمر حماده
عمرخطاب,عمر خطاب
عمررزق,عمر رزق
عمررشوان,عمر رشوان
عمرسالم,عمر سالم
عمرسليمان,عمر سليمان
عمرشحاته,عمر شحاته
عمرصادق,عمر صادق
عمرعامر,عمر عامر
عمرعايد,عمر عايد
عمرعباس,عمر عباس
عمرعبدالبارى,عمر عبدالبارى
عمرعبدالسميع,عمر عبدالسميع
عمرعبدالعال,عمر عبدالعال
عمرعبدالفتاح,عمر عبدالفتاح
عمرعبدالقوى,عمر عبدالقوى
عمرعبدالكافى,عمر عبدالكافى
عمرعبدالوهاب,عمر عبدالوهاب
عمرعبيد,عمر عبيد
عمرعثمان,عمر عثمان
عمرعزام,عمر عزام
عمرعطيه,عمر عطيه
عمرعلى,عمر على
عمرعلي,عمر علي
عمرعليوه,عمر عليوه
عمرعماره,عمر عماره
عمرعمر,عمر عمر
عمرعيد,عمر عيد
عمرغازى,عمر غازى
عمرفاروق,عمر فاروق
عمرقناوى,عمر قناوى
عمرمحمد,عمر محمد
عمرمحمود,عمر محمود
عمرمختار,عمر مختار
عمرمرسي,عمر مرسي
عمرمنصور,عمر منصور
عمرندا,عمر ندا
عمرنصر,عمر نصر
عمرنور,عمر نور
عمرهاشم,عمر هاشم
عمرهمام,عمر همام
عمريوسف,عمر يوسف
عمر الدين,عمرالدين
عمرزين الدين,عمرزينالدين
عمر صلاح الدين,عمرصلاحالدين
عمر عابدين,عمرعابدين
عمرعبد الجواد,عمرعبدالجواد
عمرعبد الرحمن,عمرعبدالرحمن
عمركمال الدين,عمركمالالدين
عمر ناصر الدين,عمرناصرالدين
عمـرو,عمرو
عمرواحمد,عمرو احمد
عمرواسماعيل,عمرو اسماعيل
عمروالطاهر,عمرو الطاهر
عمروجابر,عمرو جابر
عمرومحمد,عمرو محمد
عمرو الدين,عمروالدين
عمروهب الله,عمروهبالله
عميد الدين,عميدالدين
عناية الله,عنايةالله
عنايه الله,عنايهالله
عنترسيد,عنتر سيد
عنترعبدالدايم,عنتر عبدالدايم
عنترعبدالمسيح,عنتر عبدالمسيح
عنترعطية,عنتر عطية
عنترفتحى,عنتر فتحى
عنترمحمد,عنتر محمد
عنترمحمود,عنتر محمود
عنترعز الدين,عنترعزالدين
عهد الدين,عهدالدين
عهد الله,عهدالله
عوادابراهيم,عواد ابراهيم
عوادمحمد,عواد محمد
عوادشرف الدين,عوادشرفالدين
عوتا الله,عوتاالله
عودة الله,عودةالله
عودت الله,عودتالله
عوده الله,عودهالله
عـــــوض,عوض
عو ض,عوض
عوض_x000D_,عوض
عوض الكريم,عوضالكريم
عوض الــله,عوضالله
عوض الـله,عوضالله
عوض اللة,عوضالله
عوض اللـه,عوضالله
عوض الله,عوضالله
عوض اللّه,عوضالله
عوضالــله,عوضالله
عوضالـله,عوضالله
عوضاللة,عوضالله
عوضاللـه,عوضالله
عوضاللّه,عوضالله
عــوضين,عوضين
عون الـله,عونالله
عون الله,عونالله
عونالـله,عونالله
عويس علم الدين,عويسعلمالدين
عيت الله,عيتالله
عــيـد,عيد
عـيـد,عيد
عيـد,عيد
عيدابراهيم,عيد ابراهيم
عيداحمد,عيد احمد
عيدصالح,عيد صالح
عيدعبدالرازق,عيد عبدالرازق
عيدعبدالرزاق,عيد عبدالرزاق
عيدعبدالسميع,عيد عبدالسميع
عيدعبداللا,عيد عبداللا
عيدعبدالمجيد,عيد عبدالمجيد
عيدعبدالمرضى,عيد عبدالمرضى
عيدعبدالمعطى,عيد عبدالمعطى
عيدعليان,عيد عليان
عيدعمرو,عيد عمرو
عيدمحمد,عيد محمد
عيدمحمود,عيد محمود
عيدمصطفي,عيد مصطفي
عيد الدين,عيدالدين
عيد الرحمن,عيدالرحمن
عيد السعيد,عيدالسعيد
عيد السيد,عيدالسيد
عيد الله,عيدالله
عيدزين الدين,عيدزينالدين
عيد صلاح الدين,عيدصلاحالدين
عيد محى الدين,عيدمحىالدين
عيسـوى,عيسوى
عيســى,عيسى
عيسـى,عيسى
عيســـــي,عيسي
غـازى,غازى
غايت الله,غايتالله
غبد الله,غبدالله
غبـريـال,غبريال
غــبــريـــال,غبريال
غرز الدين,غرزالدين
غرس الدين,غرسالدين
غر يب,غريب
غــزال,غزال
غـلاب,غلاب
غلام الله,غلامالله
غنيـم,غنيم
غنيم الله,غنيمالله
غـنـيـــه,غنيه
غياث الدين,غياثالدين
غيث الله,غيثالله
فؤ اد,فؤاد
فؤاداحمد,فؤاد احمد
فؤادحامد,فؤاد حامد
فؤادرجب,فؤاد رجب
فؤادعبدالحميد,فؤاد عبدالحميد
فؤادعبدالرازق,فؤاد عبدالرازق
فؤادعبدالقادر,فؤاد عبدالقادر
فؤادعثمان,فؤاد عثمان
فؤادعلى,فؤاد على
فؤادعلي,فؤاد علي
فؤادمحمد,فؤاد محمد
فؤادمحمود,فؤاد محمود
فؤادمصطفي,فؤاد مصطفي
فؤاد الدين,فؤادالدين
فؤاد شرف الدين,فؤادشرفالدين
فؤادشمس الدين,فؤادشمسالدين
فادى الدين,فادىالدين
فارس الدين,فارسالدين
فاروز الدين,فاروزالدين
فاروق.,فاروق
فاروق سعد الدين,فاروقسعدالدين
فاروق علم الدين,فاروقعلمالدين
فاروق نور الدين,فاروقنورالدين
فاز الله,فازالله
فاطمة الزهراء,فاطمةالزهراء
فـاوى,فاوى
فـايــد,فايد
فايزامين,فايز امين
فايزحسن,فايز حسن
فايزعطيه,فايز عطيه
فايزعمر,فايز عمر
فايزمحمد,فايز محمد
فايز السعيد,فايزالسعيد
فايز الله,فايزالله
فايزتيم الله,فايزتيمالله
فايزفرج الله,فايزفرجالله
فايق علي الدين,فايقعليالدين
فتحا لله,فتحاالله
فتحالله,فتحاالله
فتح الباب,فتحالباب
فتح الدين,فتحالدين
فتح الرحمن,فتحالرحمن
فتح الكريم,فتحالكريم
فتح الـلـه,فتحالله
فتح الـله,فتحالله
فتح اللة,فتحالله
فتح اللــــــه,فتحالله
فتح اللـه,فتحالله
فتح الله,فتحالله
فتحالـلـه,فتحالله
فتحالـله,فتحالله
فتحاللة,فتحالله
فتحاللــــــه,فتحالله
فتحاللـه,فتحالله
فتحــى,فتحى
فتـحى,فتحى
فتحى الدين,فتحىالدين
فتحى الرحمن,فتحىالرحمن
فتحى سراج الدين,فتحىسراجالدين
فتحى شمس الدين,فتحىشمسالدين
فتحى عابدين,فتحىعابدين
فتحى عز الدين,فتحىعزالدين
فتحى علم الدين,فتحىعلمالدين
فتحى نور الدين,فتحىنورالدين
فتحي الدين,فتحيالدين
فتحي علي الدين,فتحيعليالدين
فج النور,فجالنور
فجر الاسلام,فجرالاسلام
فخر الاسلام,فخرالاسلام
فخر الدين,فخرالدين
فخر السيد,فخرالسيد
فخرى الدين,فخرىالدين
فخري نور الدين,فخرينورالدين
فداء الدين,فداءالدين
فداء الله,فداءالله
فر اج,فراج
فـراج,فراج
فر ج,فرج
فـرج,فرج
فرجا الله,فرجاالله
فرج الدين,فرجالدين
فرج الـله,فرجالله
فرج اللة,فرجالله
فرج اللـه,فرجالله
فرج الله,فرجالله
فرجالـله,فرجالله
فرجاللة,فرجالله
فرجاللـه,فرجالله
فرج عابدين,فرجعابدين
فرج على الدين,فرجعلىالدين
فرج علي الدين,فرجعليالدين
فرج نور الدين,فرجنورالدين
فـرحـه,فرحه
فرغلـى,فرغلى
فرغـلي,فرغلي
فـريال,فريال
فريداحمد,فريد احمد
فريدجلال,فريد جلال
فريدحسن,فريد حسن
فريدعلى,فريد على
فريدمحمد,فريد محمد
فريد زين الدين,فريدزينالدين
فريد سعد الدين,فريدسعدالدين
فريدعبد الهادى,فريدعبدالهادى
فريـده,فريده
فضل الدين,فضلالدين
فضل السيد,فضلالسيد
فضل الكريم,فضلالكريم
فضل الـلـه,فضلالله
فضل الـله,فضلالله
فضل اللة,فضلالله
فضل اللـه,فضلالله
فضل الله,فضلالله
فضلالـلـه,فضلالله
فضلالـله,فضلالله
فضلاللة,فضلالله
فضلاللـه,فضلالله
فضل المولى,فضلالمولى
فضل المولي,فضلالمولي
فضل النور,فضلالنور
فضل لله,فضللله
فطره الله,فطرهالله
فندي السيد,فنديالسيد
فهد الدين,فهدالدين
فهم الله,فهمالله
فـهمى,فهمى
فهمى على الدين,فهمىعلىالدين
فهيم تاج الدين,فهيمتاجالدين
فوز الدين,فوزالدين
فوز الله,فوزالله
فـوزى,فوزى
فوز ى,فوزى
فوزى الدين,فوزىالدين
فوزى عابدين,فوزىعابدين
فوزى كمال الدين,فوزىكمالالدين
فيز الله,فيزالله
فيض الرحمن,فيضالرحمن
فيض الكريم,فيضالكريم
فيض الله,فيضالله
فيظ الـله,فيظالله
فيظ الله,فيظالله
فيظالـله,فيظالله
فيلــــوبــاتير,فيلوباتير
فيلـوبـاتيـر,فيلوباتير
قا ئد,قائد
قاسم الله,قاسمالله
قبيصـى,قبيصى
قدوس الله,قدوسالله
قـرنى,قرنى
قره عين,قرهعين
قريب الله,قريبالله
قسم الله,قسمالله
قشير‏,قشير
قصد الله,قصدالله
قصر الله,قصرالله
قضاء الله,قضاءالله
قطـب,قطب
قـطـب,قطب
قطب الدين,قطبالدين
قطب سعد الدين,قطبسعدالدين
قطب علم الدين,قطبعلمالدين
قــلادة,قلادة
قمر_x000D_,قمر
قمر الدولة,قمرالدولة
قمر الدوله,قمرالدوله
قمر الدين,قمرالدين
قنا وى,قناوى
قنا وي,قناوي
قنــاوي,قناوي
قـــنــبــر,قنبر
قنديــل,قنديل
قنديل شمس الدين,قنديلشمسالدين
كا مل,كامل
كامل الدين,كاملالدين
كامل اى الدين,كاملاىالدين
كامل زين الدين,كاملزينالدين
كامل كرم الدين,كاملكرمالدين
كتبى علم الدين,كتبىعلمالدين
كرامة الله,كرامةالله
كربم الدين,كربمالدين
كر م,كرم
كرم الدين,كرمالدين
كرم اللة,كرمالله
كرم الله,كرمالله
كرماللة,كرمالله
كريم الدين,كريمالدين
كريم الله,كريمالله
كريـمـه,كريمه
كفافــــى,كفافى
كما ل,كمال
كمال‏,كمال
كَمال,كمال
كما ل الدين,كمالالدين
كمال الدين,كمالالدين
كمال تاج الدين,كمالتاجالدين
كمال ساعى الدين,كمالساعىالدين
كميل الدين,كميلالدين
كنـزى,كنزى
كيـاد,كياد
لـــــــؤى,لؤى
لؤى الدين,لؤىالدين
لؤي الدين,لؤيالدين
لاشــيـن,لاشين
لاشـيـن,لاشين
لاشيـن,لاشين
لطف الله,لطفالله
لطفى الله,لطفىالله
لطفي نور الدين,لطفينورالدين
لقاء الله,لقاءالله
لواء الدين,لواءالدين
لوجـى,لوجى
لوجيـن,لوجين
لوقــا,لوقا
لى لى,لىلى
لي لى,ليلى
لي لي,ليلي
مأمن بالله,مأمنبالله
مؤمن بالله,مؤمنبالله
مؤيد الدين,مؤيدالدين
مؤيد بالله,مؤيدبالله
مئـاب,مئاب
ماَب,ماب
ماّب,ماب
ماجدعبدالحميد,ماجد عبدالحميد
ما ركو,ماركو
مـارلا,مارلا
ماريـنـا,مارينا
مـازن,مازن
ماشاء الله,ماشاءالله
ماضـى,ماضى
ما مون,مامون
ماهرحامد,ماهر حامد
ماهرحسن,ماهر حسن
ماهرحسين,ماهر حسين
ماهرسعد,ماهر سعد
ماهرعبدالباقى,ماهر عبدالباقى
ماهرعبدالجليل,ماهر عبدالجليل
ماهرعبدالعزيز,ماهر عبدالعزيز
ماهرعبدالفتاح,ماهر عبدالفتاح
ماهرعبدالمجيد,ماهر عبدالمجيد
ماهرعلى,ماهر على
ماهرمحمد,ماهر محمد
مايـا,مايا
مبا رك,مبارك
متقى الله,متقىالله
متولـى,متولى
متولى على الدين,متولىعلىالدين
مجاهدأحمد,مجاهد أحمد
مجاهدابورزق,مجاهد ابورزق
مجاهداحمد,مجاهد احمد
مجاهدعلى,مجاهد على
مجاهدمحمد,مجاهد محمد
مجاهد نور الدين,مجاهدنورالدين
مجد الإسلام,مجدالإسلام
مجد الاسلام,مجدالاسلام
مجد الدين,مجدالدين
مجد العرب,مجدالعرب
مجد الله,مجدالله
مجدى الدين,مجدىالدين
مجدى محى الدين,مجدىمحىالدين
مجدي الدين,مجديالدين
مجيب الرحمن,مجيبالرحمن
مجيب الله,مجيبالله
محب الدين,محبالدين
محب الله,محبالله
محبة الله,محبةالله
محبه الله,محبهالله
محـجـوب,محجوب
محر وس,محروس
محروس آى الدين,محروسآىالدين
محسن على الدين,محسنعلىالدين
محسوب الدين,محسوبالدين
محسوب النبى,محسوبالنبى
محسوب النبي,محسوبالنبي
محفوظ الدين,محفوظالدين
محـــمد,محمد
محـمـد,محمد
محمد_x000D_,محمد
محمـد,محمد
محمــد,محمد
محمـــد,محمد
محمــــد,محمد
محمـــــد,محمد
مـحـمـد,محمد
مـحمـد,محمد
محمدأبوالعزم,محمد أبوالعزم
محمدأبوالعنين,محمد أبوالعنين
محمدأبوالليل,محمد أبوالليل
محمدأبوزيد,محمد أبوزيد
محمدأبوسيدأحمد,محمد أبوسيدأحمد
محمدأبوصقر,محمد أبوصقر
محمدأبونار,محمد أبونار
محمدأحمد,محمد أحمد
محمدأمام,محمد أمام
محمدأمين,محمد أمين
محمدأنور,محمد أنور
محمدإبراهيم,محمد إبراهيم
محمدابراهيم,محمد ابراهيم
محمدابوالحاج,محمد ابوالحاج
محمدابوالحسن,محمد ابوالحسن
محمدابوالخير,محمد ابوالخير
محمدابوالدهب,محمد ابوالدهب
محمدابوالسعود,محمد ابوالسعود
محمدابوالعزم,محمد ابوالعزم
محمدابوالعلا,محمد ابوالعلا
محمدابوالعمايم,محمد ابوالعمايم
محمدابوالعيش,محمد ابوالعيش
محمدابوالعينين,محمد ابوالعينين
محمدابوالفتح,محمد ابوالفتح
محمدابوالفتوح,محمد ابوالفتوح
محمدابوالمرسى,محمد ابوالمرسى
محمدابوالمعاطى,محمد ابوالمعاطى
محمدابوالمكارم,محمد ابوالمكارم
محمدابوالوفا,محمد ابوالوفا
محمدابواليزيد,محمد ابواليزيد
محمدابوبكر,محمد ابوبكر
محمدابوجودة,محمد ابوجودة
محمدابوحامد,محمد ابوحامد
محمدابوحسن,محمد ابوحسن
محمدابوحطب,محمد ابوحطب
محمدابوحليمة,محمد ابوحليمة
محمدابوحليمه,محمد ابوحليمه
محمدابوخليل,محمد ابوخليل
محمدابوداغر,محمد ابوداغر
محمدابوزيد,محمد ابوزيد
محمدابوسته,محمد ابوسته
محمدابوسريع,محمد ابوسريع
محمدابوسعدة,محمد ابوسعدة
محمدابوسقاية,محمد ابوسقاية
محمدابوسنه,محمد ابوسنه
محمدابوشادى,محمد ابوشادى
محمدابوشاهين,محمد ابوشاهين
محمدابوشبك,محمد ابوشبك
محمدابوشعله,محمد ابوشعله
محمدابوشعيشع,محمد ابوشعيشع
محمدابوشقه,محمد ابوشقه
محمدابوشنب,محمد ابوشنب
محمدابوضلع,محمد ابوضلع
محمدابوضيف,محمد ابوضيف
محمدابوطيبه,محمد ابوطيبه
محمدابوعبده,محمد ابوعبده
محمدابوعرب,محمد ابوعرب
محمدابوعلي,محمد ابوعلي
محمدابوعماره,محمد ابوعماره
محمدابوعمر,محمد ابوعمر
محمدابوعميرة,محمد ابوعميرة
محمدابوعيانه,محمد ابوعيانه
محمدابوعيشه,محمد ابوعيشه
محمدابوغنيم,محمد ابوغنيم
محمدابوقصعه,محمد ابوقصعه
محمدابومعبد,محمد ابومعبد
محمدابونار,محمد ابونار
محمدابونازل,محمد ابونازل
محمدابوهيف,محمد ابوهيف
محمدابويوسف,محمد ابويوسف
محمداحمد,محمد احمد
محمدادريس,محمد ادريس
محمدادم,محمد ادم
محمداسامه,محمد اسامه
محمداسعد,محمد اسعد
محمداسلام,محمد اسلام
محمداسماعيل,محمد اسماعيل
محمداشرف,محمد اشرف
محمدالامام,محمد الامام
محمدالامير,محمد الامير
محمدالباز,محمد الباز
محمدالبدرى,محمد البدرى
محمدالبدوى,محمد البدوى
محمدالبسيونى,محمد البسيونى
محمدالبنا,محمد البنا
محمدالبيومى,محمد البيومى
محمدالتهامى,محمد التهامى
محمدالجزار,محمد الجزار
محمدالجمال,محمد الجمال
محمدالجمل,محمد الجمل
محمدالجندى,محمد الجندى
محمدالجوهرى,محمد الجوهرى
محمدالحداد,محمد الحداد
محمدالحسن,محمد الحسن
محمدالحسين,محمد الحسين
محمدالحسينى,محمد الحسينى
محمدالحنفى,محمد الحنفى
محمدالخولى,محمد الخولى
محمدالدسوقى,محمد الدسوقى
محمدالدسوقي,محمد الدسوقي
محمدالدمرداش,محمد الدمرداش
محمدالديب,محمد الديب
محمدالرفاعى,محمد الرفاعى
محمدالسباعى,محمد السباعى
محمدالسعدنى,محمد السعدنى
محمدالسقا,محمد السقا
محمدالسمان,محمد السمان
محمدالشاذلى,محمد الشاذلى
محمدالشاعر,محمد الشاعر
محمدالشافعى,محمد الشافعى
محمدالشامى,محمد الشامى
محمدالشبراوى,محمد الشبراوى
محمدالشحات,محمد الشحات
محمدالشربينى,محمد الشربينى
محمدالشرقاوى,محمد الشرقاوى
محمدالشريف,محمد الشريف
محمدالشناوى,محمد الشناوى
محمدالشيخ,محمد الشيخ
محمدالصادق,محمد الصادق
محمدالصاوى,محمد الصاوى
محمدالصباغ,محمد الصباغ
محمدالصعيدى,محمد الصعيدى
محمدالصياد,محمد الصياد
محمدالطاهر,محمد الطاهر
محمدالطنطاوى,محمد الطنطاوى
محمدالطيب,محمد الطيب
محمدالعدل,محمد العدل
محمدالعدوى,محمد العدوى
محمدالعربى,محمد العربى
محمدالعزب,محمد العزب
محمدالعشرى,محمد العشرى
محمدالعطار,محمد العطار
محمدالعوضى,محمد العوضى
محمدالعيسوى,محمد العيسوى
محمدالغريب,محمد الغريب
محمدالفقى,محمد الفقى
محمدالقاضى,محمد القاضى
محمدالليثى,محمد الليثى
محمدالمتولى,محمد المتولى
محمدالمرسى,محمد المرسى
محمدالمصرى,محمد المصرى
محمدالمهدى,محمد المهدى
محمدالنادى,محمد النادى
محمدالنجار,محمد النجار
محمدالوكيل,محمد الوكيل
محمدامام,محمد امام
محمدامبابى,محمد امبابى
محمدامين,محمد امين
محمدانس,محمد انس
محمدانور,محمد انور
محمدايمن,محمد ايمن
محمدبحيرى,محمد بحيرى
محمدبخيت,محمد بخيت
محمدبدر,محمد بدر
محمدبدران,محمد بدران
محمدبدرى,محمد بدرى
محمدبدوى,محمد بدوى
محمدبدير,محمد بدير
محمدبركات,محمد بركات
محمدبسيونى,محمد بسيونى
محمدبسيوني,محمد بسيوني
محمدبشرى,محمد بشرى
محمدبشير,محمد بشير
محمدبكر,محمد بكر
محمدبكرى,محمد بكرى
محمدبهجت,محمد بهجت
محمدبيومى,محمد بيومى
محمدتوفيق,محمد توفيق
محمدتونى,محمد تونى
محمدثابت,محمد ثابت
محمدثروت,محمد ثروت
محمدجابر,محمد جابر
محمدجاد,محمد جاد
محمدجبر,محمد جبر
محمدجبريل,محمد جبريل
محمدجلال,محمد جلال
محمدجمال,محمد جمال
محمدجمعة,محمد جمعة
محمدجمعه,محمد جمعه
محمدجميل,محمد جميل
محمدجوهر,محمد جوهر
محمدحازم,محمد حازم
محمدحافظ,محمد حافظ
محمدحامد,محمد حامد
محمدحبيب,محمد حبيب
محمدحجاج,محمد حجاج
محمدحجازى,محمد حجازى
محمدحسام,محمد حسام
محمدحسان,محمد حسان
محمدحسانين,محمد حسانين
محمدحسن,محمد حسن
محمدحسنى,محمد حسنى
محمدحسنين,محمد حسنين
محمدحسين,محمد حسين
محمدحسينى,محمد حسينى
محمدحشمت,محمد حشمت
محمدحفنى,محمد حفنى
محمدحلمى,محمد حلمى
محمدحلمي,محمد حلمي
محمدحماد,محمد حماد
محمدحمادة,محمد حمادة
محمدحماده,محمد حماده
محمدحمد,محمد حمد
محمدحمدان,محمد حمدان
محمدحمدى,محمد حمدى
محمدحمدي,محمد حمدي
محمدحمزه,محمد حمزه
محمدحموده,محمد حموده
محمدحميده,محمد حميده
محمدخاطر,محمد خاطر
محمدخالد,محمد خالد
محمدخضر,محمد خضر
محمدخطاب,محمد خطاب
محمدخلاف,محمد خلاف
محمدخلف,محمد خلف
محمدخليفة,محمد خليفة
محمدخليفه,محمد خليفه
محمدخليل,محمد خليل
محمدخميس,محمد خميس
محمدخيرى,محمد خيرى
محمدداود,محمد داود
محمددرويش,محمد درويش
محمددسوقى,محمد دسوقى
محمددياب,محمد دياب
محمدرأفت,محمد رأفت
محمدراشد,محمد راشد
محمدراضى,محمد راضى
محمدراغب,محمد راغب
محمدربيع,محمد ربيع
محمدرجب,محمد رجب
محمدرحمه,محمد رحمه
محمدرزق,محمد رزق
محمدرسلان,محمد رسلان
محمدرشاد,محمد رشاد
محمدرشدى,محمد رشدى
محمدرشوان,محمد رشوان
محمدرضا,محمد رضا
محمدرضوان,محمد رضوان
محمدرفاعى,محمد رفاعى
محمدرفعت,محمد رفعت
محمدرفيق,محمد رفيق
محمدرمضان,محمد رمضان
محمدرياض,محمد رياض
محمدزاهر,محمد زاهر
محمدزايد,محمد زايد
محمدزكريا,محمد زكريا
محمدزكى,محمد زكى
محمدزكي,محمد زكي
محمدزهران,محمد زهران
محمدزيد,محمد زيد
محمدزيدان,محمد زيدان
محمدزين,محمد زين
محمدزينهم,محمد زينهم
محمدسالم,محمد سالم
محمدسالمان,محمد سالمان
محمدسامح,محمد سامح
محمدسامى,محمد سامى
محمدسامي,محمد سامي
محمدسرحان,محمد سرحان
محمدسرور,محمد سرور
محمدسعد,محمد سعد
محمدسعيد,محمد سعيد
محمدسلام,محمد سلام
محمدسلامة,محمد سلامة
محمدسلامه,محمد سلامه
محمدسليم,محمد سليم
محمدسليمان,محمد سليمان
محمدسمير,محمد سمير
محمدسويلم,محمد سويلم
محمدسيد,محمد سيد
محمدسيداحمد,محمد سيداحمد
محمدسيف,محمد سيف
محمدشادى,محمد شادى
محمدشاكر,محمد شاكر
محمدشاهين,محمد شاهين
محمدشبل,محمد شبل
محمدشحاتة,محمد شحاتة
محمدشحاته,محمد شحاته
محمدشرف,محمد شرف
محمدشريف,محمد شريف
محمدشعبان,محمد شعبان
محمدشعيب,محمد شعيب
محمدشفيق,محمد شفيق
محمدشلبى,محمد شلبى
محمدشهاب,محمد شهاب
محمدشوقى,محمد شوقى
محمدشوقي,محمد شوقي
محمدصابر,محمد صابر
محمدصادق,محمد صادق
محمدصالح,محمد صالح
محمدصبحى,محمد صبحى
محمدصبحي,محمد صبحي
محمدصبره,محمد صبره
محمدصبرى,محمد صبرى
محمدصبري,محمد صبري
محمدصدقى,محمد صدقى
محمدصديق,محمد صديق
محمدصفوت,محمد صفوت
محمدصقر,محمد صقر
محمدصلاح,محمد صلاح
محمدصيام,محمد صيام
محمدضياء,محمد ضياء
محمدضيف,محمد ضيف
محمدطارق,محمد طارق
محمدطاهر,محمد طاهر
محمدطلب,محمد طلب
محمدطلبه,محمد طلبه
محمدطلعت,محمد طلعت
محمدطنطاوى,محمد طنطاوى
محمدعادل,محمد عادل
محمدعاشور,محمد عاشور
محمدعاصم,محمد عاصم
محمدعاطف,محمد عاطف
محمدعامر,محمد عامر
محمدعايد,محمد عايد
محمدعباس,محمد عباس
محمدعبدالبارى,محمد عبدالبارى
محمدعبدالباعث,محمد عبدالباعث
محمدعبدالباقى,محمد عبدالباقى
محمدعبدالجليل,محمد عبدالجليل
محمدعبدالجيد,محمد عبدالجيد
محمدعبدالحافظ,محمد عبدالحافظ
محمدعبدالحفيظ,محمد عبدالحفيظ
محمدعبدالحكيم,محمد عبدالحكيم
محمدعبدالحميد,محمد عبدالحميد
محمدعبدالحى,محمد عبدالحى
محمدعبدالخالق,محمد عبدالخالق
محمدعبدالدايم,محمد عبدالدايم
محمدعبدالرؤف,محمد عبدالرؤف
محمدعبدالرازق,محمد عبدالرازق
محمدعبدالرحيم,محمد عبدالرحيم
محمدعبدالسلام,محمد عبدالسلام
محمدعبدالسميع,محمد عبدالسميع
محمدعبدالصادق,محمد عبدالصادق
محمدعبدالصبور,محمد عبدالصبور
محمدعبدالصمد,محمد عبدالصمد
محمدعبدالعاطى,محمد عبدالعاطى
محمدعبدالعاطي,محمد عبدالعاطي
محمدعبدالعال,محمد عبدالعال
محمدعبدالعزيز,محمد عبدالعزيز
محمدعبدالعظيم,محمد عبدالعظيم
محمدعبدالعليم,محمد عبدالعليم
محمدعبدالغفور,محمد عبدالغفور
محمدعبدالغنى,محمد عبدالغنى
محمدعبدالفتاح,محمد عبدالفتاح
محمدعبدالقادر,محمد عبدالقادر
محمدعبدالقدوس,محمد عبدالقدوس
محمدعبدالقوى,محمد عبدالقوى
محمدعبداللا,محمد عبداللا
محمدعبداللاه,محمد عبداللاه
محمدعبداللطيف,محمد عبداللطيف
محمدعبدالمجيد,محمد عبدالمجيد
محمدعبدالمطلب,محمد عبدالمطلب
محمدعبدالمعز,محمد عبدالمعز
محمدعبدالمعطى,محمد عبدالمعطى
محمدعبدالمعطي,محمد عبدالمعطي
محمدعبدالمغنى,محمد عبدالمغنى
محمدعبدالمقصود,محمد عبدالمقصود
محمدعبدالملك,محمد عبدالملك
محمدعبدالمنعم,محمد عبدالمنعم
محمدعبدالموجود,محمد عبدالموجود
محمدعبدالنعيم,محمد عبدالنعيم
محمدعبدالواحد,محمد عبدالواحد
محمدعبدالوهاب,محمد عبدالوهاب
محمدعبده,محمد عبده
محمدعبود,محمد عبود
محمدعبيد,محمد عبيد
محمدعثمان,محمد عثمان
محمدعدلى,محمد عدلى
محمدعرفه,محمد عرفه
محمدعزام,محمد عزام
محمدعزب,محمد عزب
محمدعزت,محمد عزت
محمدعزوز,محمد عزوز
محمدعزيز,محمد عزيز
محمدعشرى,محمد عشرى
محمدعصام,محمد عصام
محمدعطا,محمد عطا
محمدعطوه,محمد عطوه
محمدعطية,محمد عطية
محمدعطيه,محمد عطيه
محمدعفيفى,محمد عفيفى
محمدعفيفي,محمد عفيفي
محمدعقل,محمد عقل
محمدعكاشه,محمد عكاشه
محمدعلام,محمد علام
محمدعلوان,محمد علوان
محمدعلـى,محمد على
محمدعلى,محمد على
محمدعلي,محمد علي
محمدعليان,محمد عليان
محمدعليوه,محمد عليوه
محمدعماد,محمد عماد
محمدعمار,محمد عمار
محمدعماره,محمد عماره
محمدعمر,محمد عمر
محمدعمران,محمد عمران
محمدعمرو,محمد عمرو
محمدعنتر,محمد عنتر
محمدعواد,محمد عواد
محمدعوده,محمد عوده
محمدعوض,محمد عوض
محمدعويس,محمد عويس
محمدعياد,محمد عياد
محمدعيد,محمد عيد
محمدعيسوى,محمد عيسوى
محمدعيسى,محمد عيسى
محمدغازى,محمد غازى
محمدغالى,محمد غالى
محمدغانم,محمد غانم
محمدغريب,محمد غريب
محمدغنيم,محمد غنيم
محمدفؤاد,محمد فؤاد
محمدفاروق,محمد فاروق
محمدفايز,محمد فايز
محمدفتحى,محمد فتحى
محمدفتحي,محمد فتحي
محمدفراج,محمد فراج
محمدفرج,محمد فرج
محمدفرحات,محمد فرحات
محمدفرحان,محمد فرحان
محمدفرغلى,محمد فرغلى
محمدفريد,محمد فريد
محمدفكرى,محمد فكرى
محمدفهمى,محمد فهمى
محمدفهيم,محمد فهيم
محمدفوده,محمد فوده
محمدفوزى,محمد فوزى
محمدفوزي,محمد فوزي
محمدفيصل,محمد فيصل
محمدقاسم,محمد قاسم
محمدقطب,محمد قطب
محمدقنديل,محمد قنديل
محمدكامل,محمد كامل
محمدكرم,محمد كرم
محمدكريم,محمد كريم
محمدكمال,محمد كمال
محمدكيلانى,محمد كيلانى
محمدلاشين,محمد لاشين
محمدلبيب,محمد لبيب
محمدلطفى,محمد لطفى
محمدمأمون,محمد مأمون
محمدمؤمن,محمد مؤمن
محمدماجد,محمد ماجد
محمدماضى,محمد ماضى
محمدمالك,محمد مالك
محمدماهر,محمد ماهر
محمدمبارك,محمد مبارك
محمدمبروك,محمد مبروك
محمدمتولى,محمد متولى
محمدمتولي,محمد متولي
محمدمجاهد,محمد مجاهد
محمدمحرم,محمد محرم
محمدمحروس,محمد محروس
محمدمحسن,محمد محسن
محمدمحفوظ,محمد محفوظ
محمدمحمد,محمد محمد
محمدمحمدين,محمد محمدين
محمد-محمود,محمد محمود
محمدمحمود,محمد محمود
محمدمختار,محمد مختار
محمدمخلوف,محمد مخلوف
محمدمخيمر,محمد مخيمر
محمدمراد,محمد مراد
محمدمرجان,محمد مرجان
محمدمرزوق,محمد مرزوق
محمدمرسى,محمد مرسى
محمدمرسي,محمد مرسي
محمدمرعى,محمد مرعى
محمدمسعود,محمد مسعود
محمدمسلم,محمد مسلم
محمدمصطفى,محمد مصطفى
محمدمصطفي,محمد مصطفي
محمدمطر,محمد مطر
محمدمعروف,محمد معروف
محمدمعوض,محمد معوض
محمدمفتاح,محمد مفتاح
محمدمكرم,محمد مكرم
محمدممدوح,محمد ممدوح
محمدمنتصر,محمد منتصر
محمدمنصور,محمد منصور
محمدمنير,محمد منير
محمدمهاب,محمد مهاب
محمدمهدى,محمد مهدى
محمدمهران,محمد مهران
محمدمهنى,محمد مهنى
محمدموسى,محمد موسى
محمدموسي,محمد موسي
محمدناجى,محمد ناجى
محمدنادى,محمد نادى
محمدنادي,محمد نادي
محمدناصر,محمد ناصر
محمدناصف,محمد ناصف
محمدنبيل,محمد نبيل
محمدنبيه,محمد نبيه
محمدنجم,محمد نجم
محمدنجيب,محمد نجيب
محمدندا,محمد ندا
محمدنشأت,محمد نشأت
محمدنصار,محمد نصار
محمدنصر,محمد نصر
محمدنصير,محمد نصير
محمدنعمان,محمد نعمان
محمدنعيم,محمد نعيم
محمدنور,محمد نور
محمدنوفل,محمد نوفل
محمدهاشم,محمد هاشم
محمدهانى,محمد هانى
محمدهريدى,محمد هريدى
محمدهشام,محمد هشام
محمدهلال,محمد هلال
محمدهمام,محمد همام
محمدهنداوى,محمد هنداوى
محمدهيكل,محمد هيكل
محمدوائل,محمد وائل
محمدوجيه,محمد وجيه
محمدوحيد,محمد وحيد
محمدولاء,محمد ولاء
محمدوهبه,محمد وهبه
محمدوهيب,محمد وهيب
محمدياسر,محمد ياسر
محمدياسين,محمد ياسين
محمديحى,محمد يحى
محمديحيى,محمد يحيى
محمديحيي,محمد يحيي
محمديسرى,محمد يسرى
محمديسري,محمد يسري
محمديسن,محمد يسن
محمديعقوب,محمد يعقوب
محمديوسف,محمد يوسف
محمديونس,محمد يونس
محمد أى الدين,محمدأىالدين
محمد السعيد,محمدالسعيد
محمد السيد,محمدالسيد
محمدالسيدعلي,محمدالسيد علي
محمد الصغير,محمدالصغير
محمد لله,محمدالله
محمدلله,محمدالله
محمد النور,محمدالنور
محمد الهادى,محمدالهادى
محمد اى الدين,محمداىالدين
محمد بدر الدين,محمدبدرالدين
محمد بهى الدين,محمدبهىالدين
محمدبهى الدين,محمدبهىالدين
محمد تاج الدين,محمدتاجالدين
محمدتاج الدين,محمدتاجالدين
محمدجاب الله,محمدجابالله
محمدجاد الله,محمدجادالله
محمدجاداللـه,محمدجادالله
محمد جلال الدين,محمدجلالالدين
محمدجلال الدين,محمدجلالالدين
محمد جمال الدين,محمدجمالالدين
محمدجمال الدين,محمدجمالالدين
محمد حسام الدين,محمدحسامالدين
محمدحسام الدين,محمدحسامالدين
محمدخلف الله,محمدخلفالله
محمد خير الدين,محمدخيرالدين
محمد زكى الدين,محمدزكىالدين
محمدزكي الدين,محمدزكيالدين
محمد زين الدين,محمدزينالدين
محمدزين الدين,محمدزينالدين
محمد سعد الدين,محمدسعدالدين
محمدسعد الدين,محمدسعدالدين
محمد شرف الدين,محمدشرفالدين
محمد شمس الدين,محمدشمسالدين
محمدشمس الدين,محمدشمسالدين
محمد شهاب الدين,محمدشهابالدين
محمدصفى الدين,محمدصفىالدين
محمد صلاح الدين,محمدصلاحالدين
محمدصلاح الدين,محمدصلاحالدين
محمد ضياء الدين,محمدضياءالدين
محمدضياء الدين,محمدضياءالدين
محمد عابدين,محمدعابدين
محمدعبد الجواد,محمدعبدالجواد
محمدعبدالجوادشريف,محمدعبدالجواد شريف
محمدعبد الحليم,محمدعبدالحليم
محمدعبد الرحمن,محمدعبدالرحمن
محمدعبد الرسول,محمدعبدالرسول
محمدعبد الغفار,محمدعبدالغفار
محمدعبد الكريم,محمدعبدالكريم
محمدعبد الله,محمدعبدالله
محمدعبد المولى,محمدعبدالمولى
محمدعبد الناصر,محمدعبدالناصر
محمدعبد النبى,محمدعبدالنبى
محمدعبد النبي,محمدعبدالنبي
محمدعبد الهادى,محمدعبدالهادى
محمدعبد ربه,محمدعبدربه
محمد عز الدين,محمدعزالدين
محمدعز الدين,محمدعزالدين
محمد عصام الدين,محمدعصامالدين
محمدعطا الله,محمدعطاالله
محمد علاء الدين,محمدعلاءالدين
محمد علم الدين,محمدعلمالدين
محمد على الدين,محمدعلىالدين
محمد علي الدين,محمدعليالدين
محمدعلي الدين,محمدعليالدين
محمد عماد الدين,محمدعمادالدين
محمدعماد الدين,محمدعمادالدين
محمدعوض الله,محمدعوضالله
محمدفتح الله,محمدفتحالله
محمد فخر الدين,محمدفخرالدين
محمدفرج الله,محمدفرجالله
محمدفضل الله,محمدفضلالله
محمد كريم الدين,محمدكريمالدين
محمد كمال الدين,محمدكمالالدين
محمدكمال الدين,محمدكمالالدين
محمد محى الدين,محمدمحىالدين
محمدمحى الدين,محمدمحىالدين
محمدمحي الدين,محمدمحيالدين
محمد نجم الدين,محمدنجمالدين
محمد نصر الدين,محمدنصرالدين
محمدنصر الدين,محمدنصرالدين
محمد نور الدين,محمدنورالدين
محمدوفاء الدين,محمدوفاءالدين
محمد ولى الدين,محمدولىالدين
محمدين خير الدين,محمدينخيرالدين
محمـــود,محمود
محمــود,محمود
محمـود,محمود
مـحـمـود,محمود
مـحمـود,محمود
محمودأبوالعزم,محمود أبوالعزم
محمودأبوالعلا,محمود أبوالعلا
محمودأبوالمجد,محمود أبوالمجد
محمودأبوحجر,محمود أبوحجر
محمودأحمد,محمود أحمد
محمودابراهيم,محمود ابراهيم
محمودابوالخير,محمود ابوالخير
محمودابوالعلا,محمود ابوالعلا
محمودابوالفتوح,محمود ابوالفتوح
محمودابوبكر,محمود ابوبكر
محمودابوسعيد,محمود ابوسعيد
محمودابوشنب,محمود ابوشنب
محمودابوشوشة,محمود ابوشوشة
محمودابونعمه,محمود ابونعمه
محموداحمد,محمود احمد
محموداسماعيل,محمود اسماعيل
محمودالباز,محمود الباز
محمودالتهامى,محمود التهامى
محمودالجمل,محمود الجمل
محمودالحسينى,محمود الحسينى
محمودالدسوقى,محمود الدسوقى
محمودالديب,محمود الديب
محمودالسباعى,محمود السباعى
محمودالسمان,محمود السمان
محمودالشامى,محمود الشامى
محمودالشحات,محمود الشحات
محمودالشريف,محمود الشريف
محمودالششتاوى,محمود الششتاوى
محمودالشيخ,محمود الشيخ
محمودالصاوى,محمود الصاوى
محمودالصعيدى,محمود الصعيدى
محمودالصياد,محمود الصياد
محمودالعبد,محمود العبد
محمودالفقى,محمود الفقى
محمودالليثى,محمود الليثى
محمودالمتولى,محمود المتولى
محمودالمصرى,محمود المصرى
محمودالنجار,محمود النجار
محمودامام,محمود امام
محمودامين,محمود امين
محمودبدر,محمود بدر
محمودبدوى,محمود بدوى
محمودبدير,محمود بدير
محمودبركات,محمود بركات
محمودبسيونى,محمود بسيونى
محمودبكرى,محمود بكرى
محمودبيومى,محمود بيومى
محمودتوفيق,محمود توفيق
محمودجابر,محمود جابر
محمودجاد,محمود جاد
محمودجعفر,محمود جعفر
محمودجمعه,محمود جمعه
محمودحافظ,محمود حافظ
محمودحجازى,محمود حجازى
محمودحجازي,محمود حجازي
محمودحسان,محمود حسان
محمودحسانين,محمود حسانين
محمودحسن,محمود حسن
محمودحسنين,محمود حسنين
محمودحسين,محمود حسين
محمودحفنى,محمود حفنى
محمودحماد,محمود حماد
محمودحمد,محمود حمد
محمودحمدان,محمود حمدان
محمودحمدى,محمود حمدى
محمودحموده,محمود حموده
محمودحنفى,محمود حنفى
محمودخضر,محمود خضر
محمودخطاب,محمود خطاب
محمودخليفه,محمود خليفه
محمودخليل,محمود خليل
محمودخميس,محمود خميس
محمودخيرى,محمود خيرى
محموددرويش,محمود درويش
محمودراشد,محمود راشد
محمودرسلان,محمود رسلان
محمودرضوان,محمود رضوان
محمودزكى,محمود زكى
محمودسالم,محمود سالم
محمودسعد,محمود سعد
محمودسلامه,محمود سلامه
محمودسليم,محمود سليم
محمودسليمان,محمود سليمان
محمودسيد,محمود سيد
محمودشاكر,محمود شاكر
محمودشعبان,محمود شعبان
محمودشلبى,محمود شلبى
محمودشوقى,محمود شوقى
محمودصابر,محمود صابر
محمودصالح,محمود صالح
محمودصفوت,محمود صفوت
محمودصقر,محمود صقر
محمودصيام,محمود صيام
محمودطلب,محمود طلب
محمودطلبه,محمود طلبه
محمودعادل,محمود عادل
محمودعاشور,محمود عاشور
محمودعامر,محمود عامر
محمودعباس,محمود عباس
محمودعبدالجليل,محمود عبدالجليل
محمودعبدالحافظ,محمود عبدالحافظ
محمودعبدالحميد,محمود عبدالحميد
محمودعبدالحى,محمود عبدالحى
محمودعبدالدايم,محمود عبدالدايم
محمودعبدالرازق,محمود عبدالرازق
محمودعبدالسلام,محمود عبدالسلام
محمودعبدالعاطى,محمود عبدالعاطى
محمودعبدالعال,محمود عبدالعال
محمودعبدالعزيز,محمود عبدالعزيز
محمودعبدالعليم,محمود عبدالعليم
محمودعبدالفتاح,محمود عبدالفتاح
محمودعبدالقادر,محمود عبدالقادر
محمودعبداللطيف,محمود عبداللطيف
محمودعبدالمجيد,محمود عبدالمجيد
محمودعبدالمطلب,محمود عبدالمطلب
محمودعبدالمقصود,محمود عبدالمقصود
محمودعبدالواحد,محمود عبدالواحد
محمودعبده,محمود عبده
محمودعبيد,محمود عبيد
محمودعثمان,محمود عثمان
محمودعزام,محمود عزام
محمودعزت,محمود عزت
محمودعطا,محمود عطا
محمودعطوه,محمود عطوه
محمودعطية,محمود عطية
محمودعطيه,محمود عطيه
محمودعفيفى,محمود عفيفى
محمودعكاشه,محمود عكاشه
محمودعلى,محمود على
محمودعلي,محمود علي
محمودعليوه,محمود عليوه
محمودعمر,محمود عمر
محمودعمران,محمود عمران
محمودعوض,محمود عوض
محمودعياد,محمود عياد
محمودعيد,محمود عيد
محمودعيسى,محمود عيسى
محمودعيسي,محمود عيسي
محمودغالى,محمود غالى
محمودغانم,محمود غانم
محمودغريب,محمود غريب
محمودغنيم,محمود غنيم
محمودفؤاد,محمود فؤاد
محمودفتحى,محمود فتحى
محمودفخرى,محمود فخرى
محمودفرج,محمود فرج
محمودفهمى,محمود فهمى
محمودقاسم,محمود قاسم
محمودقناوى,محمود قناوى
محمودكامل,محمود كامل
محمودكمال,محمود كمال
محمودمبارك,محمود مبارك
محمودمتولى,محمود متولى
محمودمتولي,محمود متولي
محمودمحجوب,محمود محجوب
محمودمحمد,محمود محمد
محمودمحمود,محمود محمود
محمودمرسى,محمود مرسى
محمودمسعود,محمود مسعود
محمودمصطفى,محمود مصطفى
محمودمفتاح,محمود مفتاح
محمودمهدى,محمود مهدى
محمودموسى,محمود موسى
محمودموسي,محمود موسي
محمودنصار,محمود نصار
محمودنصر,محمود نصر
محمودهاشم,محمود هاشم
محمودهانى,محمود هانى
محمودهمام,محمود همام
محمودهيكل,محمود هيكل
محموديوسف,محمود يوسف
محموديونس,محمود يونس
محمود الدين,محمودالدين
محمودالسيدمحمد,محمودالسيد محمد
محمود تاج الدين,محمودتاجالدين
محمودحسب الله,محمودحسبالله
محمودشمس الدين,محمودشمسالدين
محمود شهاب الدين,محمودشهابالدين
محمودعبد الجواد,محمودعبدالجواد
محمودعبد الرحمن,محمودعبدالرحمن
محمودعبد الكريم,محمودعبدالكريم
محمودعبد الهادى,محمودعبدالهادى
محمودعز الدين,محمودعزالدين
محمودعطا الله,محمودعطاالله
محمود علم الدين,محمودعلمالدين
محمود على الدين,محمودعلىالدين
محمود علي الدين,محمودعليالدين
محمودفتح الله,محمودفتحالله
محمود نور الدين,محمودنورالدين
محمود ولى الدين,محمودولىالدين
محى الدين,محىالدين
محى الـدين,محىالدين
محىالـدين,محىالدين
محي الدين,محيالدين
محي السيد,محيالسيد
محيسـن,محيسن
محيى الدين,محيىالدين
محيى السيد,محيىالسيد
محيي الدين,محييالدين
مختارابراهيم,مختار ابراهيم
مختارابوالعزم,مختار ابوالعزم
مختارابوحسن,مختار ابوحسن
مختارابوصقر,مختار ابوصقر
مختارابوعامر,مختار ابوعامر
مختاراحمد,مختار احمد
مختارحسن,مختار حسن
مختاررمضان,مختار رمضان
مختارعلى,مختار على
مختارمحمد,مختار محمد
مختارمحمود,مختار محمود
مختارعبد الهادى,مختارعبدالهادى
مخيمرمحمد,مخيمر محمد
مخيمرعبد الهادى,مخيمرعبدالهادى
مدبولـى,مدبولى
مدنـى,مدنى
مرادعبدالمنعم,مراد عبدالمنعم
مرادعلى,مراد على
مرادمحمد,مراد محمد
مرادمحمود,مراد محمود
مراد الدين,مرادالدين
مـرزوق,مرزوق
مـــرزوق,مرزوق
مرسـى,مرسى
مـرســـى,مرسى
مرسى بدر الدين,مرسىبدرالدين
مرســي,مرسي
مـرسي,مرسي
مرشد عز الدين,مرشدعزالدين
مرغنـى,مرغنى
مر قس,مرقس
مـروان,مروان
مـروه,مروه
مريـم,مريم
مـريـم,مريم
مـريم,مريم
مزايـــا,مزايا
مسد اري,مسداري
مسعدابراهيم,مسعد ابراهيم
مسعدعلى,مسعد على
مسعدمحمد,مسعد محمد
مسعـود,مسعود
مسعودعطيه,مسعود عطيه
مسعودمحمد,مسعود محمد
مسعودمحمود,مسعود محمود
مسعود نور الدين,مسعودنورالدين
مسلوب عابدين,مسلوبعابدين
مشاء الله,مشاءالله
مـشرقـى,مشرقى
مصباح الدين,مصباحالدين
مصباح جمال الدين,مصباحجمالالدين
مصطفـى,مصطفى
مصطفى‏,مصطفى
مصـطفى,مصطفى
مـصطفـى,مصطفى
مـصـطـفـى,مصطفى
مصطفى الدين,مصطفىالدين
مصطفى تاج الدين,مصطفىتاجالدين
مصطفى شرف الدين,مصطفىشرفالدين
مصطفى عز الدين,مصطفىعزالدين
مصطفى علم الدين,مصطفىعلمالدين
مصطفى على الدين,مصطفىعلىالدين
مصطفى كامل الدين,مصطفىكاملالدين
مصطفى نور الدين,مصطفىنورالدين
مـصطفي,مصطفي
مصطفي زين الدين,مصطفيزينالدين
مصلح الدين,مصلحالدين
مصلح تاج الدين,مصلحتاجالدين
مصـيلحى,مصيلحى
مطا وع,مطاوع
مطيع الدين,مطيعالدين
مطيع الله,مطيعالله
مظفر الدين,مظفرالدين
مظهـر,مظهر
مظهــر,مظهر
معاذ بالله,معاذبالله
معتـز,معتز
معـتـز,معتز
معتزعبدالغنى,معتز عبدالغنى
معتز باللـه,معتزبالله
معتز بالله,معتزبالله
معتزباللـه,معتزبالله
معتصم الله,معتصمالله
معتصم بالله,معتصمبالله
معتمد الله,معتمدالله
مـــعدول,معدول
معز الدين,معزالدين
معز بالله,معزبالله
معـوض,معوض
مـعوض,معوض
معين الدين,معينالدين
مفتاح الدين,مفتاحالدين
مفتاح عابدين,مفتاحعابدين
مفتى الدين,مفتىالدين
مقصود الله,مقصودالله
مكاء الدين,مكاءالدين
مكايـلا,مكايلا
مـكـرم,مكرم
مكرم اللـه,مكرمالله
مكرم الله,مكرمالله
مكرماللـه,مكرمالله
مكسيـمـوس,مكسيموس
مكين الدين,مكينالدين
ملاك الدين,ملاكالدين
مـلك,ملك
ملــــك,ملك
ملـك,ملك
ملك الدين,ملكالدين
ملك الرحمن,ملكالرحمن
ملك الله,ملكالله
ملك جمال الدين,ملكجمالالدين
ملكه الله,ملكهالله
ممد وح,ممدوح
ممـدوح,ممدوح
منار الدين,منارالدين
من الله,منالله
منetteالله,منالله
منة الرحمن,منةالرحمن
منة الـلـه,منةالله
منة الـله,منةالله
منة اللة,منةالله
منة اللـه,منةالله
منة الله,منةالله
منة اللّه,منةالله
منةالـلـه,منةالله
منةالـله,منةالله
منةاللـه,منةالله
منةاللّه,منةالله
منـة الله,منةالله
منـةالله,منةالله
منة تاج الدين,منةتاجالدين
منت الله,منتالله
منتصرابراهيم,منتصر ابراهيم
منتصرابوريه,منتصر ابوريه
منتصرعبدالحميد,منتصر عبدالحميد
منتصرعثمان,منتصر عثمان
منتصر بالله,منتصربالله
منتصرباللـه,منتصربالله
منذ ر,منذر
منســــــى,منسى
مـنـصـور,منصور
مـنـصور,منصور
منصورابراهيم,منصور ابراهيم
منصوراحمد,منصور احمد
منصورحامد,منصور حامد
منصورحسن,منصور حسن
منصورسعد,منصور سعد
منصورسيد,منصور سيد
منصورعبدالرازق,منصور عبدالرازق
منصورعبدالعال,منصور عبدالعال
منصورعبداللطيف,منصور عبداللطيف
منصورعبدالمجيد,منصور عبدالمجيد
منصورعبدالوهاب,منصور عبدالوهاب
منصورعطيه,منصور عطيه
منصورعلى,منصور على
منصورعلي,منصور علي
منصورعمر,منصور عمر
منصورعمران,منصور عمران
منصوركريم,منصور كريم
منصورمحمد,منصور محمد
منصورمحمود,منصور محمود
منصوريوسف,منصور يوسف
منصورفتح الله,منصورفتحالله
مـنـه,منه
منـه,منه
منه الرحمن,منهالرحمن
منـه الله,منهالله
منـهالله,منهالله
منه الـلـه,منهالله
منه الـله,منهالله
منه اللة,منهالله
منه اللـه,منهالله
منه الله,منهالله
منه اللّه,منهالله
منهالـلـه,منهالله
منهالـله,منهالله
منهاللة,منهالله
منهاللـه,منهالله
منهاللّه,منهالله
منـى,منى
منيـر,منير
منيراحمد,منير احمد
منيرحمدى,منير حمدى
منيررمضان,منير رمضان
منيرعبدالحميد,منير عبدالحميد
منيرعبدالمجيد,منير عبدالمجيد
منيرعلى,منير على
منيرمحمد,منير محمد
منيرمحمود,منير محمود
مهاب الدين,مهابالدين
مهاب الله,مهابالله
مهتدى بالله,مهتدىبالله
مهد الاسلام,مهدالاسلام
مهدى بالله,مهدىبالله
مهر الله,مهرالله
مهر ان,مهران
مهنا‏,مهنا
مـهنـى,مهنى
مهـنـى,مهنى
مهنـى,مهنى
مهيـتاب,مهيتاب
موافى‏,موافى
موحد بالله,موحدبالله
مـوسى,موسى
مو سى,موسى
موسـى,موسى
موسى‏,موسى
موسى اى الدين,موسىاىالدين
موسى على الدين,موسىعلىالدين
موســي,موسي
موفق الدين,موفقالدين
مـــــــى,مى
مــى,مى
مـى,مى
مىّ,مى
ميخائيــــل,ميخائيل
مـيرنـا,ميرنا
ميـرنـا,ميرنا
ميسـره,ميسره
مـيـنـا,مينا
ناجى الدين,ناجىالدين
ناجى علم الدين,ناجىعلمالدين
ناجى على الدين,ناجىعلىالدين
نا د ر,نادر
نادرابراهيم,نادر ابراهيم
نادرالعدوى,نادر العدوى
نادرجلال,نادر جلال
نادرخليل,نادر خليل
نادرصبحى,نادر صبحى
نادرعلي,نادر علي
نا صر,ناصر
ناصــر,ناصر
ناصراحمد,ناصر احمد
ناصرالشريف,ناصر الشريف
ناصرحامد,ناصر حامد
ناصرحربى,ناصر حربى
ناصرحسنين,ناصر حسنين
ناصرخليل,ناصر خليل
ناصررجب,ناصر رجب
ناصرعبدالخالق,ناصر عبدالخالق
ناصرعبدالعزيز,ناصر عبدالعزيز
ناصرعبده,ناصر عبده
ناصرعلى,ناصر على
ناصرعلي,ناصر علي
ناصرعياد,ناصر عياد
ناصرعيد,ناصر عيد
ناصرفتحى,ناصر فتحى
ناصركمال,ناصر كمال
ناصرمحمد,ناصر محمد
ناصرمحمود,ناصر محمود
ناصر الدين,ناصرالدين
ناصرعبد الستار,ناصرعبدالستار
نا صف,ناصف
ناظر الدين,ناظرالدين
ناظم الدين,ناظمالدين
نـافـع,نافع
نبو ى,نبوى
نبوى شرف الدين,نبوىشرفالدين
نبيل علي الدين,نبيلعليالدين
نبيه جمال الدين,نبيهجمالالدين
نجاح الدين,نجاحالدين
نجــاه,نجاه
نجح الله,نجحالله
نجدى الدين,نجدىالدين
نجم الدين,نجمالدين
نجم حسام الدين,نجمحسامالدين
نجـوي,نجوي
نحمد الله,نحمدالله
ند ا,ندا
نـدا,ندا
نــــدا,ندا
نـــــدا,ندا
نـــداء,نداء
نداء الرحمن,نداءالرحمن
نداعوض الله,نداعوضالله
ند ى,ندى
نـدى,ندى
نــدى,ندى
ند ي,ندي
نــدي,ندي
نسمـــه,نسمه
نـسيـم,نسيم
نشـأت,نشأت
نشاْت,نشات
نشـات,نشات
نصا ر,نصار
نصـــــار,نصار
نصارابوزيد,نصار ابوزيد
نصارمحمد,نصار محمد
نصار الدين,نصارالدين
نصـر,نصر
نصرأحمد,نصر أحمد
نصرابراهيم,نصر ابراهيم
نصرابوطالب,نصر ابوطالب
نصراحمد,نصر احمد
نصرامبابي,نصر امبابي
نصرحسين,نصر حسين
نصرسعيد,نصر سعيد
نصرعبدالحميد,نصر عبدالحميد
نصرعبدالعزيز,نصر عبدالعزيز
نصرعبدالغنى,نصر عبدالغنى
نصرعبداللطيف,نصر عبداللطيف
نصرعبدالمجيد,نصر عبدالمجيد
نصرعبدالواحد,نصر عبدالواحد
نصرعطيه,نصر عطيه
نصرمحمد,نصر محمد
نصرمصطفى,نصر مصطفى
نصريوسف,نصر يوسف
نصر الاسلام,نصرالاسلام
نصر الدين,نصرالدين
نصر السعيد,نصرالسعيد
نصر العرب,نصرالعرب
نصر الـلـه,نصرالله
نصر الـله,نصرالله
نصر اللـه,نصرالله
نصر الله,نصرالله
نصرالـلـه,نصرالله
نصرالـله,نصرالله
نصراللـه,نصرالله
نصرالله عابدين,نصراللهعابدين
نصر جمال الدين,نصرجمالالدين
نصر عابدين,نصرعابدين
نصرعبد النبى,نصرعبدالنبى
نصر علم الدين,نصرعلمالدين
نصر علي,نصرعلي
نـصـره,نصره
نصيرحسين,نصير حسين
نصيرمحمد,نصير محمد
نضـــال,نضال
نعم الدين,نعمالدين
نعم الله,نعمالله
نـعـمـان,نعمان
نعمة اللة,نعمةالله
نعمة الله,نعمةالله
نعمةاللة,نعمةالله
نعمت الله,نعمتالله
نعمه الـله,نعمهالله
نعمه اللـه,نعمهالله
نعمه الله,نعمهالله
نعمهالـله,نعمهالله
نعمهاللـه,نعمهالله
نعـيـم,نعيم
نعيمة الله,نعيمةالله
نعيم عابدين,نعيمعابدين
نعيم على الدين,نعيمعلىالدين
نـغـم,نغم
نقد الله,نقدالله
نهاد الدين,نهادالدين
نها ل,نهال
نهـال,نهال
نهم الله,نهمالله
نــور,نور
نـور,نور
نورابراهيم,نور ابراهيم
نورجمال,نور جمال
نورسامى,نور سامى
نورعثمان,نور عثمان
نورمحمد,نور محمد
نورمحمود,نور محمود
نورمصطفى,نور مصطفى
نـورا,نورا
نور ادم,نورادم
نور اكمل الدين,نوراكملالدين
نور الاسلام,نورالاسلام
نور الدين,نورالدين
نورالـدين,نورالدين
نور الرحمن,نورالرحمن
نور السعيد,نورالسعيد
نور السيد,نورالسيد
نور الصغير,نورالصغير
نور العين,نورالعين
نور اللـه,نورالله
نور الله,نورالله
نوراللـه,نورالله
نور النبى,نورالنبى
نور الهادى,نورالهادى
نور الهادي,نورالهادي
نور الهدى,نورالهدى
نور الهدي,نورالهدي
نور بدر,نوربدر
نور بدر الدين,نوربدرالدين
نور بطل,نوربطل
نور بهاء الدين,نوربهاءالدين
نور جاد,نورجاد
نور جمال الدين,نورجمالالدين
نور حسام الدين,نورحسامالدين
نور حسن,نورحسن
نور خضر,نورخضر
نور خلف,نورخلف
نور ذكى,نورذكى
نور رجب,نوررجب
نور رزق,نوررزق
نور زكى,نورزكى
نور سراج الدين,نورسراجالدين
نور سعد,نورسعد
نور سيد,نورسيد
نور سيف الدين,نورسيفالدين
نور شمس الدين,نورشمسالدين
نور صلاح الدين,نورصلاحالدين
نور عابدين,نورعابدين
نور عز الدين,نورعزالدين
نور عزب,نورعزب
نور عصام الدين,نورعصامالدين
نور عطا,نورعطا
نور علاء الدين,نورعلاءالدين
نور على,نورعلى
نور علي,نورعلي
نور عماد الدين,نورعمادالدين
نور عوض,نورعوض
نور عيد,نورعيد
نور فتح الدين,نورفتحالدين
نور فرج,نورفرج
نور فضل,نورفضل
نور كمال الدين,نوركمالالدين
نور محى الدين,نورمحىالدين
نور مكى,نورمكى
نور ميت,نورميت
نور نصر,نورنصر
نور نمر,نورنمر
نور هان,نورهان
نور يسن,نوريسن
نـــوفل,نوفل
نيل شهاب الدين,نيلشهابالدين
نيـن,نين
هـاجر,هاجر
هـاجـر,هاجر
هــاجر,هاجر
هـادى,هادى
هـارون,هارون
هارون نور الدين,هاروننورالدين
هاشم علم الدين,هاشمعلمالدين
ها نى,هانى
ها ني,هاني
هـايدي,هايدي
هب الله,هبالله
هبة الرحمن,هبةالرحمن
هبة الـلـه,هبةالله
هبة الله,هبةالله
هبةالـلـه,هبةالله
هبةالـله,هبةالله
هبـه,هبه
هبه اللـه,هبهالله
هبه الله,هبهالله
هبهاللـه,هبهالله
هبه الهادى,هبهالهادى
هدا الله,هداالله
هدانا الله,هداناالله
هداية الله,هدايةالله
هدايه الله,هدايهالله
هدى الله,هدىالله
هدي الله,هديالله
هديـــر,هدير
هـدير,هدير
هديه الله,هديهالله
هريـدى,هريدى
هـريـدي,هريدي
هشا م,هشام
هشـام,هشام
هشام الدين,هشامالدين
هـلا,هلا
هلا ل,هلال
هلال شهاب الدين,هلالشهابالدين
هلال عز الدين,هلالعزالدين
هلال علم الدين,هلالعلمالدين
همام الدين,همامالدين
هــــنا,هنا
هــنا,هنا
هنـا,هنا
هنــا,هنا
هنــــا,هنا
هنـــــــا,هنا
هنــــــاء,هناء
هناء الدين,هناءالدين
هند اوي,هنداوي
هنيدى.,هنيدى
هيـا,هيا
هيـام,هيام
هيبة الله,هيبةالله
هيبت الله,هيبتالله
هيبه الله,هيبهالله
هيثـــــــم,هيثم
هيسـم,هيسم
و ائل,وائل
وائـل,وائل
وائل الدين,وائلالدين
وجد الله,وجدالله
وجيه‏,وجيه
وجيه الدين,وجيهالدين
وجيه على الدين,وجيهعلىالدين
وحد الله,وحدالله
وحيد الدين,وحيدالدين
وداعة الله,وداعةالله
وداعت الله,وداعتالله
وداعه الله,وداعهالله
ود الحق,ودالحق
ودعت الله,ودعتالله
ودق الله,ودقالله
َودن,ودن
ورد الدين,وردالدين
وسام الدين,وسامالدين
وسيم الدين,وسيمالدين
وعــــــد,وعد
وعد الله,وعدالله
وعظ الدين,وعظالدين
وفاء الدين,وفاءالدين
وفى الدين,وفىالدين
وقيع الله,وقيعالله
ولاء الدين,ولاءالدين
ولدعوض الله,ولدعوضالله
ولى الدين,ولىالدين
ولى الرحمن,ولىالرحمن
ولى الله,ولىالله
ولي الدين,وليالدين
ولي الله,وليالله
و ليد,وليد
ولـيد,وليد
وليــد,وليد
وليداحمد,وليد احمد
وليدجابر,وليد جابر
وليدجمعه,وليد جمعه
وليدحلمى,وليد حلمى
وليددرويش,وليد درويش
وليدعلى,وليد على
وليدمحمد,وليد محمد
وليد الدين,وليدالدين
ونير الدين,ونيرالدين
وهب اللة,وهبالله
وهب اللـه,وهبالله
وهب الله,وهبالله
وهباللة,وهبالله
وهباللـه,وهبالله
وهب لله,وهبلله
وهبه الله,وهبهالله
وهبه على الدين,وهبهعلىالدين
وهيـب,وهيب
يار ا,يارا
يـارا,يارا
يــارا,يارا
يـــارا,يارا
يا سر,ياسر
ياسـر,ياسر
ياســـــر,ياسر
يـاسر,ياسر
يــاسر,ياسر
ياسراحمد,ياسر احمد
ياسرامين,ياسر امين
ياسرتوفيق,ياسر توفيق
ياسرحسن,ياسر حسن
ياسرسعيد,ياسر سعيد
ياسرسمير,ياسر سمير
ياسرظريف,ياسر ظريف
ياسرعادل,ياسر عادل
ياسرعبدالحى,ياسر عبدالحى
ياسرعبدالعاطي,ياسر عبدالعاطي
ياسرعبدالمتعال,ياسر عبدالمتعال
ياسرعبدالمنعم,ياسر عبدالمنعم
ياسرعرفات,ياسر عرفات
ياسرعزت,ياسر عزت
ياسرعلى,ياسر على
ياسرعلي,ياسر علي
ياسرمحمد,ياسر محمد
ياسرمصطفى,ياسر مصطفى
ياســـمـيـن,ياسمين
ياسميـن,ياسمين
يا سين,ياسين
ياسـيـن,ياسين
يـاسـيـن,ياسين
يـاسين,ياسين
ياور الدين,ياورالدين
يحــى,يحى
يحى على الدين,يحىعلىالدين
يحي الدين,يحيالدين
يحي كمال الدين,يحيكمالالدين
يحيـى,يحيى
يحيى الدين,يحيىالدين
يحيي على الدين,يحييعلىالدين
يسر الدين,يسرالدين
يسـرى,يسرى
يسرى الدين,يسرىالدين
يسري الدين,يسريالدين
يسري علي الدين,يسريعليالدين
يسـن,يسن
يـسـن,يسن
يـسن,يسن
يسـى,يسى
يــسى,يسى
يـمـنـى,يمنى
يـمـنى,يمنى
يـمنى,يمنى
يهاب الله,يهابالله
يـــوســـ,يوس
يــــوســف,يوسف
يـــوســــف,يوسف
يـوسـف,يوسف
يـوسف,يوسف
يو سف,يوسف
يوســف,يوسف
يـونس,يونس
سيد احمد,سيد
جمالالسيد,جمال
بدر محمد,بدر
حسامالسيد,حسام
محمد على,محمد
بدر احمد,بدر
سيفالاسلام,سيف
أحمد محمد,إحمد
سيد أحمد,سيد
محمد احمد,محمد
نورالسيد,نور
محمد محمد,محمد
بدر ابراهيم,بدر
نورعلى,نور
محمد ابراهيم,محمد
نورحسن,نور
السيد احمد,السىد
بدرالسيد,بدر
الإيمان,آلا
محمد حسن,محمد
بسلامون,بسل
الاصلاح,آلا
جمالالسعيد,جمال
شندويل,شند
احمد على,إحمد
تلوانة,تلو
البلابيش,البل
الاحايوة,آلا
ادريجة,ادر
احمد محمد,إحمد
شبراباص,شبرا
نورسيد,نور
السيد على,السىد
سروهيت,سرو
علاءالسعيد,علاء
الجوابر,الجو
ضياءالسيد,ضياء
بأشليم,باش
القنطرة,القن
المنشاه,المن
البادية,البا
محمد علي,محمد
الدبايبة,الدب
السيد محمد,السىد
عبدالناصرقابيل,عبد
بهاءالسيد,بهاء
سرسموس,سرس
الايمان,آلا
الاخماس,الاخ
الياسنية,إليا
الإصلاح,آلا
بدر مصطفى,بدر
احمد احمد,إحمد
محمود محمد,محمود
محمد اسماعيل,محمد
العوامية,العو
الحمادية,الحما
نورسعد,نور
احمد ابراهيم,إحمد
بيرشمس,بير
العرابة,العر
سنتريس,سنت
العوامر,العو
محمد عوض,محمد
حسامالسعيد,حسام
محمد عطيه,محمد
الحلاقى,الح
الحمام,الح
عمارالجديدة,عمار
الكنيسة,الكن
محمد محمود,محمد
محمد حسين,محمد
دلهانس,دله
الجوهرية,الجو
محمد عبده,محمد
محمود على,محمود
الكتامية,الكت
الأثرى,آلا
علىالسعيد,علي
بدر عبدالحميد,بدر
محمد أحمد,محمد
الاحمدىة,آلا
القلعاية,القلع
الديابية,الدي
الزرابي,الز
المشاودة,المش
بشرانيس,بشر
الاوائل,آلا
السيد ابراهيم,السىد
الكتاميه,الكت
أحمد على,إحمد
الغرابوة,الغر
القرنين,الق
محمد مصطفى,محمد
محمد عبدالحميد,محمد
محمد عمر,محمد
محمد عيد,محمد
منهالرحمن,منهال
محمد عثمان,محمد
أحمد حسن,إحمد
المنطقة,المن
نورعلي,نور
عمر محمد,عمر
الحبيل,الح
الجلابطة,الجلا
كفرعليم,كفر
نوررجب,نور
السنكة,الس
محمود ابراهيم,محمود
الكرامة,الكر
محمود احمد,محمود
محمد عبدالعال,محمد
محمد صلاح,محمد
ابيدوس,أبي
كفرابومحمود,كفر
محمد عبدالفتاح,محمد
احمد حسن,إحمد
الحمودى,الح
الأزهار,آلا
محمد امين,محمد
محمد الصادق,محمد
والعجمى,وال
نورنصر,نور
محمد ربيع,محمد
محمد عبدالعزيز,محمد
العربية,العر
محمود غنيم,محمود
الجنازير,الجنا
محمد سالم,محمد
الرملة,الر
العوكليه,العو
محمد سعيد,محمد
محمد يوسف,محمد
محمد عامر,محمد
براشيم,برا
نورعيد,نور
الأكرم,آلا
محمد كمال,محمد
عبدالعزيز ابراهيم,عبد
محمد عبدالسلام,محمد
منصور محمد,منصور
المرسلين,المر
القراقرة,القرا
الحلافي,الح
المنشاة,المن
احمد علي,إحمد
الوحلية,الو
الدوار,الد
سيد محمد,سيد
السيد أحمد,السىد
الحوفة,الح
محمد خليل,محمد
منسابة,منس
محمد صالح,محمد
محمد رضا,محمد
ادراسيا,ادر
محمد سليمان,محمد
محمد عبداللطيف,محمد
محمد كامل,محمد
محمد عيسى,محمد
محمد عبدالوهاب,محمد
نورفرج,نور
محمد سيد,محمد
محمد سعد,محمد
نورعوض,نور
احمد محمود,إحمد
السنون,الس
الطرانة,الطر
بشتامى,بشت
محمد عطية,محمد
الوحليه,الو
محمد الامير,محمد
احمد اسماعيل,إحمد
الحسنة,الح
كفرحجازى,كفر
محمد عادل,محمد
محمد الطيب,محمد
العوايسة,العو
محمد عبدالقادر,محمد
احمد عثمان,إحمد
جابر محمد,جابر
محيىالسيد,محيي
الغنيميه,الغني
سمير محمد,سمير
احمد حسين,إحمد
الانصار,آلا
نصر محمد,نصر
صابر محمد,صابر
محمد رشاد,محمد
محمد عبدالمنعم,محمد
الهريف,إله
اسريجه,أسر
محمد مرسى,محمد
محمد المهدى,محمد
الازهار,آلا
محمد متولى,محمد
احمد عبدالعزيز,إحمد
السيد علي,السىد
سراجالسيد,سراج
بأبودياب,بابو
سيفالرحمن,سيف
محمد عبدالغنى,محمد
محمد سليم,محمد
محمد جمال,محمد
محمد الشحات,محمد
محمود حسن,محمود
محمد فتحى,محمد
كفرالمنشى,كفر
محمد موسى,محمد
محمد نجيب,محمد
احمد عطيه,إحمد
الأخرم,آلا
السيد حسن,السىد
محمد عباس,محمد
محمد غنيم,محمد
محمد عبدالرحيم,محمد
احمد عبدالحميد,إحمد
السيد العربى,السىد
سعد محمد,سعد
أحمد حسين,إحمد
نورخلف,نور
محمد الطاهر,محمد
المنشأة,المن
احمد عبده,إحمد
السيد البدوى,السىد
محمد علام,محمد
عبدالستار محمد,عبد
محمد النجار,محمد
محمد عفيفى,محمد
محمد جاد,محمد
محمد العربى,محمد
أحمد سعيد,إحمد
جمالعابدين,جمال
نوررزق,نور
علاءعابدين,علاء
محمود محمود,محمود
محمد عبدالمجيد,محمد
العشرين,العش
الحماوي,الح
محمد عبدالرازق,محمد
محمد غريب,محمد
محمد عزت,محمد
سعد على,سعد
مختار محمد,مختار
الأرقم,آلا
عبدالغفار محمد,عبد
محمد رفعت,محمد
محمد عطا,محمد
نورجاد,نور
محمد هاشم,محمد
أحمد أحمد,إحمد
احمد البدوى,إحمد
سيد على,سيد
احمد سيد,إحمد
احمد عبدالعال,إحمد
احمد عوض,إحمد
محمد عبدالمقصود,محمد
محمد عبدالعظيم,محمد
محمود عثمان,محمود
محمد رمضان,محمد
السيد اسماعيل,السىد
أحمد سليمان,إحمد
محمد الصاوى,محمد
منصور على,منصور
احمد عمر,إحمد
محمد نور,محمد
محمد البدرى,محمد
محمد الدسوقى,محمد
محمد النادى,محمد
احمد سليمان,إحمد
احمد مصطفى,إحمد
أحمد علي,إحمد
احمد خليل,إحمد
انور محمد,أنور
عمر على,عمر
محمد حسانين,محمد
السيد عوض,السىد
محمود علي,محمود
احمد عامر,إحمد
المشكوة,المش
البيضاء,البي
محمد انور,محمد
محمد توفيق,محمد
محمد فرج,محمد
محمد هلال,محمد
احمد سالم,إحمد
محمد فريد,محمد
سيفالإسلام,سيف
باشليم,باش
القرينين,القرى
السيد محمود,السىد
محمود اسماعيل,محمود
محمد منصور,محمد
عمر احمد,عمر
الهداية,إله
محمد رضوان,محمد
احمد يوسف,إحمد
محمد رجب,محمد
صابر احمد,صابر
محمد عبيد,محمد
محمد إبراهيم,محمد
عمرو محمد,عمرو
محمد المتولى,محمد
نورعطا,نور
العصارة,العص
احمد عبدالفتاح,إحمد
محمد عاشور,محمد
محمد بدر,محمد
محمد الحسينى,محمد
القبيلية,الق
محمد ابوزيد,محمد
محمد غانم,محمد
سعيد محمد,سعيد
نوربدر,نور
احمد عيد,إحمد
محمد حامد,محمد
عبدالستار على,عبد
محمد صبرى,محمد
محمد حسان,محمد
عبدالعزيز محمود,عبد
محمد رزق,محمد
السيد عطيه,السىد
احمد النجار,إحمد
محمد الديب,محمد
محمد خليفه,محمد
احمد عبدالمجيد,إحمد
عبدالقادر ابراهيم,عبد
احمد صالح,إحمد
محمد عبدالخالق,محمد
محمد زيدان,محمد
محمد الباز,محمد
محمد خميس,محمد
صابر على,صابر
عامر محمد,عامر
انور على,أنور
محمد عاطف,محمد
محمد عماره,محمد
محمد خضر,محمد
السيد عبدالعال,السىد
محمد عرفه,محمد
احمد عبدالسلام,إحمد
محمد عبدالجليل,محمد
السيد عبده,السىد
محمد شعبان,محمد
محمد الفقى,محمد
محمود أحمد,محمود
عبدعلى,عبد
أحمد عبدالحميد,إحمد
محمد عبدالمطلب,محمد
عمر ابراهيم,عمر
السيد عبدالعزيز,السىد
سعيد احمد,سعيد
محمد زكى,محمد
محمد الشافعى,محمد
محمد عصام,محمد
محمود مصطفى,محمود
احمد عبدالرحيم,إحمد
محمد شاهين,محمد
محمد عبدالدايم,محمد
ناصر محمد,ناصر
محمد عويس,محمد
محمد امام,محمد
عبدالظاهر محمد,عبد
السيد عبدالفتاح,السىد
محمد بكر,محمد
محمد الشربينى,محمد
منصور حسن,منصور
محمد عليوه,محمد
أحمد عبده,إحمد
جابر احمد,جابر
امالخير,أمال
بدر عبدالعال,بدر
ياسر محمد,ياسر
منصور احمد,منصور
محمد الرفاعى,محمد
سعد ابراهيم,سعد
محمد الشريف,محمد
السيد عمر,السىد
أحمد عيد,إحمد
محمود عبدالحميد,محمود
محمد ابوالعلا,محمد
محمد لطفى,محمد
محمود عبده,محمود
محمد غازى,محمد
محمود حسين,محمود
احمد الطيب,إحمد
محمد طلعت,محمد
السيد سالم,السىد
عمر عمر,عمر
عبدالحميد ابراهيم,عبد
مختار على,مختار
عبدالكمال,عبد
أحمد اسماعيل,إحمد
ماهر محمد,ماهر
ضياءالسعيد,ضياء
شاكر محمد,شاكر
احمد فؤاد,إحمد
محمد صابر,محمد
سيد حسن,سيد
محمد المرسى,محمد
محمد طاهر,محمد
رضا محمد,رضا
محمد مصطفي,محمد
سعد احمد,سعد
السيد عثمان,السىد
محمد الغريب,محمد
محمد فراج,محمد
احمد عباس,إحمد
السعيد محمد,السعيد
احمد الرفاعى,إحمد
محمد خطاب,محمد
محمد عبدالعاطى,محمد
محمود عطيه,محمود
سعيد على,سعيد
حامد على,حامد
محمد جمعه,محمد
محمد حسنى,محمد
محمد المصرى,محمد
محمد بدوى,محمد
محمود عمر,محمود
محمد هشام,محمد
محمد عزب,محمد
محمد عبدالحكيم,محمد
حامد محمد,حامد
محمد فؤاد,محمد
محمد الشيخ,محمد
محمد الجوهرى,محمد
محمد اشرف,محمد
احمد جاد,إحمد
أحمد منصور,إحمد
عبدالستار احمد,عبد
تامر محمد,تأمر
محمد الجندى,محمد
سمير محمود,سمير
محمد العزب,محمد
محمد سيداحمد,محمد
محمد عبدالحفيظ,محمد
عبدالعزيز اسماعيل,عبد
محمد الشرقاوى,محمد
منصور ابراهيم,منصور
محمد البيومى,محمد
سعيد ابراهيم,سعيد
عبدالجايد,عبد
السيد عبدالرحيم,السىد
أحمد عاطف,إحمد
الزرابى,الز
عامر على,عامر
محمد شحاته,محمد
جابر حسن,جابر
احمد عفيفى,إحمد
محمد شلبى,محمد
محمد صقر,محمد
محمد الصباغ,محمد
محمد شوقى,محمد
احمد عبدالوهاب,إحمد
محمد الجمل,محمد
محمد قطب,محمد
عبدالعزيز عبدالعال,عبد
محمد عواد,محمد
محمود سليمان,محمود
محمد عبدالسميع,محمد
نصر ابراهيم,نصر
محمد جلال,محمد
نصر احمد,نصر
محمد سلامه,محمد
محمد صادق,محمد
محمد ابوالخير,محمد
عيد ابراهيم,عيد
احمد منصور,إحمد
السعيد على,السعيد
محمد صبحى,محمد
محمد البسيونى,محمد
محمود عيد,محمود
السيد عيد,السىد
محمد الدمرداش,محمد
احمد الصاوى,إحمد
ياسر احمد,ياسر
محمد حجازى,محمد
عبدالجواد محمد,عبد
محمود سيد,محمود
احمد سليم,إحمد
صابر حسن,صابر
نورزكى,نور
السيد مصطفى,السىد
احمد عبدالقادر,إحمد
محمد علوان,محمد
محمد عياد,محمد
السيد عامر,السىد
احمد كمال,إحمد
عبدالعزيز عبدالعزيز,عبد
احمد جمال,إحمد
عبدالغفار على,عبد
محمود النجار,محمود
صابر ابراهيم,صابر
محمد عبدالعليم,محمد
محمد عبدالحافظ,محمد
محمد البنا,محمد
عبدالحميد محمود,عبد
محمد قاسم,محمد
حامد احمد,حامد
احمد عبداللطيف,إحمد
بدير محمد,بدير
عبدالعزيز مصطفى,عبد
احمد عبدالمنعم,إحمد
محمد ابوالفتوح,محمد
محمد يونس,محمد
عبدالحبيب,عبد
محمد السقا,محمد
احمد الدسوقى,إحمد
محمد خلف,محمد
احمد امين,إحمد
السيد يوسف,السىد
جابر على,جابر
محمد حسنين,محمد
بهاءالسعيد,بهاء
محمد عبداللاه,محمد
بكر محمد,بكر
محمد حلمى,محمد
نورالصغير,نور
عبدسيده,عبد
أحمد عثمان,إحمد
ماهر على,ماهر
محمود عبدالعزيز,محمود
السعيد ابراهيم,السعيد
السيد عيسى,السىد
احمد صلاح,إحمد
محمد الليثى,محمد
احمد سلامه,إحمد
محمد خليفة,محمد
سمير على,سمير
احمد حسانين,إحمد
احمد موسى,إحمد
محمد الحنفى,محمد
محمد مسعود,محمد
سيد علي,سيد
محمد متولي,محمد
احمد رمضان,إحمد
محمد حموده,محمد
محمد التهامى,محمد
عبدالستار محمود,عبد
حامد ابراهيم,حامد
محمد فوزى,محمد
بدر عطية,بدر
احمد ابوزيد,إحمد
فؤاد محمد,فؤاد
احمد عبدالعظيم,إحمد
محمد الصياد,محمد
أحمد شحاته,إحمد
أحمد شعبان,إحمد
عمرو احمد,عمرو
احمد رجب,إحمد
بدر عبدالفضيل,بدر
محمد عبدالرؤف,محمد
السيد حسين,السىد
احمد خطاب,إحمد
محمد بيومى,محمد
محمد الحداد,محمد
محمود صالح,محمود
محمود عباس,محمود
احمد عطية,إحمد
محمد الشناوى,محمد
محمد حافظ,محمد
السيد عبداللطيف,السىد
محمود يوسف,محمود
محمد عنتر,محمد
محمد خلاف,محمد
عبدالمقصود محمد,عبد
عبدالحميد عثمان,عبد
محمود عامر,محمود
محمود عفيفى,محمود
احمد حامد,إحمد
محمد نصار,محمد
مختار احمد,مختار
محمد فوزي,محمد
عمر محمود,عمر
محمد عطوه,محمد
أحمد سالم,إحمد
عامر احمد,عامر
محمد أمين,محمد
أحمد غريب,إحمد
عبدالقادرابو,عبد
محمد خيرى,محمد
محمد سيف,محمد
محمد حماده,محمد
محمد عقل,محمد
محمد درويش,محمد
عبدالعزيز النجار,عبد
السيد خضر,السىد
محمد العدوى,محمد
محمد فكرى,محمد
محمد هانى,محمد
سيفالدوله,سيف
محمد حلمي,محمد
محمود عوض,محمود
محمد عبدالواحد,محمد
احمد شعبان,إحمد
عبدالناصر احمد,عبد
خالد محمد,خالد
صابر محمود,صابر
احمد عطا,إحمد
أحمد ابراهيم,إحمد
محمد العشرى,محمد
احمد الديب,إحمد
سمير ابراهيم,سمير
أحمد حامد,إحمد
محمود عبدالعال,محمود
محمد نبيل,محمد
محمد ايمن,محمد
محمد حسام,محمد
محمد زكريا,محمد
محمود عبداللطيف,محمود
أحمد موسى,إحمد
أحمد عوض,إحمد
محمد العوضى,محمد
مختار ابراهيم,مختار
احمد عبدالحفيظ,إحمد
محمد عكاشه,محمد
عنتر محمد,عنتر
محمد عبدالباقى,محمد
احمد الشحات,إحمد
محمد جبر,محمد
محمد الخولى,محمد
عبدحسين,عبد
السيد ابوزيد,السىد
السيد غنيم,السىد
عبدالأمام,عبد
محمد ابوبكر,محمد
محمود جمعه,محمود
عبدالغفار احمد,عبد
محمد ابوالحسن,محمد
احمد الصعيدى,إحمد
محمد مختار,محمد
السعيد احمد,السعيد
محمد الشبراوى,محمد
السيد عطية,السىد
محمود عبدالمجيد,محمود
وليد محمد,وليد
احمد عبدالواحد,إحمد
عبدالقادر سليمان,عبد
عبدالعزيز عثمان,عبد
السيد عبدالحميد,السىد
محمد مراد,محمد
الطاهر محمد,الطاهر
احمد حلمى,إحمد
احمد عبداللاه,إحمد
السيد علام,السىد
احمد عبدالرازق,إحمد
محمد جابر,محمد
احمد عبيد,إحمد
محمد زايد,محمد
العبد احمد,العبد
عبدالعزيز سليمان,عبد
محمد نصر,محمد
العبد محمد,العبد
محمد خالد,محمد
الطاهر احمد,الطاهر
محمد جمعة,محمد
احمد الشافعى,إحمد
مخيمر محمد,مخيمر
سمير احمد,سمير
محمد السمان,محمد
محمد عبدالمعطى,محمد
السيد موسى,السىد
سعيد عبدالعزيز,سعيد
احمد الجندى,إحمد
محمد منير,محمد
محمد عفيفي,محمد
محمد مبارك,محمد
احمد الشرقاوى,إحمد
عبدالعزيز عبدالحميد,عبد
محمد الشاذلى,محمد
محمد هنداوى,محمد
محمد نجم,محمد
محمد صفوت,محمد
محمد ابواليزيد,محمد
فؤاد احمد,فؤاد
عمر عثمان,عمر
محمد عبدالمعطي,محمد
جابر علي,جابر
محمد عمار,محمد
عبدالعزيز منصور,عبد
احمد عيسى,إحمد
سيد البدوى,سيد
السيد عبدالغنى,السىد
محمد بركات,محمد
محمد الوكيل,محمد
السيد غانم,السىد
عبدالقادر محمود,عبد
السيد شحاته,السىد
سيد ابراهيم,سيد
الامير محمد,الآمير
ناصر محمود,ناصر
احمد عبدالخالق,إحمد
محمد قنديل,محمد
عبدخزيم,عبد
محمد حماد,محمد
محمد زين,محمد
عبدالعزيز عبدالفتاح,عبد
شمسالاسلام,شمس
محمود عطية,محمود
عبدعوض,عبد
احمد عرابى,إحمد
محمد مرسي,محمد
أحمد عباس,إحمد
أحمد فؤاد,إحمد
ياسر عبدالمنعم,ياسر
أحمد عبدالعال,إحمد
نورذكى,نور
احمد عمرو,إحمد
جابر ابراهيم,جابر
احمد فرج,إحمد
محمد داود,محمد
السيد النجار,السىد
احمد مرسى,إحمد
احمد هلال,إحمد
محمد بخيت,محمد
عبدالمقصود ابراهيم,عبد
محمود عيسى,محمود
السيد امام,السىد
احمد غريب,إحمد
احمد سعد,إحمد
احمد غازى,إحمد
نصر عطيه,نصر
احمد الشربينى,إحمد
احمد عيسي,إحمد
محمود مرسى,محمود
سعيد حسن,سعيد
احمد طلعت,إحمد
احمد ماهر,إحمد
احمد القاضى,إحمد
محمد فيصل,محمد
عبدالمجيد ابراهيم,عبد
محمد العدل,محمد
ياسر على,ياسر
محمود عبدالفتاح,محمود
احمد المهدى,إحمد
محمد البدوى,محمد
عبداللاوى,عبد
السيد عليوه,السىد
نورعابدين,نور
سمير عبده,سمير
احمد عرفه,إحمد
محمد ابوالعزم,محمد
محمد عوده,محمد
سيداحمد ابراهيم,سيدأحمد
عبدالشافع,عبد
محمد دياب,محمد
عبدالحميد عبدالحميد,عبد
السيد عبدالسلام,السىد
عبدالقادر الشيخ,عبد
احمد غانم,إحمد
عبدالعزيز عبدالمجيد,عبد
احمد مجاهد,إحمد
سعد حسن,سعد
احمد عبدالمعطى,إحمد
الباز محمد,ألباز
السيد عبدالمنعم,السىد
عبدالعزيز عبداللطيف,عبد
احمد عادل,إحمد
احمد الامير,إحمد
محمد شاكر,محمد
محمد ناصر,محمد
بدير على,بدير
سعيد محمود,سعيد
جابر عبدالعزيز,جابر
انور حسن,أنور
السيد رضوان,السىد
منصور عطيه,منصور
محمد سلامة,محمد
سعد محمود,سعد
جبر محمد,جبر
محمود سالم,محمود
انور احمد,أنور
عبدابراهيم,عبد
احمد ربيع,إحمد
محمد عبود,محمد
عبدالمجيد العطار,عبد
احمد الشيخ,إحمد
السيد عمران,السىد
محمد راضى,محمد
احمد الشاذلى,إحمد
محمد شريف,محمد
محمد بدير,محمد
محمد شرف,محمد
محمد عماد,محمد
محمد عبدالبارى,محمد
السيد شعبان,السىد
سعيد عبدالحميد,سعيد
احمد الشامى,إحمد
خالد ابراهيم,خالد
محمد ابوالسعود,محمد
احمد حافظ,إحمد
عبداحمد,عبد
محمد العيسوى,محمد
محمد صبري,محمد
سعد زغلول,سعد
محمد طلبه,محمد
عبدالعزيز عماره,عبد
عبدالعزيز الشافعى,عبد
الباز احمد,ألباز
عامر حسن,عامر
السيد هلال,السىد
مسعد على,مسعد
محمد الدسوقي,محمد
سعد عوض,سعد
نصر مصطفى,نصر
عبدالكر,عبد
سيد سيد,سيد
عمر سليمان,عمر
محمد عزام,محمد
منير محمد,منير
محمود جاد,محمود
جابر محمود,جابر
السيد عبيد,السىد
محمود خطاب,محمود
السيد عزب,السىد
محمود الدسوقى,محمود
احمد بسيونى,إحمد
عبدالعزيز عبدالقادر,عبد
عبدسعد,عبد
عبدالعزيز خليفه,عبد
محمد الشامى,محمد
محمد فرغلى,محمد
محمد عيسوى,محمد
محمود الباز,محمود
عمر غازى,عمر
أحمد سويلم,إحمد
محمد سمير,محمد
عمر حسانين,عمر
احمد ناصر,إحمد
محمد رشدى,محمد
محمود فؤاد,محمود
عبدالقاهر,عبد
عبدالغفار محمود,عبد
عبداالرازق,عبدا
انور محمود,أنور
السيد فرج,السىد
احمد رضوان,إحمد
محمد الصعيدى,محمد
سمير عبدالحميد,سمير
احمد جابر,إحمد
محمد أنور,محمد
محمد عزيز,محمد
عبدالقادر شحاته,عبد
محمد ادم,محمد
السيد عبدالخالق,السىد
أحمد طلعت,إحمد
احمد عزت,إحمد
احمد قنديل,إحمد
عبدالتقى,عبد
محمد الجمال,محمد
احمد البسيونى,إحمد
محمود عبدالسلام,محمود
محمد ابوالوفا,محمد
عبدالبص,عبد
محمد ناصف,محمد
احمد عشرى,إحمد
محمد همام,محمد
عبدالعزيز متولى,عبد
احمد قطب,إحمد
احمد شاهين,إحمد
أحمد سيف,إحمد
محمد رشوان,محمد
محمد ندا,محمد
عبدالستار مصطفى,عبد
السيد خليل,السىد
احمد نجم,إحمد
احمد عبدالمقصود,إحمد
احمد اشرف,إحمد
عمر سالم,عمر
السيد عماره,السىد
عبدالقادرعطيه,عبد
احمد صفوت,إحمد
محمد عدلى,محمد
احمد عبدالحافظ,إحمد
سمير عطيه,سمير
احمد المرسى,إحمد
سيد محمود,سيد
احمد جمعه,إحمد
حامد حسن,حامد
السيد صالح,السىد
خضر محمد,خضر
عبدالعزيزعيد,عبد
محمد غالى,محمد
نورخضر,نور
ناصر احمد,ناصر
عمر حسن,عمر
محمد فوده,محمد
محمد الامام,محمد
احمد سيداحمد,إحمد
محمد ثابت,محمد
احمد عبدالجليل,إحمد
احمد عيسوى,إحمد
سيد عبده,سيد
عبدالفتوح,عبد
عبدالمجدي,عبد
محمود خليل,محمود
عبدالغفار ابراهيم,عبد
محمد صيام,محمد
احمد فرحات,إحمد
عبدالعزيز رضوان,عبد
محمد مسلم,محمد
عبدالاعلا,عبد
منصور حامد,منصور
عمر عبدالفتاح,عمر
عيد احمد,عيد
محمد فهمى,محمد
محمد فاروق,محمد
احمد فاضل,إحمد
احمد بكر,إحمد
محمد العطار,محمد
محمد ماضى,محمد
محمد شهاب,محمد
رضا احمد,رضا
السيد الجندى,السىد
سيد اسماعيل,سيد
محمود حمدى,محمود
عمر علي,عمر
محمد موسي,محمد
عبدالظاهر على,عبد
محمد اسامه,محمد
احمد الطاهر,إحمد
محمد هريدى,محمد
محمد صديق,محمد
محمود امين,محمود
احمد حجاج,إحمد
عبدالعزيز مجاهد,عبد
محمد يحى,محمد
سمير حسن,سمير
محمود هيكل,محمود
عبدالنيل,عبد
عبدالعزيز شحاته,عبد
عطا محمد,عطا
جبرالسيد,جبر
منصور عبدالعال,منصور
عزيز محمد,عزيز
محمد راغب,محمد
طاهر محمود,طاهر
السيد عبدالقادر,السىد
احمد حماد,إحمد
محمد نشأت,محمد
السيد نصر,السىد
احمد موسي,إحمد
محمد معوض,محمد
عبدالعزيز علوان,عبد
احمد العربى,إحمد
بشير محمد,بشير
احمد علاء,إحمد
محمد عاصم,محمد
عبدالعزيز مبارك,عبد
عبدالحميدأحمد,عبد
السيد بدر,السىد
محمد مجاهد,محمد
محمد حفنى,محمد
السيد الجزار,السىد
احمد رزق,إحمد
محمد عبدالصمد,محمد
محمد حمدان,محمد
محمد فهيم,محمد
احمد عبدالرؤف,إحمد
عبدسليمان,عبد
محمد عبدالموجود,محمد
السيد بكر,السىد
احمد دياب,إحمد
عبدالحميد عبدالقادر,عبد
ماهر حسن,ماهر
محمود عادل,محمود
محمد عزوز,محمد
احمد همام,إحمد
سيفالدولة,سيف
عبدالسار,عبد
عيد محمد,عيد
محمد رسلان,محمد
أحمد عبدالعاطى,إحمد
احمد سويلم,إحمد
سعد عبدالوهاب,سعد
محمد يحيى,محمد
محمود ابوبكر,محمود
عبدالجواد على,عبد
السيد الشربينى,السىد
فؤاد على,فؤاد
عبدالأمير,عبد
محمود سعد,محمود
عبدالياس,عبد
محمود رضوان,محمود
عبدالحميد اسماعيل,عبد
سعد عبدالعزيز,سعد
احمد الجوهرى,إحمد
صابر يوسف,صابر
السيد المتولى,السىد
عبدالجواد احمد,عبد
انور ابراهيم,أنور
اسراءالسيد,أسراء
محمد زكي,محمد
السيد بدوى,السىد
احمد عمار,إحمد
محمد ممدوح,محمد
ياسر سعيد,ياسر
عبدموسى,عبد
حامد يوسف,حامد
ناصر على,ناصر
احمد عبدالنعيم,إحمد
محمود عبدالعاطى,محمود
عبدالمقصود محمود,عبد
عبداالمقصود,عبدا
شاكر مصطفى,شاكر
نورادم,نور
نوريسن,نور
محمود عبدالرازق,محمود
نورمكى,نور
السيد قاسم,السىد
بدير يوسف,بدير
احمد حماده,إحمد
عبدالقادر علوان,عبد
احمد زايد,إحمد
عبدالعزيزخالد,عبد
السعيد محمود,السعيد
بهاءالهادى,بهاء
سعيد أحمد,سعيد
محمد ياسر,محمد
احمد العزب,إحمد
احمد الشريف,إحمد
خضر حسين,خضر
صابر علي,صابر
سيد عبدالمجيد,سيد
احمد رفاعى,إحمد
احمد مصطفي,إحمد
محمد الحسن,محمد
محمد حميده,محمد
محمد مطر,محمد
احمد عماره,إحمد
عبدالحميد رمضان,عبد
السيد عبدالمقصود,السىد
عبدالعزيزعطا,عبد
محمود غريب,محمود
احمد امام,إحمد
السيد سلامه,السىد
محمد عمران,محمد
عبدعلي,عبد
السيد الجمل,السىد
سعد عطيه,سعد
السعيد حسن,السعيد
سعد علي,سعد
أحمد عطا,إحمد
محمد ماهر,محمد
السيد إبراهيم,السىد
عبدالشاعر,عبد
عبدحسن,عبد
محمد منتصر,محمد
سمير عبدالفتاح,سمير
محمود عبدالقادر,محمود
فريد محمد,فريد
سيد مصطفى,سيد
عبدالمقصود احمد,عبد
منير على,منير
محمد سرحان,محمد
جعفر محمد,جعفر
حامد حامد,حامد
عطا احمد,عطا
عمر عبدالعال,عمر
عبدضيف,عبد
احمد عرفات,إحمد
عبدالعزيز عبدالسلام,عبد
عبدالستار حسن,عبد
سيد حمد,سيد
رشاد على,رشاد
احمد العشرى,إحمد
محمد ابوالفتح,محمد
محمود عبدالواحد,محمود
محمد مأمون,محمد
نورفضل,نور
عمر عباس,عمر
حامد عبدالغنى,حامد
احمد بركات,إحمد
صابر مصطفى,صابر
سيداحمد على,سيدأحمد
تامر حسنى,تأمر
سيداحمد احمد,سيدأحمد
عبدالقادر عبدالعزيز,عبد
منصور علي,منصور
منصور محمود,منصور
حامد عطيه,حامد
شرفالسعيد,شرف
محمود خليفه,محمود
محمود غانم,محمود
محمود عمران,محمود
احمد السقا,إحمد
حامد حسين,حامد
عبدالعزيز حسانين,عبد
احمد مراد,إحمد
عبدنجيب,عبد
أحمد عبدالحافظ,إحمد
القرياتى,القرى
السيد جاد,السىد
محمود شعبان,محمود
عاشور احمد,عاشور
محمود حسان,محمود
محمد ثروت,محمد
محمود عطا,محمود
عبدالحميدعباس,عبد
السيد زيدان,السىد
نصر يوسف,نصر
عبدالموجود محمد,عبد
عبدالمقصودالسيد,عبد
محمد عبدالقوى,محمد
عبدالقادرعيد,عبد
عبدالغفار حسن,عبد
محمود عبدالعليم,محمود
السيد منصور,السىد
محمد حمزه,محمد
السيد سعيد,السىد
محمود الصاوى,محمود
عبدالمجيد عثمان,عبد
عامر محمود,عامر
عبدالعزيز المرسى,عبد
بكر احمد,بكر
السيد عفيفى,السىد
احمد ابوالعنين,إحمد
محمد طارق,محمد
محمد حمدى,محمد
سيد عبدالرحيم,سيد
منصور سيد,منصور
سمير سعد,سمير
احمد نصار,إحمد
احمد شلبى,إحمد
راشد محمد,راشد
ياسر عرفات,ياسر
احمد شحاته,إحمد
عبدالحميدعزت,عبد
احمد ابوالعلا,إحمد
محمود شاكر,محمود
محمد مبروك,محمد
محمد خاطر,محمد
سمير شوقى,سمير
نصار محمد,نصار
فايز عطيه,فايز
احمد علام,إحمد
عبدفرج,عبد
سيد عواد,سيد
احمد هاشم,إحمد
محمد سالمان,محمد
احمد جعفر,إحمد
السيد الشيخ,السىد
محمود خضر,محمود
سعيد عبدالفتاح,سعيد
عبداالحكيم,عبدا
محمد ضياء,محمد
عبدالعزيزحافظ,عبد
احمد متولى,إحمد
السيد سلامة,السىد
عبدالقادر عبدالمقصود,عبد
عبدسلطان,عبد
عبدحداد,عبد
السيد خميس,السىد
محمد ابويوسف,محمد
احمد كامل,إحمد
سعد عطا,سعد
عبدالحميد عبدالرحيم,عبد
محمد جميل,محمد
سمير فاروق,سمير
نصر أحمد,نصر
حامد محمود,حامد
محمود صابر,محمود
محمد سامي,محمد
احمد الجمل,إحمد
عبدالحميد عبدالعال,عبد
سيداحمد محمد,سيدأحمد
حامد اسماعيل,حامد
عبدابوالجود,عبد
محمد وجيه,محمد
سعد حسين,سعد
عبدمحروس,عبد
عبدالقضب,عبد
محمد يسري,محمد
محمود السمان,محمود
محمد حازم,محمد
احمد خلف,إحمد
فايز محمد,فايز
محمود العبد,محمود
عبدالقادرعباس,عبد
عبدالمعز ابراهيم,عبد
محمود عبدالحى,محمود
ماهر حامد,ماهر
سعيد عبدالمجيد,سعيد
محمد ياسين,محمد
محمد فرحات,محمد
عبدالحميد سليمان,عبد
عمر الشيخ,عمر
محمد رأفت,محمد
محمد القاضى,محمد
عبدمحمود,عبد
سيد حسين,سيد
خالد محمود,خالد
عبدالستار عبداللطيف,عبد
بدير مصطفى,بدير
احمد بدوى,إحمد
احمد الصباغ,إحمد
عبدالحميد متولى,عبد
عبدالعزيز مبروك,عبد
جابر مصطفى,جابر
سمير حسين,سمير
السرمانى,الس
منصورابو,منصور
احمد غالى,إحمد
سعيد عطيه,سعيد
محمد الجزار,محمد
احمد الطنطاوى,إحمد
محمد ناجى,محمد
عبدبطرس,عبد
محمد الحسين,محمد
احمد حموده,إحمد
محمد سامى,محمد
السيد عواد,السىد
عبدالعزيز شعبان,عبد
محمد محفوظ,محمد
احمد ماضى,إحمد
أحمد عبدالغنى,إحمد
عبدالعيان,عبد
أحمد مختار,إحمد
احمد حسنين,إحمد
احمد الصادق,إحمد
محمد ضيف,محمد
مختارعوض,مختار
مثلجهان,مثل
السيد جمال,السىد
عبدالرايف,عبد
محمد شعيب,محمد
خاطر محمد,خاطر
محمد بهجت,محمد
محمود امام,محمود
محمد راشد,محمد
محمد السباعى,محمد
محمد رفيق,محمد
احمد ابوالسعود,إحمد
سعيد عباس,سعيد
سمير عبدالعظيم,سمير
الدروبى,الد
ناصر عبده,ناصر
سعد عباس,سعد
محمد السعدنى,محمد
عبدالمقصود عطيه,عبد
احمد عبدالحي,إحمد
طاهر حامد,طاهر
محمود الحسينى,محمود
حسامالاسلام,حسام
محمد نادى,محمد
أحمد حميده,إحمد
نصر عبدالمجيد,نصر
محمد يسرى,محمد
الساوى,الس
احمد رأفت,إحمد
عبدالعزيز الشيخ,عبد
محمود عزت,محمود
الحرونى,الح
محمد وحيد,محمد
عايد على,عايد
سعد الديب,سعد
عبدالعزيز فرحات,عبد
الحماوى,الح
السيد عاشور,السىد
احمد الفقى,إحمد
عبدسحيل,عبد
طاهر امين,طاهر
حامد عبدالحميد,حامد
محمود المتولى,محمود
جاد يوسف,جاد
عبدالجواد محمود,عبد
منصور سعد,منصور
محمد محروس,محمد
عبداسحق,عبد
سيد عوض,سيد
عاشور على,عاشور
محمد شادى,محمد
محمد عبدالنعيم,محمد
عبدالعزيزعطية,عبد
مختار حسن,مختار
عبدالقادر عبدالقادر,عبد
السيد عبدالمجيد,السىد
السيد الحداد,السىد
صابر عبدالعظيم,صابر
محمدمحمدعبدالرحمن,محمد
محمد رفاعى,محمد
محمد وهبه,محمد
محمد طنطاوى,محمد
محمد رياض,محمد
السيد دياب,السىد
عبدقرشى,عبد
محمد كريم,محمد
عيدغريب,عيد
عمرناصر,عمر
صابررياض,صابر
حسبالنبى,حسب
اسراءعطيه,أسراء
محمد وهيب,محمد
تامر على,تأمر
محمد ادريس,محمد
محمود خميس,محمود
جابر سيد,جابر
بشير عبدالحميد,بشير
محمدالاميرصديق,محمد
معبدحفنى,معبد
بدرالاسلام,بدر
احمد ابوالوفا,إحمد
حيلانى,حيل
معبدسنوسى,معبد
محمد نبيه,محمد
السيد حجاج,السىد
الرمدى,الر
الساطى,الس
جبر احمد,جبر
سعيد عامر,سعيد
عمر منصور,عمر
صقرعبد,صقر
عمار حسن,عمار
العطروزى,العط
الاطونى,آلا
زعبلاوى,زعبل
الميانى,المي
مختاروهبه,مختار
جواريه,جوا
محمد بكرى,محمد
عزيزبرسوم,عزيز
احمد لطفى,إحمد
محمود حموده,محمود
سيد حسانين,سيد
عبدالعزيزحسان,عبد
سيد عبدالسلام,سيد
زايد ابراهيم,زايد
سيد العربى,سيد
السيد راضى,السىد
الوندى,الو
احمد فهمى,إحمد
أحمد الفقى,إحمد
زاهر محمد,زاهر
القطلاوى,القط
محمود بركات,محمود
عبدالعزيزسلام,عبد
السيد عليمى,السىد
محمدالحبيشى,محمد
عبدالقادرقطب,عبد
محمدالحديدى,محمد
أحمد زيد,إحمد
السيد شاهين,السىد
عبدالغفارالسعداوى,عبد
أحمد عبدالمجيد,إحمد
عبدالحميدجعفر,عبد
محمدشرشر,محمد
السيد خطاب,السىد
تامر احمد,تأمر
محمدطايل,محمد
محمد مرجان,محمد
محمد شبل,محمد
نورالإسلام,نور
فيلانى,فيل
محمودعبدالكريم,محمود
محمد شوقي,محمد
عمر عبيد,عمر
منصورعبيد,منصور
السيدالصيفى,السىد
سمير يوسف,سمير
محمودشافعى,محمود
محمدجزر,محمد
عبدالعزيزالعطارى,عبد
محمدنصرالشعراوى,محمدنصر
محمد هيكل,محمد
محمود هاشم,محمود
نورالمهدى,نور
عبدالمجيد سليمان,عبد
السيدعنانى,السىد
عبدالناصر ابراهيم,عبد
محمدالطراوى,محمد
نورنمر,نور
محمودالبلكيمى,محمود
محمدالقرمه,محمد
سعد يوسف,سعد
محمدالدباوى,محمد
النجمه,آلن
عبدالمجيد عبدالحميد,عبد
رشاد محمد,رشاد
احمد حسان,إحمد
محمدالهابط,محمد
عبدالعزيزالمنسى,عبد
محمد ابوشنب,محمد
عبدالعزيزغنيم,عبد
محمد ابوشعيشع,محمد
محمد كيلانى,محمد
محمدالشهاوى,محمد
محمد مرزوق,محمد
الباز ابراهيم,ألباز
السيد ابوالفتوح,السىد
عبدالقادر الجمال,عبد
بدرعابدين,بدر
عجباوى,عجب
احمد شريف,إحمد
محمد ابوضيف,محمد
الأصولى,آلا
عمر حسنين,عمر
افتاوى,افت
عبدالفاروق,عبد
القلبانى,القلب
البردانى,البر
محمودبريك,محمود
ياسر عبدالحى,ياسر
عبدالعزيز رسلان,عبد
عمر بركات,عمر
منصورالجندي,منصور
حامدعبدربه,حامد
زاهرعوض,زاهر
انورعيسى,أنور
محمد ابونار,محمد
عبدالقادر عفيفي,عبد
محمدالبقرى,محمد
خضرابوالسعد,خضر
السداتى,السد
بشير على,بشير
الارمانى,آلا
عبدالموجود عبدالعاطى,عبد
عبدالمعبود محمد,عبد
محمد عبدالملك,محمد
البازالسيد,ألباز
عمر الدسوقى,عمر
احمد حجازى,إحمد
العمامرى,العم
عبدالعزيزالجيار,عبد
عبدالجواد السيد,عبد
بكر حسين,بكر
محمود الصعيدى,محمود
عبدشريقى,عبد
حمادسلمى,حماد
عابدموسى,عابد
عبدالعزيزجاب,عبد
محمدالبوشى,محمد
نصرالصغير,نصر
منتصر عثمان,منتصر
محمود التهامى,محمود
الافتريسى,الاف
محمد نادي,محمد
عبدمناع,عبد
عبدخلف,عبد
عبدمهنى,عبد
عبدعيد,عبد
احمد خليفه,إحمد
سيد الديب,سيد
احمد عليان,إحمد
البرهانى,البر
أحمد ناجى,إحمد
السيد مراد,السىد
محمود حمد,محمود
محمد أبوزيد,محمد
محمدالنبيه,محمد
الكركانى,الكر
عمر ابوزيد,عمر
احمد حمزه,إحمد
الامير علي,الآمير
الميلجى,المي
العبد حسين,العبد
عبدالقادر عبدالحميد,عبد
السيد سويلم,السىد
عبدالعزيزخطاب,عبد
بكرحسن,بكر
جادعبدالرحمن,جاد
الشرشارى,الشرش
الهنشيرى,الهن
السرسموسى,السرس
محمدالمصطفى,محمد
هنزاده,هنز
سعيد امين,سعيد
نصر سعيد,نصر
احمد شرف,إحمد
احمد فايد,إحمد
محمود متولى,محمود
سيداحمدخاطر,سيدأحمد
عبدالحميدحسين,عبد
سعيد سالم,سعيد
محمود الشيخ,محمود
عبدالغفارالخولى,عبد
أحمد عبداللطيف,إحمد
محمود حجازى,محمود
أحمد الجندى,إحمد
عمر عطيه,عمر
محمودفتح,محمود
منجودشلبى,منجود
محمود موسى,محمود
محمودالمشتولى,محمود
محمود صقر,محمود
محمدالطحان,محمد
أحمد سرحان,إحمد
محمود الفقى,محمود
احمد امبابى,إحمد
السيد الجوهرى,السىد
نصرالجزار,نصر
عبداالشافى,عبدا
عوادسليمان,عواد
محمدالجداوى,محمد
ياسر حسن,ياسر
جابر عبدالعال,جابر
باييسى,باى
الشوشانى,الشوش
محمد ابوشعله,محمد
الطاهر ابراهيم,الطاهر
حامد عبده,حامد
احمد رشوان,إحمد
عبدالواحدمحمد,عبدالواح
احمد العطار,إحمد
الأختيار,الاخ
عبدالحميد الشامى,عبد
احمد بسيوني,إحمد
احمد حجازي,إحمد
السيدالزلوع,السىد
محمدمحمودجمعه,محمد
محمد بسيوني,محمد
راشد عبداللطيف,راشد
محمدالدابى,محمد
الشنراقى,الشن
محمود حنفى,محمود
محمد سامح,محمد
السيد مرسى,السىد
جعفر على,جعفر
محمود الديب,محمود
عبدالجواد عبدالمجيد,عبد
محمدالنويهى,محمد
محمدعبداللة,محمد
محمدالغلبان,محمد
محمد عبدالعاطي,محمد
عيد عبدالمجيد,عيد
عبدالعزيزقطب,عبد
احمد متولي,إحمد
عبدالقادر عماره,عبد
السيد المصرى,السىد
محمدالنشاوى,محمد
عاشور مصطفى,عاشور
عمر مختار,عمر
عبدالحميديوسف,عبد
عبدالغفارفوده,عبد
عبدالغفارعقل,عبد
محمدالغالى,محمد
أحمد كمال,إحمد
احمد صبرى,إحمد
مختار محمود,مختار
الأرضى,آلا
الشالفى,الشا
محمدروق,محمد
محمود نصار,محمود
عبدمسعد,عبد
عبدالخافظ,عبد
محمد مهران,محمد
السهرى,الس
أحمد عمر,إحمد
نادر علي,نادر
محمد عشرى,محمد
الدولى,الد
ضياءالاسلام,ضياء
سيد عبدالعال,سيد
احمد بيومي,إحمد
محمدنافع,محمد
محمد ابوالدهب,محمد
راشد احمد,راشد
محمد دسوقى,محمد
أحمد بدوي,إحمد
عبدالعزيزيونس,عبد
الاناوى,الان
السيد عطا,السىد
محمود جابر,محمود
محمود عبدالحافظ,محمود
عبدالظاهرعبدالحميد,عبد
عبدالناصر عبدالحكيم,عبد
عبدالعزيز الصباغ,عبد
سعد عبدالفتاح,سعد
العبد عبدالحميد,العبد
فايز حسن,فايز
سعيد عوض,سعيد
عبدالبادى,عبد
عبدالحميدعياد,عبد
عبداالنبى,عبدا
الاوندى,آلا
عمر عبدالوهاب,عمر
صابر عبدالمقصود,صابر
احمد صابر,إحمد
أحمد هلال,إحمد
عبدالوصيف,عبد
منصور عمر,منصور
محمدالغمرى,محمد
عبدمنير,عبد
محمد عليان,محمد
عبدالقرنة,عبد
النوار,آلن
عبدالعزيز الحسينى,عبد
محمودمبروك,محمود
عبدالعظىم,عبد
عبدالس,عبد
أحمدداؤد,إحمد
الاءالسيد,ألآء
عيدحسين,عيد
المشركة,المش
مسعد ابراهيم,مسعد
باسلامه,باسل
عبدالعزيزالناظر,عبد
معبدعبدالمنجى,معبد
عبدالراوى,عبد
محمود مسعود,محمود
رحيبانى,رحيب
عبدالحميدالضبع,عبد
معبدعبدالعظيم,معبد
محمدرجائي,محمد
السنراوى,السن
معبدعبدالحفيظ,معبد
العبد ابراهيم,العبد
احمد فريد,إحمد
محمدالمصطفي,محمد
الغزانى,الغز
عبدعبد,عبد
ديرانى,دير
الامور,آلا
السعيد فتحى,السعيد
محمود سليم,محمود
عبدالقادر عثمان,عبد
عبدالبرقنديل,عبد
عبدالمجيدالاشقر,عبد
عمر عبدالكافى,عمر
عبدالموجودرشوان,عبد
محمدالشمونى,محمد
مريعزى,مري
عبدالسليم,عبد
الهتريه,إله
محمدالشال,محمد
الناشرى,آلن
ميسانه,ميس
عيادمعوض,عياد
السيد عويضه,السىد
ماهر عبدالمجيد,ماهر
عبدالمقصود ابوسريع,عبد
محمدعليم,محمد
محمدالفرماوى,محمد
احمد المصرى,إحمد
محمود شلبى,محمود
فؤاد عبدالقادر,فؤاد
محمدقنصوه,محمد
أحمد عكاشه,إحمد
محمدالخياط,محمد
القفادى,الق
محمودالقرموط,محمود
سيد ابوه,سيد
عبدالعزيزالبربرى,عبد
محمدجبيلى,محمد
محمودالاسكندراني,محمود
عبدالبريحى,عبد
بكر مصطفى,بكر
عمرعبدالنبي,عمر
محمدغفير,محمد
حامد عبدالوهاب,حامد
احمد طلب,إحمد
معتمدعلى,معتمد
ايةالرحمن,إيه
عبدالعزيز الوكيل,عبد
السيدالكومى,السىد
احمدشلبايه,إحمد
البعلوجى,البع
احمدعسران,إحمد
صابرالراضى,صابر
احمد عواد,إحمد
نورالقاضى,نور
عبدالعزيزالميهي,عبد
محمودالطنانى,محمود
احمدالطويل,إحمد
طاهرمبارك,طاهر
احمد كريم,إحمد
احمدالجيار,إحمد
عبدالمجيد الخولى,عبد
نصر ابوطالب,نصر
سمير فوزي,سمير
جعفرالبهنسى,جعفر
بدرعطا,بدر
الرموسى,الر
خالد ابوزيد,خالد
محمودالغريانى,محمود
عبدالحميدحفينه,عبد
سيداحمدعامر,سيد
عمر عامر,عمر
عبدالستارحماده,عبد
محمدالرشيدى,محمد
محمودمحمدالبرعى,محمودمحمد
عبدالقادرالحصرى,عبد
اليزيدمحمد,اليزيد
عبدالسيدالشافعى,عبد
عبدالعزيزغازى,عبد
جابرعوض,جابر
محمدالسمكرى,محمد
السعيدناصف,السعيد
عبدالحميدالخويسكى,عبد
الحولانى,الحو
احمد خليفة,إحمد
السيد ابوالعلا,السىد
منصورفتح,منصور
انورعطا,أنور
نصر عبدالغنى,نصر
الإبراشى,الأب
انور عبدالسلام,أنور
عطية عبدالقادر,عطية
احمد العوضى,إحمد
محمدالحاوى,محمد
عبداشبوب,عبدا
مختارحسنين,مختار
عبدالعزيزالعمراوى,عبد
عطية عبدالحميد,عطية
احمدمحمدعلى,إحمد
عبدالجيدالهلباوي,عبد
محمد جوهر,محمد
سعدعريان,سعد
نصركامل,نصر
عبدالحميدالغنيمى,عبد
عبدالعزيزدعبس,عبد
محمدالغنام,محمد
السعيدعبده,السعيد
عبدالحميدالصو,عبد
محمدالهامي,محمد
عبدالحميد الامام,عبد
قصيباتى,قصي
محمد عبدالمعز,محمد
الآلفى,آلا
مسعدابو,مسعد
السويدانى,السويد
عبدالعزيزخضر,عبد
عبدالمسموع,عبد
المجيدابو,المجيد
نادر ابراهيم,نادر
احمد الوكيل,إحمد
ادهبيش,اده
محمدمحمدمطر,محمد
عبدالمقصودالجندى,عبد
محمد حمدي,محمد
عبدالعزيزعزب,عبد
السيد عباس,السىد
محمدالدادمونى,محمد
محمدالوصيفى,محمد
محمد عمرو,محمد
وحيدالحبيبى,وحيد
احمدعطايا,إحمد
محمد مرعى,محمد
سيد حنفي,سيد
محمود قناوى,محمود
عمر همام,عمر
ارمالى,ارم
صقررويعى,صقر
عبدغطاس,عبد
محمدعونى,محمد
اريانوس,اري
محمدالزناتى,محمد
سمير توفيق,سمير
محمدرضيوى,محمد
ملوانى,ملو
صلاةالنبى,صلاه
الشهيرجيلانى,الشهير
محمد حشمت,محمد
عيد محمود,عيد
محمدالعاقب,محمد
محمد مخيمر,محمد
احمد فيصل,إحمد
ماهرابوبكر,ماهر
عبدعازر,عبد
عبدسركيس,عبد
محمد عبدالمغنى,محمد
احمدعلوب,إحمد
محمدعفت,محمد
الحريدى,الح
اللومانى,اللو
الاريه,آلا
عبدالراحيم,عبدالرا
محمود الشامى,محمود
السيدمكاوى,السىد
عبدالحميد عفيفى,عبد
سيد خليل,سيد
الشوادرى,الشوا
مجدلانى,مجد
ناصر عيد,ناصر
الشويهدى,الشوى
العزيزسراج,العزيز
عبدالعزيزالسيلى,عبد
مريمينى,مريم
السلامه,الس
الرجبانى,الرجب
نوربطل,نور
الحطامى,الح
عبدالمجيدعطيه,عبد
احمدالموجى,إحمد
عواد محمد,عواد
الصورانى,الصو
محمدمشرف,محمد
صابر حامد,صابر
ياسر سمير,ياسر
السيد عرفه,السىد
سعيد الجوهرى,سعيد
عبدالعزيز الديب,عبد
الزغلانى,الزغ
براسيمه,برا
السيد قنديل,السىد
محمود بدير,محمود
أحمد الجوهرى,إحمد
حامدالمزين,حامد
نصربكر,نصر
مارقولى,مار
احمد مبارك,إحمد
السيد محفوظ,السىد
السيد عفيفي,السىد
انورسليمان,أنور
محمدالالفى,محمد
احمدالمزين,إحمد
المعتزبدين,المعتز
عبدالعزيزعتلم,عبد
نصر عبدالحميد,نصر
عاشورعبدالستار,عاشور
عبدالغفارابواليزيد,عبد
السرسه,الس
محمدالقطان,محمد
راشد على,راشد
محمدالشيتانى,محمد
محمدالمنشاوى,محمد
عبدالستارالمليجى,عبد
عبدالجوادسليم,عبد
حماد محمد,حماد
محمد ابوحسن,محمد
مايسره,ماى
محمدأبوالفضل,محمد
محمدغزال,محمد
البدرمانى,البد
احمد عويضه,إحمد
احمدالحملى,إحمد
محمودالعادلى,محمود
عبدالعزيزبخيت,عبد
عبدالجواد عمر,عبد
محمد سلام,محمد
الستارفتح,الستار
محمود الشريف,محمود
عبدالعزيز عاشور,عبد
حامد عبدالعزيز,حامد
عبدالغندور,عبد
محمد مكرم,محمد
عبدالفت,عبد
بديرالرجبى,بدير
عبدالعزيز البنا,عبد
احمدالفار,إحمد
السيدالكفافى,السىد
محمدعبدون,محمد
القرفلى,القر
منصورجاد,منصور
المهرانى,المهر
الرجالاتى,الرجال
سعيد سليم,سعيد
بشير احمد,بشير
السيدالبحراوى,السىد
احمدعقيل,إحمد
محمد لبيب,محمد
نصارالعبد,نصار
عبدالعزيزسرور,عبد
احمد ادريس,إحمد
عبدنصيف,عبد
عبدتاوضروس,عبد
النصرعلى,النصر
الصادقى,الصا
محمدالمدثر,محمد
محمود درويش,محمود
ياسر امين,ياسر
البرارى,البر
البروكى,البر
أحمد حماد,إحمد
محمدجامع,محمد
محمد يعقوب,محمد
عمر خطاب,عمر
عبدالحاضر,عبد
النصرمحمد,النصر
عبدالعزيزمرسى,عبد
عبدالمكارم,عبد
محمد زهران,محمد
ناصر حسنين,ناصر
زكريا محمد,زكرىا
سعيد عبدالغنى,سعيد
انور مصطفى,أنور
عبدالعزيز سلامه,عبد
احمد عبدالعاطى,إحمد
محمد عبداللا,محمد
نصرعبدالجواد,نصر
محمدابوسعده,محمد
صقرصقر,صقر
البصطامى,البص
نصر عبدالعزيز,نصر
الصمولى,الصم
حامدينو,حامد
عبدالحميدعبده,عبد
المشهورى,المش
محمدالعليمى,محمد
اللوندى,الل
منصور يوسف,منصور
السيد البنا,السىد
عبدخليل,عبد
السيد امين,السىد
محمود عليوه,محمود
محمود عياد,محمود
احمدالمختار,إحمد
عبدالزاكى,عبد
المامور,ألما
الإسعاد,آلا
نصرعبدالمنعم,نصر
عبداالكريم,عبدا
الاطلال,آلا
السيدغريب,السىد
عامرعبدالمجيد,عامر
محمودإبراهيم,محمود
النورعلى,النور
عبدالحيد,عبد
ياسرعبدالفتاح,ياسر
محمدعبدالحميدعلى,محمد
الزهراءعبد,الزهراء
احمدمغنم,إحمد
أميرةمبروك,آميرة
بشيرابراهيم,بشير
أمجدجمال,أمجد
وفاءاحمد,وفاء
السيدعبداللة,السىد
ثروتمحمد,ثروت
رضارمضان,رضا
رضاعبدالرحمن,رضا
لطفىعبد,لطفي
محمدحبشي,محمد
منارجمال,منار
نهامحمد,نها
عبدالمقصودعبدالرحمن,عبد
منزلجى,منز
البطاطى,البط
الديرانى,الدي
محمود حسانين,محمود
عبدالسابت,عبد
عبالحفيظ,عبا
محمدالناجح,محمد
محمدالديناري,محمد
معبدجمعه,معبد
محمدالفاروق,محمد
جرداوى,جرد
القيسونى,القيس
محمد صدقى,محمد
صابررضوان,صابر
احمدتركى,إحمد
ابااليزيد,أبا
سيد حجاج,سيد
عيدعياد,عيد
حبيببه,حبي
عزيزسليمان,عزيز
عبدزيد,عبد
احمد غنيم,إحمد
عطاعلى,عطا
السكافى,الس
عبدالعزيزعزيز,عبد
عبداعبيد,عبد
احمد الخولى,إحمد
الجربندى,الجر
محمد امبابى,محمد
احمد الحنفى,إحمد
محمد زاهر,محمد
صابر امين,صابر
عبدالعزيزالباجورى,عبد
زايد على,زايد
نورعزب,نور
تلوانه,تلو
السيد الشناوى,السىد
احمدعبدالستار,إحمد
عبدالغفارعبد,عبد
عمر النجار,عمر
القسيسه,القس
احمدالبطل,إحمد
محمدعاصى,محمد
نورالدايم,نور
فايزعلوى,فايز
محمدالفضالى,محمد
اوبيسى,اوب
محمودالقبانى,محمود
فؤاد حامد,فؤاد
الاكسير,آلا
محمدالموجى,محمد
اسعد ابراهيم,أسعد
محمود عزام,محمود
عبدالظاهراحمد,عبد
سيد عبداللطيف,سيد
محمود ابوالخير,محمود
خضر محمود,خضر
عبدثابت,عبد
عمر مرسي,عمر
نظيرمحمد,نظير
محمدخواص,محمد
عيد صالح,عيد
القراله,الق
الصغير حسن,الصغير
محمد عبدالغفور,محمد
ياسر مصطفى,ياسر
عبدالمستقيم,عبد
جابر عبدالمقصود,جابر
محمودمحمدجزر,محمودمحمد
محمد نعيم,محمد
محمد عبدالصادق,محمد
محمدزهره,محمد
الافلاقى,الاف
السعيد رمضان,السعيد
السيد سيداحمد,السىد
نصرعبدالحليم,نصر
محمدالابيارى,محمد
ماهر عبدالفتاح,ماهر
الرحالى,الر
عبدالحميدعبدالنبى,عبد
محمداليمانى,محمد
فريد احمد,فريد
محمدالقشو,محمد
السيد متولى,السىد
ارثانى,ارث
محمود بسيونى,محمود
محمد حجاج,محمد
مسعود محمد,مسعود
محمود عبدالجليل,محمود
محمودابوطالب,محمود
عبدالمجيد خليفه,عبد
احمد بدر,إحمد
عبدالموجود عبدالعال,عبد
خالد عبده,خالد
انور سعد,أنور
محمدالسماحى,محمد
السيدالمغربى,السىد
محمد ابوالعيش,محمد
احمد عبدالقوى,إحمد
السيدالقلاوى,السىد
منصورعيسى,منصور
عبدالعزيزجميل,عبد
عبدالمجيدعبدالرحمن,عبد
الفقارى,الف
محمدعزالعرب,محمد
الآشقر,آلا
الحرموشى,الحر
بشيرالسيد,بشير
محمدالبهنسى,محمد
السعيدالدسوقى,السعيد
عبدالعزيزالحناوى,عبد
رضا حامد,رضا
عبدالحسانين,عبد
عبدرزق,عبد
السيد الشحات,السىد
الظاهراحمد,الظاهر
مكسيموسى,مكسي
منتصر ابراهيم,منتصر
محمود الشحات,محمود
احمدالبراوى,إحمد
محمد فرحان,محمد
محمد عبدالجيد,محمد
محمداجميعان,محمد
الرقيبه,الر
عاشورالشعراوى,عاشور
عبدالمقصودخليل,عبدالمقصو
الطمباوى,الطم
محمد رحمه,محمد
احمدالشال,إحمد
محمود قاسم,محمود
عيدعبدالهادى,عيد
محمدهليل,محمد
احمد عبدالمعبود,إحمد
ناصر فتحى,ناصر
سريانى,سري
عبدالمجهود,عبدالمج
الكلحاوى,الكل
احمدالنجم,إحمد
حسنابى,حسن
محمدالتمنى,محمد
سيد عيد,سيد
احمدالكاشف,إحمد
عبدالبدرى,عبد
عبدالمجيد محمود,عبد
محمد اسعد,محمد
محمدعسران,محمد
محمدعبدالناصر,محمد
السيد العشرى,السىد
محمدالقصاص,محمد
معبدعبدالحميد,معبد
عبدالواحدالشيخ,عبد
عازرعبود,عازر
الديامونى,الدي
سعدالكمال,سعد
العبد سعد,العبد
معبدمهدى,معبد
معبدعبدالباقى,معبد
منتصرعبد,منتصر
سنتاوس,سنت
محمدعتريس,محمد
تامر محمود,تأمر
محمدالقرش,محمد
حامدعبدالجواد,حامد
عبدمالك,عبد
محمد مخلوف,محمد
سعد قرنى,سعد
محمدحسيب,محمد
محمد محمدين,محمد
خضيرعلى,خضير
الاحمدان,آلا
طاهرفتح,طاهر
محمد مؤمن,محمد
محمودقمر,محمود
عبدالمجيد مصطفى,عبد
محمدالدهان,محمد
سيد عثمان,سيد
عيد مصطفي,عيد
محمودحسب,محمود
الصمدمحمد,الصم
محمدالبتانونى,محمد
محمد فايز,محمد
نوركاندى,نور
احموده,احم
غربانى,غرب
عبدالعزيز حجازى,عبد
عواد ابراهيم,عواد
عبداالتواب,عبدا
أنور حسن,أنور
أحمد بدر,إحمد
أحمد الحداد,إحمد
محمدأيوب,محمد
عبدالمجيدعلام,عبد
محمودخفاجى,محمود
عاشورنصر,عاشور
عبدالقادر البنا,عبد
مجروفه,مجر
محمود ابوالعلا,محمود
عيدعبدالنبى,عيد
شاكر ابراهيم,شاكر
عبدالحميد النجار,عبد
السيدعبدالستار,السىد
محمدسليمة,محمد
محمودالحويحى,محمود
ابوزيد عبدالفتاح,أبوزيد
جابر أحمد,جابر
عبدالستارالعزب,عبد
البقارى,البق
الاعظمى,آلا
عبدالجواد أحمد,عبد
محمد ابوعيشه,محمد
أحمد الخولى,إحمد
عبدالغفار عبدالعال,عبد
السيد رمضان,السىد
احمد التهامى,إحمد
نصارسليمان,نصار
صابرعيسى,صابر
تامر سمعان,تأمر
النجاوى,آلن
سعد رجب,سعد
محمود حفنى,محمود
جادشحاته,جاد
عبدالمقصود رمضان,عبد
عليوةعليوة,علىوة
احمد البنا,إحمد
معبدمحمود,معبد
عبدالقادر حسانين,عبد
الستريسى,الس
احمدالسملاوى,إحمد
محمدلطيف,محمد
الدبيهى,الد
منصور عبدالمجيد,منصور
البرمانى,البر
محمودعدس,محمود
عبدالعزيزالمنشاوى,عبد
سعيدعبدالحليم,سعيد
نصر عبداللطيف,نصر
جبر ابراهيم,جبر
مختارعيسى,مختار
عبدالقادر عبدالوهاب,عبد
منصور عبدالوهاب,منصور
المخلصانى,المخلص
سعد عبدالسلام,سعد
بدير ابراهيم,بدير
جابرالغبارى,جابر
فريدعبد,فريد
احمدمحمدسعيد,إحمد
القرافى,الق
محمدالشرنوبى,محمد
حميدوعلى,حميدو
الفساسى,الف
عبدالعزيزقابيل,عبد
محمودعشماوي,محمود
محمد سرور,محمد
منصور عبدالرازق,منصور
عبدالعزيزالصفتى,عبد
بطرانه,بطر
محمد بشير,محمد
بشيرعبده,بشير
عمرزين,عمر
عبدالغفارحقاني,عبد
الجرمونى,الجر
سيداحمد عبدالعال,سيدأحمد
محمدالسايس,محمد
محمدبكار,محمد
محمدالقلاوى,محمد
الدواياتى,الدو
محمدالعزاوى,محمد
عبدالستار السيد,عبد
سيداحمد عبدالخالق,سيدأحمد
الهرينى,إله
السيدالكوش,السىد
محمودالشال,محمود
عبدالستارفرج,عبد
محمدابوطبل,محمد
عمر جمال,عمر
محمد أبوالعنين,محمد
الأنسى,آلا
طاهرعابد,طاهر
محمدالعزبي,محمد
محمود كامل,محمود
عبدالمنسى,عبد
السيدعبدالغفار,السىد
سعد أحمد,سعد
القصباوى,القص
السنوى,الس
صابرسماحه,صابر
احمدالحلو,إحمد
جبر ابوسعده,جبر
القناياتى,القن
احمد ايوب,إحمد
عبدالعزيزابوالعينين,عبد
عبدالعزيزطلبة,عبد
محمدحسونه,محمد
محمدعبيه,محمد
محمدعتمان,محمد
محمود حمدان,محمود
محمدشلقامى,محمد
احمدخير,احم
ماهر عبدالعزيز,ماهر
طاهرالشيخ,طاهر
ايوضيف,أيو
البدارى,البد
محمد شفيق,محمد
السيدابوالمجد,السىد
سلوانسى,سلو
جاد محمود,جاد
محمودعبدالحكيم,محمود
عبدالموجود احمد,عبد
سعيد عبدالشهيد,سعيد
الحمارنه,الحما
سعد سيد,سعد
روانده,روا
محمد لاشين,محمد
السيد سيد,السىد
لوسانده,لوسا
كريستيانو,كريستى
شوكتلى,شوك
احمد ابوالمجد,إحمد
القادريوسف,القادر
عبدالعزيز لاشين,عبد
عبداالسميع,عبدا
جعفرعبد,جعفر
رشادعبدالحليم,رشاد
محمدخزيم,محمد
الهرمى,إله
محمدالهجين,محمد
عبدالعزيز عيسوى,عبد
عبدالقاوى,عبد
السيد جمعه,السىد
فايزاسماعيل,فايز
احمد يونس,إحمد
أمالخير,أمال
الحوالى,الح
الاهول,آلا
الكينانى,الكين
اسكندر سعد,إسكندر
عبدالعزيزعبدالشافى,عبد
الاسمى,آلا
محمود مهدى,محمود
محمدابوالنصر,محمد
محمد سويلم,محمد
السيدالقزاز,السىد
محمدعكر,محمد
محمد الشاعر,محمد
العبد عبدالعاطى,العبد
سمير عبدالمطلب,سمير
محمدمحمدحماده,محمد
محمدالقناوى,محمد
محمد نوفل,محمد
عبدالستار عبدالله,عبد
السيد حامد,السىد
جادالل,جاد
البلقدار,البل
أحمد بخيت,إحمد
عبدالحلوانى,عبد
البرداني,البر
البرجاتى,البرج
محمد شحاتة,محمد
الخليدى,الخل
محمودالجدع,محمود
عبدالجابر ابراهيم,عبد
الزكارى,الز
احمد سراج,إحمد
السيد الشبراوى,السىد
الشربيتى,الشر
انورعبيد,أنور
محمدالخضيرى,محمد
عبدالجواد عبدالحميد,عبد
محمدمنصف,محمد
محمد مهدى,محمد
العرايفى,العر
عبدالعزيزسيد احمد,عبد
أحمد حموده,إحمد
محمدالملاح,محمد
سعدانه,سعد
محمدولقبه,محمد
الدريمى,الد
عبدالراؤوف,عبد
احمد صادق,إحمد
البازيدى,البا
القهالى,الق
بكراسماعيل,بكر
محمدرابح,محمد
محمدالدالى,محمد
ميرفينا,مير
الزهرانى,الزهر
الاصبحى,آلا
ميرانه,مير
الكردينى,الكرد
الأسيوطى,آلا
موندينا,مون
محمدعابد,محمد
سراقبي,سرا
السيروان,السى
القصورى,الق
بروكسيان,بروك
السلقينى,السلق
منصورغنيم,منصور
انوروجدى,أنور
السنجاوي,السن
عبدالغفارسوسه,عبد
السلإم,الس
الواحداسماعيل,الواحد
الأسريجى,الاس
حمادالعزب,حماد
الاحوال,آلا
السيدجوده,السىد
عوادالخياط,عواد
محمدالدوبى,محمد
محمودالجزار,محمود
احمدالقصير,إحمد
محمدالعرابي,محمد
السيدالحصى,السىد
الزرابينى,الزراب
محمدالطباخ,محمد
العمران,العم
الحامي,الح
الدرجينى,الدر
القادرمصطفى,القادر
البشناقى,البش
محمدالعشماوى,محمد
اسكندرابراهيم,إسكندر
الجرايه,الجر
عبدالغفارعياش,عبد
محمودالصباغ,محمود
بورقيبه,بور
محمدالحافظ,محمد
نصرخطيب,نصر
جابرعبدالهادى,جابر
هاجرايمن,هاجر
عسكرحسن,عسكر
الدبسورى,الدب
عبدالعزيزعبدالباقى,عبد
مختارالسعيد,مختار
احمدالخليفة,إحمد
احمدفتح,إحمد
محمدالرملى,محمد
سعيدمرجان,سعيد
السعيدعبدالعاطى,السعيد
العزيزالديسطى,العزيز
السيدخضير,السىد
السيدالجيار,السىد
عامرالشريف,عامر
محمدعموش,محم
محمودالقاضى,محمود
احمدالمصطفى,إحمد
مقارعبدالشهيد,مقار
سمعونى,سمع
احمدجادالكريم,إحمد
حامدالامين,حامد
جابوياسين,جابو
الحيالي,الحي
العبدقناوي,العبد
السيدعزام,السىد
محمدالنبهاني,محمد
محمودشوقي,محمود
عمردرويش,عمر
محمدالبغدادى,محمد
محمدالنور,محمد
رهامون,رها
سعيدعبدالعاطى,سعيد
غضنفرحسن,غضنفر
احمدحبيب,إحمد
نصرموسى,نصر
البيبارس,البي
محمدوسيم,محم
احمدالخطيب,إحمد
احمدكمون,إحمد
كعباره,كعب
السنجيرى,السن
احمدالامام,إحمد
محمودهندى,محمود
السيدالحديدى,السىد
العرنوسى,العر
محمداحمدالقاضى,محمد
عبدالسى,عبد
عبدالعزيزدرويش,عبد
عبدالحميدعيد,عبد
عيدالهادى,عيد
السيدعزازى,السىد
عبدالحميد عبدالفتاح,عبد
النرشى,آلن
مخيمرابو,مخيمر
مهاعادل,مها
صابرعطيه,صابر
عبدالظيم,عبدا
عطيةعبدالعال,عطية
عنتراحمد,عنتر
السعيدأحمد,الس
انورالحبشى,أنور
الصوالح,الصو
صابرموسى,صابر
فتحىمحمد,فتحي
حساتين,حسا
قسطينى,قسط
مختارجاد,مختار
السيدامبابى,السىد
ناصر علي,ناصر
زايد عثمان,زايد
عبدالمعبدعباس,عبدالم
محمود نصر,محمود
عبدالخيرعلى,عبد
محمدالبرنس,محمد
حيضرالشافعى,حيضر
اجيدرين,أجيد
نصربخيت,نصر
السيدمحمدعلوان,السىد
ايوميدي,أيو
مظهرهلال,مظهر
السيدمحمدفرج,السىد
سيد عبود,سيد
عبدالبصير عثمان,عبد
الدبرانى,الد
سعيد عيد,سعيد
عبدالجوادمرجان,عبد
احمدهنيدى,إحمد
عبدالجوادابوالسعود,عبد
القعيده,الق
زاهر عبدالمطلب,زاهر
فؤادسيداحمد,فؤاد
انورسيدهم,أنور
عبدالجابركشك,عبد
عامر عبدالباري,عامر
منصورعوده,منصور
عمروالمالكى,عمرو
محمدالشنوانى,محمد
محمدالعرايشى,محمد
سعيد نصر,سعيد
سعدالزير,سعد
السمحتينى,السمح
تامر محروس,تأمر
محمدهرامه,محمده
احمدالاعمي,إحمد
محمداحمدمرزوقه,محمدأحمد
عبدالحميدمحمد على,عبد
الزالفى,الز
عبدالعزيزالمزين,عبد
عبدالمجيدالحليوى,عبد
جعفر عبدالحميد,جعفر
ميرانور,مير
احمدريا,إحمد
السيد صلاح,السىد
عبدالحميدالرسول,عبد
عبدالعزيزالاعور,عبد
عبدغريب,عبد
محمدشيحه,محمد
عبدالجوادهنداوي,عبد
حامدبرانى,حامد
جابرخليل,جابر
سيداحمدالشورى,سيدأحمد
سعد الطنطاوى,سعد
بدرزين,بدر
عبدالغفارغانم,عبد
أحمدكيوان,إحمد
نصرالسعيد,نصر
الدوريدى,الدو
عبدرضوان,عبد
خالد خليل,خالد
الظاهرحسن,الظاهر
سيد عبدالعزيز,سيد
محمدقايد,محمد
انورخلف,أنور
سيدالهارب,سيد
مضراوى,مضر
اسمران,اسم
الاتاس,آلا
عبدالستار عبدالحميد,عبد
انور سيد,أنور
الاسودى,آلا
احمد عزام,إحمد
البرنجى,البر
احمد البيومى,إحمد
السيد فتوح,السىد
محمدغيث,محمد
عريقاتى,عريق
سعدعبدالجواد,سعد
الإسريجى,الاس
الدوشانى,الدو
مجاهد ابورزق,مجاهد
السيدالخضرى,السىد
الحكماوى,الحكم
فريد على,فريد
انور عبدالعزيز,أنور
محمدالشيشينى,محمد
محمد عبدالقدوس,محمد
محمدالعزالى,محمد
احمداللبان,إحمد
محمدزريق,محمد
عيدالزهوى,عيد
الكلبشاوى,الكل
جابرعلام,جابر
محمودالطوخى,محمود
محمدعسل,محمد
محمدهلالى,محمد
محمودعسكر,محمود
السيدعبدالكريم,السىد
عبدالمجيدابو,عبد
عبدالحميدالعفيفى,عبد
انور عبدالمجيد,أنور
محمودالكيلانى,محمود
احمد عبدالصمد,إحمد
قمرعلى,قمر
عمرالخامى,عمر
محمدعصفور,محمد
السيد سرحان,السىد
احمدالسباعي,إحمد
السيد موسي,السىد
الورفلى,الور
محمد الطنطاوى,محمد
احمد فرغلى,إحمد
الخلانى,الخل
محمدالحكيم,محمد
بدراسماعيل,بدر
نصرعطا,نصر
محمدالفرا,محمد
البوصاتى,البوص
محمود حسنين,محمود
عبدالعزيز حمدان,عبد
انورعياد,أنور
عبدالعزيز قنديل,عبد
الزهوينى,الز
الكوكانى,الكوك
محمدالسكرى,محمد
السيد البيومى,السىد
السيدايوب,السىد
الدمانى,الد
بديرالمرسى,بدير
الأسعاد,آلا
السيداليمانى,السىد
الأوسيه,آلا
جبر أحمد,جبر
عبدحامد,عبد
أحمد عماره,إحمد
عبدالمقصود عطية,عبد
الخناتى,الخن
اميرعلى,آمير
زاهرعيسى,زاهر
مختاربيومى,مختار
سيد عفيفى,سيد
تقىالرحمن,تقي
القصلى,الق
محمدعسقلانى,محمد
سيد يوسف,سيد
أيلاريه,ايلا
محمد تونى,محمد
محمد بشرى,محمد
محمدالزناتي,محمد
محمدالمبدى,محمد
استيفانوس,أستيف
محمد زيد,محمد
سعدعبدالرحمن,سعد
خضرعبد,خضر
بسطاورس,بسطا
قرياقصى,قريا
العزيزالنمر,العزيز
عيدرمضان,عيد
عجماوى,عجم
بدرجمال,بدر
شوشانى,شوش
بدرمحمود,بدر
محمودطلعت,محمود
قويسنى,قوى
محمدمطاوع,محمد
احمدالنبراوى,إحمد
السيدالدمياطى,السىد
الواحدمحمد,الواحد
بديرابو,بدير
احمدمؤمن,إحمد
الفندرى,الف
محمودحماده,محمود
محمدابوخضر,محمد
عبدالستارعبد,عبد
سميرعبدالرحمن,سمير
عبدالقادرعلام,عبد
عبدالقادرخضر,عبد
الشناطوفى,الشناط
مصطفاوى,مصطف
عبدالنصيف,عبد
الطرانه,الطر
محمدالششتاوى,محمد
عبدالستارسليم,عبد
أنورالسيد,أنور
محمدأبوالعينين,محمد
الناصرمحمد,الناصر
كورسيل,كور
بايبرس,باى
عمرالحصرى,عمر
سلمانه,سلم
هادينال,هاد
عبدالعزيززكى,عبد
هديرايمن,هدير
جابرعطيه,جابر
عبدالسي,عبد
منصورالشيخ,منصور
عامرعبده,عامر
مناراسماعيل,منار
خضرابراهيم,خضر
عبدالغفارمصطفى,عبد
عبدالعزيزعبدالكريم,عبد
منيرعزيز,منير
جابرامين,جاب
ناصرفؤاد,ناصر
السيدالصياد,السىد
محمدمحجوب,محمد
ماهرامين,ماهر
محمودعبدالهادى,محمود
عمارعبدالمنصف,عمار
محمودعبدالفضيل,محمود
جابرعبدالفتاح,جابر
الدياوى,الدي
منصورقاسم,منصور
زهيرمحمود,زهير
نصرسلامه,نصر
النصرعبدالرازق,النصر
حامديه,حام
شاهيدان,شاهي
محمدابوالفضل,محمد
البشبيش,البش
محمدالسايح,محمد
صابرالسعيد,صابر
أسعدعبد,أسعد
عبدالقادرمتولى,عبد
السيدالخولى,السىد
السيدالالفى,السىد
محمدرخا,محمد
الستارابراهيم,الستار
احمدالمكاوى,إحمد
السيدالحضرى,السىد
محمدزهرى,محمد
شيماءحسن,شيماء
بكرصالح,بكر
الرفعى,الر
محمدالزيات,محمد
احمدالفحل,إحمد
محمدعشيرى,محمد
القادرعبدالرازق,القادر
محمدكليب,محمد
المجيدعطية,المجيد
راضلله,راض
محمدالعارف,محمد
محمدالشاكر,محمد
سعدالصغير,سعد
محمودسراج,محمود
العفدرى,العف
روميرو,روم
الاريانى,آلا
محمدابودور,محمد
اميلين,امي
استيفانى,أستيف
محمودعمرو,محمود
الوارس,الو
الزهراني,الزهر
عبدالمقصودحسن,عبد
محمدنجاح,محمد
معبدشعبان,معبد
معبدسيد,معبد
العبدعبدالرحمن,العبد
الظاهرالسيد,الظاهر
سميرابو,سمير
سميرقطب,سمير
محمدالمظلوم,محمد
السيدالغيطانى,السىد
عبدالعزيزحشيش,عبد
البقزاوى,البق
احمدالزيات,إحمد
شاكرسيد,شاكر
احمدالسيداحمد,إحمد
فؤادعبدالفتاح,فؤاد
محمدالبهى,محمد
محمدالقصبى,محمد
سعدعبدالعال,سعد
السعيدعطا,السعيد
سعدغازي,سعد
عبدالصمدالقاضى,عبد
عبدالقادرحامد,عبد
بدرعبدالقادر,بدر
الصغيراحمد,الصغير
عبدالمجيدعبدالمجيد,عبد
بدرانة,بدر
محمدابواسماعيل,محمد
محمدشديد,محمد
ماهرتوفيق,ماهر
الحصانى,الحص
عمرالضنين,عمر
السيدعبدالدايم,السىد
الجابريه,الجا
عبدالقادرعوض,عبد
عبدالمجيدعبد,عبد
عبدالقادرفرج,عبد
عبدالمقتدرمحمد,عبد
مختارعيش,مختار
الهوراى,الهو
محمدالبرعى,محمد
محمدالاتربى,محمد
السيدالمناوى,السىد
زاهراحمد,زاهر
بديراحمد,بدير
احمدعماشه,إحمد
عنترحسن,عنتر
محمودالبدرى,محمود
الناصرالسيد,الناصر
السيدالبسيونى,السىد
سعديعقوب,سعد
احمدالمغربي,إحمد
الحدادحماد,الحداد
خضيرالزيني,خضير
الغفارعبيدو,الغفار
احمدالعواد,إحمد
سندعمارة,سند
احمدعربد,إحمد
عمرصالح,عمر
سعيدرجب,سعيد
محمودسيداحمد,محمود
فيلامين,فيل
عاشورأحمد,عاشور
عبدالاسد,عبد
احمدولقبه,إحمد
الدواوى,الدو
حمدعبد,حمد
الحبرى,الح
بوالحجاج,بوال
محمدالفتحى,محمد
الديابى,الدي
محمدالثابت,محمد
حنضلانه,حنضل
محمدنصرت,محمد
محمدالناصح,محمد
احمدالامين,إحمد
عمركيلاني,عمر
جاسياس,جاس
محمدميسر,محمد
مادونيا,مادو
محمدالبهلول,محمد
محمدالراوى,محمد
فالينتينا,فالين
نوراعبد,نور
عمرسعيد,عمر
عمركامل,عمر
صابرجميل,صابر
ابراهيممحمد,إبراهي
عبدالشرقاوى,عبد
احمدالشغتى,إحمد
زكريا عبدالرازق,زكرىا
محمدعلوي,محمد
المعتمداوى,المعتمد
عيد عبدالرزاق,عيد
محمد ابوداغر,محمد
اسكندراسعد,إسكندر
السيد ابوقوره,السىد
نصر حسين,نصر
بديرالاعرج,بدير
محمدالبولاقى,محمد
محمدعساس,محمد
حمصانى,حمص
محمود هانى,محمود
عبدالمنتسل,عبد
عبدالعزيزهانى,عبد
محمدبسام,محمد
عبدالستارمخلوف,عبد
سيداحمد ابوزاهر,سيدأحمد
مخيمربدر,مخيمر
السيد الشاعر,السىد
احمدالطحان,إحمد
محمدمنذر,محمد
سعيد عبيد,سعيد
عبدالظاهرمحمود,عبد
محمديزن,محمد
احمدالمغربى,إحمد
احمدهديه,إحمد
عمار عبدالدايم,عمار
سعيد مسعود,سعيد
عبدالمقصودالشيخ,عبد
امالحسن,أما
نورالجليل,نور
عبدالحميدصالح,عبد
عمار ابوبكر,عمار
محمدالراعي,محمد
محمدالدويك,محمد
مرادالشيخ,مراد
عبدالسيدالدويك,عبد
محمودعوف,محمود
محمدالكشكى,محمد
سيدالقرنى,سيد
معبدعبدالعال,معبد
عمرالدالى,عمر
الانينى,الان
الرمونى,الر
محمدجنيدى,محمد
عمر صادق,عمر
عاشورعبدالناصر,عاشور
سيد ابوسريع,سيد
عبدالقادرعويس,عبد
نصرجمعه,نصر
فايزجمعه,فايز
محمدالاشعابى,محمد
معبدعبدالغفار,معبد
معبدفرغلى,معبد
عبدالمحتمد,عبد
السيدعرفان,السىد
سيدعبدالغفار,سيد
عبدالستارعلاق,عبد
عيديعقوب,عيد
حسينبهيج,حسين
احمد ابوفاخره,إحمد
عمر نصر,عمر
محمدالوجيه,محمد
العبدالهلالى,العبد
محمدشلقاني,محمد
معبدعبدالوهاب,معبد
عبداالونيس,عبدا
عمر شحاته,عمر
استربينى,أستر
اولارى,أول
الشرهاوى,الشره
السمعلى,الس
محمدوالى,محم
محمودقشوه,محمود
محمدالنيال,محمد
محمدشقوير,محمد
محمدالنقيب,محمد
عبدالناصرالجمل,عبد
احمد عربى,إحمد
عبدالحميدهيكل,عبد
ماهر سعد,ماهر
دياباتى,دياب
عبدالعزيزالاعصر,عبد
محمودعيسوي,محمود
محمدالهوارى,محمد
حوارنيه,حوا
نورسالم,نور
ارسلينا,ارس
فايزبطرس,فايز
الأهدى,آلا
انورجوجو,أنور
سلامةالشيخ,سلامة
ايفانو,ايف
افكارمهدي,أفكار
نبهانى,نبه
محمود الليثى,محمود
ياسر عزت,ياسر
عبدالنورغبريال,عبد
عبدالسيد عطيه,عبد
محمدمنصورهاشم,محمدمنصور
القرمشانى,القرم
محموداللبدة,محمود
ارملندا,ارم
منصورضحاوى,منصور
منصورميلاد,منصور
الغفارمزيد,الغفار
مسعودبشاى,مسعود
نورالقناص,نور
صابر سعد,صابر
سيد عاشور,سيد
عبدالعزيزتعلب,عبد
محمدالرصاص,محمد
محمدحساب,محمد
العتيانى,العتي
عطاالسيد,عطا
سيد جاد,سيد
ماهرخليفه,ماهر
الامير أحمد,الآمير
عاشورسليم,عاشور
انور حسين,أنور
باباوى,باب
زهراوى,زهر
السبينى,الس
محمدأسماعيل,محمد
محمدالبكش,محمد
عبدنبيل,عبد
فريدالكفورى,فريد
عبدالنورعياد,عبد
جورجيوسى,جورج
النبقى,آلن
نصرالحفناوى,نصر
شاكرعبدالمحسن,شاكر
ايفانس,ايف
البرجلانى,البرج
جعفرالصادق,جعفر
عمر بشير,عمر
عبدغزال,عبد
عمروهب,عمر
خالد العربى,خالد
عبدالعزيزالاسود,عبد
حمادجاب,حماد
عبدالحميد العوضى,عبد
اسكندرعيد,إسكندر
محمودعجمى,محمود
أحمدسيدأحمد,إحمد
عبدالرأفه,عبد
احمدالبربرى,إحمد
محمدبديع,محمد
مجاهد احمد,مجاهد
السيدمدكور,السىد
سيد لاشين,سيد
عمر عايد,عمر
الفريده,الف
ابيجال,أبي
انورالابيارى,أنور
الحلوسى,الح
محمدالزعفرانى,محمد
عبدالظاهرسيد,عبد
أحمدإمام,إحمد
محمدبشندى,محمد
العبدالعزب,العبد
الابتي,آلا
دارديرى,دار
البنعلى,البن
عبدالستارسليمان,عبد
السعيدحسانين,السعيد
سعد حنا,سعد
اللسامى,الل
ميرعلى,مير
عمر عبدالبارى,عمر
محمدالجارحي,محمد
عبدالغفارطلبة,عبد
عنترعبدالحليم,عنتر
احمدريشه,إحمد
عبدالعزيز عفيفى,عبد
درعاوى,درع
محمدطاها,محمد
عبدالجواد صالح,عبد
سيد عبدالحى,سيد
الجولانى,الجو
احمد ندا,إحمد
عبدالعزيز ابوالخير,عبد
احمداحمدعماره,إحمد
عيدربيع,عيد
عبدالمجيدخليل,عبد
جبرعبدربه,جبر
ماهر عبدالجليل,ماهر
محمود عيسي,محمود
عبدالقادرطنطاوي,عبد
محمدالفالوجى,محمد
محمدمحمودبخيت,محمدمحمود
عبدالغفارعبدالحليم,عبد
سعد بكر,سعد
عبدالبصير عبدالعال,عبد
عبدالعزيزابوالعنين,عبد
عبدالشويخ,عبد
عطاعفيفى,عطا
الموجودابراهيم,الموجود
محمدابوخزيم,محمد
سيدمحمدبيومى,سيد
احمدعرموش,إحمد
عبدالمعتمد محمد,عبد
عوادعيسي,عواد
عبدالظاهرمسعود,عبد
عايدعمير,عايد
عبدالعزيزقرنى,عبد
عمر هاشم,عمر
عبدالعزيزالقصاص,عبد
أحمدالفرماوى,إحمد
سيد عبدالفضيل,سيد
السيد حفنى,السىد
السيد درويش,السىد
عبدالعزيز السقا,عبد
عبدالستاردياب,عبد
محمدالسنباوى,محمد
عبدالحميدالزناتى,عبد
توحيدابوالعلا,توحيد
السيدالسنطاوى,السىد
جابرعياد,جابر
عبدالعزيزعرب,عبد
العزيزابوحسين,العزيز
محمدالنيدانى,محمد
معمرعجمى,معمر
محمودالضوى,محمود
السيدعبدالحق,السىد
جابرالخولى,جابر
محمداللالى,محمد
النصرعبدالحفيظ,النصر
ناصر عبدالعزيز,ناصر
عبدالبر ابراهيم,عبد
عبدالغفارالتحيوى,عبد
منيررياض,منير
احمدالسحيمى,إحمد
عبدالعزيزالفرماوي,عبد
عامرمرعي,عامر
وليدالنصر,وليد
جلالالاسلام,جلال
محمودطايل,محمود
زيد ابوالمكارم,زيد
عبدالحميدالجميزي,عبد
محمد أبوالعزم,محمد
رشاد إبراهيم,رشاد
فؤادسالم,فؤاد
محمودحواش,محمود
جابر ابوحداية,جابر
مختار ابوصقر,مختار
محمدالدمهوجى,محمد
عبدالمقصودروميه,عبد
فؤادعيسى,فؤاد
جادغربيه,جاد
جادعبدربه,جاد
حسبوعبد,حسبو
محمدالفوال,محمد
السيد أبوسنه,السىد
فؤادأبوجبل,فؤاد
صابرالحفناوى,صابر
صابرالجدع,صابر
السيد الحسينى,السىد
السيد العطار,السىد
تامر سعيد,تأمر
احمد هدى,إحمد
محمودالقلشى,محمود
عبدالعزيزالدخس,عبد
محمدالمواجيري,محمد
السيدالعانوسى,السىد
محمدعمريه,محمد
عبدالستار عبدالفتاح,عبد
عبدالحميد عبدالسلام,عبد
سعد عبدالحميد,سعد
احمدشعير,إحمد
محمدمحمودعمر,محمد
احمد خميس,إحمد
سعد شبل,سعد
الحميدعبدالفتاح,الحميد
عبدالحميد شحاته,عبد
احمدطعيمه,إحمد
عطا عبداللطيف,عطا
محمدالبلشى,محمد
عبدالغفارامام,عبد
سيداحمدعلام,سيد
حمادالعيسوى,حماد
جزرعفصه,جزر
عبدالحميدهديه,عبد
الصياد احمد,الصياد
احمدخضوره,إحمد
محمدعرب,محمد
عبدالمقصودجوهر,عبد
محمدالحواله,محمد
احمدالعيوطى,إحمد
عبدلجليل,عبد
عبدالقادرالدقونى,عبد
محمدهبن,محمد
محمدالشلقامى,محمد
اللابى,الل
كنداوى,كند
عمرالخاتم,عمر
عبدالعزيزالغتمي,عبد
السعيددويدار,السعيد
عبدالعزيزشهيد,عبد
محمدعيادتركى,محمدعياد
السيداحمدالسيد,السىد
احمدسميرعبدالجواد,أحمدسمير
محمدعلفه,محمد
سيد الحسن,سيد
محمدالبرعي,محمد
الاحمدين,آلا
عزيز محمود,عزيز
عبدالحميدغازى,عبد
بابللى,باب
شنودةغبريال,شنودة
الحرزاوى,الحر
طاهرنصر,طاهر
الوفانى,الو
السيدحمايه,السىد
مختار ابوعامر,مختار
الاشناوى,آلا
داود ابراهيم,دأود
سيدهندى,سيد
لحياوى,لحى
عامرالاسود,عامر
نصرزين,نصر
محمداحمدالغباشى,محمدأحمد
منيرسليمان,منير
عامرزكي,عامر
سعيد منتصر,سعيد
محمدالعادل,محمد
محمدقايتباى,محمد
احمدروشبيك,إحمد
عنترالبكرى,عنتر
عبدالغفارحسنين,عبد
محمدالكتامى,محمد
باشاعبدالسيد,باشا
الزاوه,الز
عزوزمنشاوى,عزوز
ابوالخير عبدالحى,أبوالخير
احمدالبكري,إحمد
عبدالعزيزسبتان,عبد
محمدالنجمي,محمد
عبدالظاهرجاد,عبد
سيدالقصاص,سيد
عبدالمجيد الرفاعى,عبد
محمد حبيب,محمد
السيدالرحل,السىد
احمدالبطاوى,إحمد
سيد الجزار,سيد
محمد ابوشادى,محمد
محمدالعطارى,محمد
عبدالحميدعواد,عبد
محمودالزيطه,محمود
محمدالزن,محمد
عوادشديد,عواد
محمودصوابى,محمود
عبدالقادرعبدالنبى,عبد
عبدالعزيزعويس,عبد
سيدرشيد,سيد
البرديمى,البر
ناصر رجب,ناصر
محمدمدكور,محمد
احمد سالمان,إحمد
عطية على,عطية
حامدهليل,حامد
محمود عبدالدايم,محمود
ناصر الشريف,ناصر
سيد حنفى,سيد
الصفتاوى,الصفت
الامير ابراهيم,الآمير
البلقيسى,البل
محمدعجلان,محمد
سعيد القاضى,سعيد
احمدالحلفاوى,إحمد
السيدالمسلماني,السىد
السيد خلف,السىد
عبدالعزيزطيطة,عبد
سعيد سلامة,سعيد
عمرالديبة,عمر
احمدباطه,إحمد
محمدخفاجه,محمد
احمدعبدالحميدعثمان,إحمد
عبدالحميدمحمدعمار,عبد
سيدوافي,سيد
سيد خضر,سيد
احمد علوان,إحمد
سيد عبدالمؤمن,سيد
منصوربيومي,منصور
احمدالباجوري,إحمد
منصورالبجم,منصور
عبدالعزيزحجاب,عبد
عطيةرشيد,عطية
الهدابى,إله
محمدتركى,محمد
ماهر عبدالباقى,ماهر
فريدعبدالغفار,فريد
محمدطلبة,محمد
احمدالبارودى,إحمد
جابرعابدين,جابر
النفاوى,آلن
احمدالبديوى,إحمد
مطرعمر,مطر
احمدحرحش,إحمد
محمدهيصم,محمد
دويدارعلى,دويدار
الصيامى,الصي
البطامونى,البط
عبدالقادربكر,عبد
احمد زكريا,إحمد
محمود توفيق,محمود
السيداوى,السى
مختار رمضان,مختار
احمدابوعقيل,إحمد
فيكتورعبدالمسيح,فيكتور
مراد على,مراد
حماد عبدالكافى,حماد
قطشاوى,قطش
السيد عبدالنعيم,السىد
عبدالقادربهنسى,عبد
جابرشحاته,جابر
السويلى,الس
محمدالزراع,محمد
عنبرمحمد,عنبر
محمدفريج,محمد
نصرالغروبى,نصر
عبدالجوادغنيم,عبد
عمرجاب,عمر
محمودالسراج,محمود
فؤادعرابي,فؤاد
عبدالحميدالفرس,عبد
عبدالمجيدكساب,عبد
محمد انس,محمد
عبدالصمدضاهر,عبد
محمدالبشه,محمد
السيدجربات,السىد
جابرالسعيد,جابر
عبدالمقصودعسكر,عبد
عبدالعزيزشبل,عبد
محمدالصفطاوى,محمد
احمدالبهاص,إحمد
عبدالحميداللقانى,عبد
الغفاربحيرى,الغفار
السيد نعيم,السىد
احمدالصفطى,إحمد
احمد صيام,إحمد
نويرابراهيم,نوير
عبدالغفورقاسم,عبد
احمدالسعداوى,إحمد
الشعراى,الشع
حمادة ابراهيم,حمادة
عبدالمقصود ابورواش,عبد
عنترحجاح,عنتر
عبدالواحدالمعداوى,عبد
عبدالخيرالحناوى,عبد
عبدالستارابو,عبد
سعيد ابواليزيد,سعيد
محمدطلايع,محمد
احمدمعن,إحمد
محمدالفوى,محمد
صابرالعزيرى,صابر
انورالخولي,أنور
احمد ابواليزيد,إحمد
عنتر سيد,عنتر
محمد عبدالصبور,محمد
محمد فتحي,محمد
عيدالقاضى,عيد
زياد عبدالصادق,زياد
عبدالقادرشلبى,عبد
محمددقيق,محمد
سعدالعنانى,سعد
عيدنصير,عيد
محمودابوليلة,محمود
احمد فتوح,إحمد
جابرعزب,جابر
جابررياض,جابر
عنتر عبدالدايم,عنتر
عبدالمعزالسيد,عبد
عبدالحميدالوردانى,عبد
الوكبه,الو
سعد موسى,سعد
محمدمرعي,محمد
منصورشاور,منصور
الحفته,الح
عبدالقادرالعنتبلى,عبد
الصافتى,الصا
عيداللقانى,عيد
المجيدعامر,المجيد
السيدالفوى,السىد
سعد عبدالرحيم,سعد
الحواصلى,الح
محمد ابومعبد,محمد
سعدالسيدخليل,سعد
السيدعطوان,السىد
الرماضى,الر
احمدالعسكرى,إحمد
عبدالحميدمسلم,عبد
غندورالغندور,غندور
محمود ابوشنب,محمود
محمدقادوم,محمد
عمر رزق,عمر
محمد ابوشاهين,محمد
احمدمحمدالنمر,إحمد
احمدابوعامر,إحمد
سعدالشعراوى,سعد
نورسته,نور
عبدالحميدالقمحاوى,عبد
عبدالعزيزعبدالونيس,عبد
عبدالعزيزموميه,عبد
الستارمشهور,الستار
عبدالمقتدرياقوت,عبد
محمدالمشد,محمد
محمدالشاملى,محمد
عبدالجوادالسعدنى,عبد
محمدحلوة,محمد
علاءعيسوى,علاء
محمدالبيلي,محمد
بدرالبرماوى,بدر
السعيد يوسف,السعيد
نويرزيدان,نوير
حامدعريف,حامد
محمدحيزو,محمد
سيداحمدالعزب,سيد
عبدالقادر الليثى,عبد
عبدالحميدالمزين,عبد
عبدالقادر ابوالعباس,عبد
عبدالعزيزمطر,عبد
الأفلاقى,الاف
عبدالحميدجمال,عبد
محمدعطيان,محمد
عزوز على,عزوز
فؤاد رجب,فؤاد
عبدالحميدالبدراوي,عبد
بديرالشربينى,بدير
القادرحامد,القادر
سعيد عنتر,سعيد
عبدالحميد الشافعى,عبد
البازاسماعيل,ألباز
محمدالسيد علي,محمدالسيد
عبدالغفارغزال,عبد
محمدالهنداوى,محمد
محمدالزرقانى,محمد
محمدالحلفاوى,محمد
عمرعمرعاصى,عمرعمر
سيداحمدعرب,سيدأحمد
حامد الحنفى,حامد
سيداحمدسرحان,سيدأحمد
محمدشلبيه,محمد
عبدالعزيزالقصبى,عبد
العزيزحسام,العزيز
ابوبكر عبدالفتاح,أبوبكر
محمدالضعيف,محمد
النصرجاد,النصر
عيدعرب,عيد
صابردومة,صابر
عطاابوحمر,عطا
الشارودى,الشا
الاميرالصادق,الآمير
ترابيسى,تراب
محمدصبرة,محمد
ميريانسى,ميري
محمدالرافعى,محمد
منير حمدى,منير
جاسرمراد,جاسر
محمد ابوالمعاطى,محمد
السيدالعريبى,السىد
جابرفرج,جابر
عبدالستار عبدالغنى,عبد
باباينى,بابا
احمدالنهطاوي,إحمد
السيدالمراوى,السىد
سعد بدوى,سعد
الطاهرالصافى,الطاهر
خضرخضر,خضر
محمدابورحاب,محمد
السيد نوفل,السىد
احمدالظايط,إحمد
عبدالحميدالبرهامى,عبد
القراوى,الق
محمد ابوقصعه,محمد
السيد عارف,السىد
سعيد عبدالوارث,سعيد
بدرالعشرى,بدر
حامدمحمدعبدالوهاب,حامد
جابرالرفاعى,جابر
القطفانى,القط
عاشور عبدالحميد,عاشور
محمدالوزيري,محمد
منصورالعمراوى,منصور
انورقرموط,أنور
منصورعلواني,منصور
احمدالزغلى,إحمد
السيدالمسينى,السىد
احمدطبانه,إحمد
فريد حسن,فريد
عبدالمجيدجبالي,عبد
احمدمحمدالصعيدى,إحمد
احمدالمنوفى,إحمد
محمدالبدراوي,محمد
منير محمود,منير
فريد جلال,فريد
عابد احمد,عابد
عمار جمال,عمار
عبدالعزيزماضي,عبد
الصغير سعد,الصغير
السيدالبشري,السىد
الصغيرعبدالعزيز,الصغير
سعدعلوانى,سعد
محمودمحمدالخلعى,محمودمحمد
بكرعيد,بكر
سعد عبدالقادر,سعد
عبدالعزيزالتلبنتى,عبد
حامد عبدالمعطى,حامد
محمودسعدغانم,محمودسعد
البرجمانى,البرج
بدرمرسى,بدر
حامدمحمدعبدربه,حامد
سعد جمعة,سعد
محمد ابوجودة,محمد
عبدالعزيز بحيرى,عبد
محمودالفاضلى,محمود
احمدرخا,إحمد
احمد ابواحمد,إحمد
عبدالمجيد عبداللطيف,عبد
سعد عامر,سعد
عبدالحميدعدس,عبد
عبدالحميدالسيدالمدخوم,عبدالحميدالسيد
سعدمقدم,سعد
روزمارى,روز
أنورعبدالونيس,أنور
السيدصابون,السىد
سعدالمنياوى,سعد
مجاهدعسكر,مجاهد
السطلى,الس
احمدعبوده,إحمد
محمودالبستاوي,محمود
السيدالرجال,السىد
عبدالبصيراحمد,عبد
احمدالشيخة,إحمد
عيدعوض,عيد
سعيد معاذ,سعيد
محمد ابوحليمة,محمد
حامد عوض,حامد
عبدالعزيزبصل,عبد
محمد ابوحطب,محمد
عبدالناصرعبدالحليم,عبد
عبدالحميدالسماديسى,عبد
محمودسارى,محمود
نداالبسيونى,ندا
احمدعقوله,إحمد
سعد أمين,سعد
محمدعبدالجواد شريف,محمدعبدالجواد
حبيببة,حبي
عبدالعزيزالشملة,عبد
جابرشلبى,جابر
محمداحمدزيدان,محمدأحمد
سعد بسيونى,سعد
احمدمحمدالحرايرى,احمدمحمد
بكرغازى,بكر
محمدالنشار,محمد
حامد السعدنى,حامد
احمدالحرايرى,إحمد
عبدالجيدبدر,عبد
عبدالحميدالصابر,عبد
عيدزين,عيد
عبدالواحد عبدالحميد,عبد
عمر امين,عمر
محمد ابوعمر,محمد
احمد هنداوى,إحمد
صقرعبدالسيد,صقر
محمد ابوحليمه,محمد
محمودغويل,محمود
عبدالجيدالحداد,عبد
عبدالعزيزالنجلاوي,عبد
الطاهرفتح,الطاهر
محمدالنفاخ,محمد
شهد عادل,شهد
حمد عبدالسلام,حمد
نداعبدالمحسن,ندا
عبداللآه,عبد
عبدالصمد عبداللطيف,عبد
الصمدعبد,الصمد
حامد عامر,حامد
محمدالواقدي,محمد
السيد ابواسماعيل,السىد
محمدالحوشى,محمد
نجارملازم,نجار
عبدالعزيزرحيل,عبد
عبدالعزيزالحوفى,عبد
عبداالحليم,عبدا
عيادالصباغ,عياد
محمدالخشاب,محمد
عبدزقيم,عبد
عبدالنورعوض,عبد
عبدالعزيز حمادة,عبد
محمدالخاتم,محمد
عبدالغفارشرف,عبد
محمدالجعرانى,محمد
السنيدى,السن
نادر العدوى,نادر
سعيد عبده,سعيد
الاشعر,آلا
عبدالعزيز عويضه,عبد
محمد ابوالحاج,محمد
أنور مصطفى,أنور
السيدالصديق,السىد
عبدالجوادغالى,عبد
احمدالبرماوى,إحمد
السيدالشهاوى,السىد
انورالصاوى,أنور
بدير عبدالبارى,بدير
السيدالقصبى,السىد
عمر البدوى,عمر
عبدالعزيزهيبه,عبد
احمد الشناوى,إحمد
عبدالعزيزالكنيسى,عبد
محمد ابوالعمايم,محمد
عبدالعزيزالقبلاوى,عبد
محمود غالى,محمود
السيدالحبيشى,السىد
محمودأبوالنجا,محمود
صابر أحمد,صابر
محمدالسويدى,محمد
فايزالسعيد,فايز
عزيزعبدالشافي,عزيز
عامرالشعراوى,عامر
أحمدالبلاوى,إحمد
عبدالشديد,عبد
الجازولى,الجاز
عبدالعزيزجعفر,عبد
عبدالحميد ابوالسعد,عبد
عبدالعزيزالغنام,عبد
عبدالقادرعبده,عبد
عبدالعزيزالحسانى,عبد
السيد العدوى,السىد
محمدالعتر,محمد
محمدالمجاعص,محمد
السيدالشيتانى,السىد
محمدالمسدى,محمد
عبدالغفارانور,عبد
محمدوهدان,محمد
محمودالدرينى,محمود
محمدالعماوى,محمد
عبدالودودعبدالهادى,عبد
عبدالشكورالشعراوى,عبد
عبدالموجودعباس,عبد
عبدالغفار عبدالمطلب,عبد
عنترعبدالغفار,عنتر
فؤاد عبدالحميد,فؤاد
عبدالعزيزالبكر,عبد
الاباري,الأب
محمدالتابعى,محمد
محمدالزفتاوى,محمد
مسعدابوجلاله,مسعد
طاهرالهوارى,طاهر
مختارنزهه,مختار
احمدزناتي,إحمد
انورشحاته,أنور
مسعدالعش,مسعد
سعدالزيات,سعد
أحمدعريبه,إحمد
عبدالمعلي,عبد
جادالمرسى,جاد
زكرياعبده,زكرىا
السيدالبدرانى,السىد
محمدعسكر,محمد
الطاهرعبدالرحمن,الطاهر
عبدالعزيز هنداوى,عبد
عمر ندا,عمر
محمدعبيس,محم
عبدالعزيز عبدالرازق,عبد
طاهر عطية,طاهر
النحريدى,آلن
منصورغزاله,منصور
قرقرمحمد,قرقر
محمدغتورى,محمد
رضاعبدالغفور,رضا
السيدالمنجى,السىد
عبدالقادرمتولي,عبد
منصورالهجرسى,منصور
العزيزابوجبل,العزيز
جبرالصعيدى,جبر
محمدعفق,محمد
عبدالصمدالشمبكى,عبد
صقر حسين,صقر
خاطرحسانين,خاطر
محمودالعارف,محمود
سيداحمدالبوهى,سيدأحمد
البازاتى,ألباز
حامد العزب,حامد
حامدعسكر,حامد
جابرهاشم,جابر
رضا عرفات,رضا
الحصرانى,الحص
جابرالدحدوح,جابر
عبدالعزيزقوشه,عبد
البازالبطراوى,ألباز
السنجدى,الس
مكسموسى,مكس
القليبوى,القلي
بديرالقصبى,بدير
سيد غازى,سيد
نصرالمغازى,نصر
منصورالبط,منصور
نصرالمعداوى,نصر
بشير يوسف,بشير
فؤادصقر,فؤاد
بديرالجناينى,بدير
زهيرعبد,زهير
صقرعوض,صقر
الدشيتى,الد
العياده,العي
الخلونى,الخل
باهرعرفه,باهر
نصرعامر,نصر
محمدالبلاط,محمد
عبدالغريب,عبد
عبدالمجيدعربيه,عبد
احمدالبلكى,إحمد
السيدالغمرى,السىد
رشادعبده,رشاد
عبدالغفارالصعيدى,عبد
احمدعيطه,إحمد
صقر ابراهيم,صقر
السموحى,الس
السيد النحاس,السىد
منصورعبده,منصور
بكرالغندور,بكر
احمدالدياسطى,إحمد
نورعين,نور
النورابو,النور
عبدالهارونى,عبد
احمدالروضى,إحمد
احمدالغبارى,إحمد
احمدالكيكى,إحمد
جبر عبدالغنى,جبر
الصرفندى,الصرف
محمدالاهتم,محمد
السعيدحماد,السعيد
عيدسكر,عيد
محمدمصبح,محمد
محمدغيط,محمد
الملالحى,الملا
عبدجبر,عبد
بكرالبغدادى,بكر
الحسرى,الح
عبدالحميدعامر,عبد
محمودمكاوى,محمود
احمدالصيرفى,إحمد
حامدعميره,حامد
محمدمنصورغمرى,محمدمنصور
أحمدالدراوي,إحمد
ياسر علي,ياسر
احمدالناظر,إحمد
محمدعقيل,محمد
احمدالفطايرى,إحمد
منير رمضان,منير
احمدالهندى,إحمد
محمدعيدعوض,محمدعيد
محمدالكيال,محمد
العملاوى,العم
العزيزمشعل,العزيز
احمدالبدراني,إحمد
احمدالجميل,إحمد
محمد يحيي,محمد
جابر ابوعامر,جابر
منصورالهادى,منصور
الافرع,آلا
جودة عبدالرحيم,جودة
فايز امين,فايز
عبدالحميدسليم,عبد
احمد مهدى,إحمد
سمير ناصر,سمير
سميرعصام,سمير
سعدلبن,سعد
محمودمحمدصبح,محمودمحمد
الدرامونى,الدر
محمودالقليوبى,محمود
عبدالمعبود حسين,عبد
احمدالبلشونى,إحمد
فايزتيم,فايز
عطاغانم,عطا
سعد امين,سعد
محمودمحمدالسعدنى,محمود
منتصرغانم,منتصر
عبدالقادرسكران,عبد
محمودمحمدهيكل,محمودمحمد
المنتصرمحمد,المنتصر
محمودسكر,محمود
السيدالهادي,السىد
الاهدة,آلا
عبدالمجيدموافى,عبد
نادر خليل,نادر
عامرالهلاوى,عامر
عبدالمقصودسلامة,عبد
النوساتى,النو
محمدالهايج,محمد
عبدالعزيزمدنى,عبد
سيدأحمدنصار,سيد
عبدالمعتال,عبدالم
عبدالمقصودنصر,عبد
محمدالسنطاوي,محمد
هندوجه,هند
محمدعيداروس,محمد
السيد فراج,السىد
احمدسمرى,إحمد
عبدالعالسليم,عبدالع
جادوعبدالعال,جادو
اوهيدى,أوه
منصوربلاسى,منصور
عبدالغفار أحمد,عبد
محمدالغتورى,محمد
محمود شوقى,محمود
محمدعايش,محمد
محمدالغرباوى,محمد
السيد الرفاعى,السىد
نيروزه,نير
مختارعبدالهادى,مختار
محمدحبلص,محمد
الافرس,آلا
محسوبالنبى,محسوب
محمدفنجرى,محمد
تامر صلاح,تأمر
وليد جابر,وليد
سيد حافظ,سيد
عيدشحاتة,عيد
بكرعبيد,بكر
النورجرجس,النور
اسعدمينا,أسعد
درديريوسف,دردير
اسكندرموسى,إسكندر
ايمليا,ايم
عياديونان,عياد
فجرالأسلام,فجر
عبدالشواف,عبد
احمدريحان,إحمد
القادركبير,القادر
المجدمحمد,المجد
عبدداود,عبد
عبداسرائيل,عبد
عبدخليفة,عبد
عبدكامل,عبد
سعد مصطفى,سعد
احمدالدرديرى,إحمد
مرتاكى,مرت
اسكندرعبد,إسكندر
احمد مهنى,إحمد
شبربينى,شبر
محمدمزيد,محمد
سارةاسحق,سارة
عبدالحميدراتب,عبد
عبدعادل,عبد
نظيرسمين,نظير
عبدالقادرتونى,عبد
عبدالسندمحجوب,عبد
محمدالصبرى,محمد
نصار ابوزيد,نصار
المشهورمنصور,المشهور
الديسوقى,الدي
الرزقاوى,الرزق
محمود فخرى,محمود
عبدالنظيرحسان,عبد
احمد عدلى,إحمد
عبدالعزيزابوسحلى,عبد
شاكر مصطفي,شاكر
فوازسليم,فواز
عبدالمجيدراضى,عبد
ناصرالحق,ناصر
محمد اسلام,محمد
محمدابوالحجاج,محمد
احمدعبادى,إحمد
نورجيهان,نور
سعد الصادق,سعد
المشهورمحمود,المشهور
محمدالفرغلي,محمد
عمرو الطاهر,عمرو
احمدابوالمعارف,إحمد
السرالمهتدى,السر
الدكتورسليمان,الدكتور
محمدمرسال,محمد
محمدبرسى,محمد
السيد طاهر,السىد
نصير محمد,نصير
محمدرافع,محمد
محمدكرار,محمد
عيدالسايح,عيد
محمدياؤد,محمد
محمد ابوشقه,محمد
محمدمناع,محمد
احمدالناعم,إحمد
سلوانه,سلو
محمدالأمير,محمد
محمود عكاشه,محمود
محمدالعتريس,محمد
احمدالفرا,إحمد
محمود فهمى,محمود
نصراليمن,نصر
محمد نصير,محمد
ميناالقس,مينا
السيد هريدى,السىد
احمدالدويك,إحمد
جاد عبدالشهيد,جاد
عبدالنور سعيد,عبد
محمودغالب,محمود
محمدعزاز,محمد
عبدالنور عطيه,عبد
عيادثابت,عياد
احمدعاقل,إحمد
السيدالجبالى,السىد
عماربيومي,عمار
سعيدعقيلى,سعيد
السيد الطيب,السىد
محمود طلب,محمود
احمد الليثى,إحمد
محمدراجح,محمد
نورالعمر,نور
اسكندرسوريال,إسكندر
محمد مالك,محمد
الفطريفى,الف
محمدربيعى,محمد
احمدمغربى,إحمد
ألانور,آلا
السيدالغباشي,السىد
السيددحروج,السىد
طاهر عبدالمنعم,طاهر
الكليسلى,الكلي
انورعواد,أنور
احمدالرباط,إحمد
منصور عبداللطيف,منصور
ماجد عبدالحميد,ماجد
ماهرعبدالتواب,ماهر
عبدالعزيزالدرينى,عبد
عبدالعزيزسمهان,عبد
اميرسيد,آمير
محمدسامر,محمد
محمد مهاب,محمد
عبدالحميد مجاهد,عبد
محمدمجوده,محمد
بكرالجبالى,بكر
عبدالفيهم,عبد
السيدالرباط,السىد
معبدالصاوى,معبد
ملكاوى,ملك
المعتزلدين,المعتز
عبدالحميدفيصل,عبد
احمديزن,إحمد
نورهندا,نور
محمدريحان,محمد
الامثل,آلا
معبدابوالعلا,معبد
السيد عبدالمعطي,السىد
العبدبدوى,العبد
الرزقانى,الرزق
روىءعبدالعظيم,رويء
سلوايه,سلو
الجاروشه,الجا
ماهرالصاوي,ماهر
محمد كرم,محمد
السكوه,الس
البدساوى,البد
عبدالامحمد,عبد
احمدبرغوت,إحمد
بكر عبدالمعز,بكر
نورالشام,نور
السيدالربيعى,السىد
احمد شوقى,إحمد
عبدالناصر عثمان,عبد
عيدالحنتوشي,عيد
محمدحيدره,محمد
شرقطلى,شرق
محمدشخاشيرو,محمد
خالدابواللبن,خالد
الهويشى,إله
احمد هيكل,إحمد
كوسايه,كوس
السلقاوى,السلق
محمدالعروسى,محمد
شلحاوى,شلح
عامر حسين,عامر
عبدالمجيدباوه,عبد
عبدالمجيدعطوه,عبد
الهونى,إله
عبدالمقصودجبريل,عبد
احمد مخلوف,إحمد
عبدالحميد جبريل,عبد
عبدالصمدعرفه,عبد
منصورشاهين,منصور
احمد ناصف,إحمد
محمدفازع,محمد
عبدالبردياب,عبد
مختارفوزى,مختار
عبدالحميد عليمى,عبد
عبدالغفارادريس,عبد
نوريسه,نور
محمدالباشتلى,محمد
نورالسلام,نور
زغوانى,زغو
محمودالدالى,محمود
زاكيانى,زاك
راشدالعادلي,راشد
عيدالفار,عيد
معبدعبدالصمد,معبد
الدناوى,الدن
عبدالعزيزونس,عبد
احمدالقمبشاوى,إحمد
محمود فتحى,محمود
محمدجحا,محمد
سيد حماد,سيد
عبدالمعبدمحمد,عبد
عبدالحميد الجوهرى,عبد
احمد ابوالعيد,إحمد
عمرحمزاوى,عمر
عبدالصمدوافى,عبد
السيد جابر,السىد
محمدالروبى,محمد
احمدجادالحق,إحمد
العبدحسانين,العبد
محمود مبارك,محمود
ناصرالربيعى,ناصر
عمروالروبي,عمرو
رشاد عطية,رشاد
عبدالحلي,عبد
عبدالهاشم,عبد
نصيريسى,نصير
محمدالحباك,محمد
محمدالوقاد,محمد
الوجودعبدالتواب,الوجود
عبدالعزيز الصادق,عبد
الأسلام,آلا
عيد عبدالسميع,عيد
العزيزابو,العزيز
عطاعبدالكريم,عطا
البيضاوى,البي
حامدعبدالرحمن,حامد
الشبندى,الشب
الابتى,آلا
الصبورعبد,الصبور
عبدالحميدعطا,عبد
عامرجنيدى,عامر
سعداندرواس,سعد
عبدالواحدعمر,عبد
المختارمحمدالشيخ,المختار
فايزفرج,فايز
نهروبرت,نهرو
سرور على,سرور
عبدالعزيزعجاج,عبد
الامير حسين,الآمير
روسموند,روس
الزهراوى,الز
عبدالعزيزبدوى,عبد
عبدالقادرقاسم,عبد
عبدالمجيدعميش,عبد
الآغبش,آلا
انورزاهر,أنور
محمدالتركى,محمد
القيسيى,الق
لياريه,ليا
البمانى,البم
الكرهلى,الكر
منصورجبر,منصور
زكريابيومى,زكرىا
عبدالمجيدقناوي,عبد
طاهرخليل,طاهر
عبدالظاهرحسن,عبد
الفانى,الف
عبدالحميد الديب,عبد
بكرغالي,بكر
مختارحماد,مختار
السيد ابوغزاله,السىد
عبدالاحمد,عبد
البسطاطى,البسط
العمانى,العم
منصورجامع,منصور
منصورالشاذلى,منصور
رويانه,روي
عبدالمجيدالكومى,عبد
محمدعفا,محمد
تامر عويس,تأمر
عبدمرزوق,عبد
احمدالبطه,إحمد
حامدحنوره,حامد
فؤاد محمود,فؤاد
عشمولى,عشم
البعرينى,البع
بشرينى,بشر
الناصرندا,الناصر
عبدالظاهر ابراهيم,عبد
الحويفى,الح
عبدسليم,عبد
الشنتلى,الشن
الديراوى,الدي
الاديمى,آلا
المنكلى,المن
العولقى,العو
الدريملى,الدري
سعيد عبداللطيف,سعيد
مسعدالسيسى,مسعد
محمدفتيح,محمد
أحمد الطيب,إحمد
احمد ابوالسعد,إحمد
محموداحمدالغطريفى,محمودأحمد
عبدالظاهر علي,عبد
محمد مهنى,محمد
حامدريحان,حامد
اسكندررزق,إسكندر
عبدالنورابادير,عبد
عبدالعزيزيحيى,عبد
محمد ابوسريع,محمد
عبدالعدلى,عبد
بولالى,بول
عبدالستار عبدالونيس,عبد
عنبرغريب,عنبر
عبدالظاهرعبيد,عبد
الدجيلى,الد
الكرديه,الكر
الدراجى,الد
احمدالصواف,إحمد
محمدالسيك,محمد
احمد ابوالخير,إحمد
احمد سلطان,إحمد
الندير,آلن
فاروزه,فار
سعد أبوشامه,سعد
احمدالدالي,إحمد
أحمدالعدوي,إحمد
نويرالسيد,نوير
احمد لطفي,إحمد
محمودعويمر,محمود
محمودمحمدفهمي,محمود
محمدحواش,محمد
العزيزعبدالكريم,العزيز
أحمد فايد,إحمد
السيدعصفور,السىد
محمودضاه,محمود
محمداحمدالروس,محمدأحمد
محمدمحمدعيسي,محمد
عبدالمجيدسعيد,عبد
محمدسويفي,محمد
حامد عبدالغني,حامد
عبدالمقصودالعدل,عبد
عبدالجيدعبدالرحمن,عبد
عبدالمجيد عبدالحي,عبد
السيدابوبكر,السىد
منصورهريدي,منصور
الطاهرعبداللطيف,الطاهر
محمدالحبشي,محمد
فؤاد مصطفي,فؤاد
عبدالحميدمشري,عبد
احمدالخربطلي,إحمد
العزيزسالم,العزيز
عبدالحميدطلبه,عبد
سعد ابوسريع,سعد
احمد ابوفول,إحمد
عبداسكاروس,عبد
زكرياعباس,زكرىا
سيد شحاته,سيد
عبدالبرسميح,عبد
عبدالمعبودالشويخ,عبد
احمدالبرى,إحمد
احمدمحمدابراهيم,إحمد
محمداللبان,محمد
عبدالمقصودعتابى,عبد
محمدمعارك,محمد
محمود راشد,محمود
عبدالحميد عليوه,عبد
محمد ابوسنه,محمد
احمداحمدمطر,احمدأحمد
سيد كامل,سيد
عامرعطوه,عامر
محمدساعى,محمد
جادعويضه,جاد
عيدحسن,عيد
عبيدعبدربه,عبيد
محمدسيديوسف,محمدسيد
جابرشبل,جابر
الهوارنى,الهو
عبدالأله,عبد
عبدالحميدجبير,عبد
انورعبدالستار,أنور
حامد رشدى,حامد
عبدالستارجاد,عبد
محمدتيسير,محمد
عبدالستارالطوخي,عبد
المجيدحسب,المجيد
عبدالجوادعامر,عبد
محمدالاسرج,محمد
مجدعصر,مجد
خالد مهدى,خالد
القادرفرج,القادر
محمود رسلان,محمود
عمرأبراهيم,عمر
عبدالغفارالديب,عبد
المجيدهيكل,المجيد
جابرعيسي,جابر
السلوقى,الس
الأسكافى,الاس
أحمدالصعيدى,إحمد
جابرالجزاره,جابر
عبدالعزيز ابودنيا,عبد
جابرصقر,جابر
خالد عامر,خالد
الصاعدى,الصا
عبدالعزيز العيسوى,عبد
الحزوره,الح
سمير فؤاد,سمير
عبدالستارالجمال,عبد
محمود الصياد,محمود
سيدأحمدسويد,سيدأحمد
محمد أبوصقر,محمد
محمدالناقه,محمد
أحمد حسان,إحمد
عبدالبرالخولى,عبد
محمود عبدالمقصود,محمود
بكرالخولى,بكر
عبدالعفو,عبد
بكرطاحون,بكر
احمدعطوان,إحمد
أحمد الشافعى,إحمد
الاسراوى,الاس
عبدالبرغنيمى,عبد
الرويده,الر
خضيرأحمد,خضير
السيد العبد,السىد
منصورحنكو,منصور
جابرماضى,جاب
عبدالمعبودعيسوى,عبد
السيد منتصر,السىد
الابرس,آلا
السيدالكيلانى,السىد
محمدشراده,محمد
أحمدالهنداوى,إحمد
محمد وائل,محمد
محمدحيدر,محمد
عبدالغفارشهبه,عبد
احمدمحى,إحمد
عبدالقادرمحسن,عبد
السيدالشال,السىد
عبدالستارسالم,عبد
محمدالخشن,محمد
أحمدالمخلصاوى,إحمد
السيددندوح,السىد
أحمد صبح,إحمد
السيدالتلوانى,السىد
محمدحمودة,محمد
محمد ابوعرب,محمد
أحمد عزب,إحمد
أحمدالنشار,إحمد
سيدأحمدصلاح,سيد
محمدالبريدي,محمد
ماهردرويش,ماهر
أحمد الصاوى,إحمد
السيدالدماطى,السىد
محمودظلام,محمود
عاشورشحاته,عاشور
محمودالمليح,محمود
بدردبدب,بدر
عبدالستارالأخرس,عبد
جادالدماطى,جاد
محمودالمعداوى,محمود
محمدالعجوز,محمد
عبدالحميدقابل,عبد
سيداحمدشلضم,سيدأحمد
عبدالمقصودالحبشى,عبد
محمود أبوحجر,محمود
محمدالدماطى,محمد
حامد خطاب,حامد
محمدالبيهى,محمد
علاءابراهيم,علاء
عبدالحميددرويش,عبد
عبدالحميدزوين,عبد
محمدالميت,محمد
احمدمشحال,إحمد
السيدطبانه,السىد
سعد سلام,سعد
عبدالمجيدكيحر,عبد
أحمد كامل,إحمد
عبدالعزيزالحطيم,عبد
محمدأبوضاوى,محمد
فؤادعبدالعزيز,فؤاد
عبدالقادرالحواله,عبد
السيد ابوالخير,السىد
عبدالظاهرقنصوه,عبد
عبدالحميد عبدالباقى,عبد
محمود أبوالمجد,محمود
عبدالعزيزالزغبى,عبد
عامرشبيب,عامر
محمدطيب,محمد
المخلافى,المخ
محمود بكرى,محمود
محمدالسنتريسى,محمد
سعيدعبدالستار,سعيد
عمر بدير,عمر
أحمدالزينى,إحمد
عيدقنديل,عيد
محمدعافيه,محمد
عمرالنياد,عمر
محمدهوله,محمد
سعيدالهادى,سعيد
عمرابو,عمر
محمدالحنونى,محمد
محمد أمام,محمد
احمدبصارة,إحمد
عبدالحميدشكر,عبد
محمودفلفل,محمود
محمدتعلب,محمد
احمدالبيطار,إحمد
محمودسليمة,محمود
أحمد شرف,إحمد
عبدالحميدالتراس,عبد
احمدعلفة,إحمد
منصوردهشان,منصور
جابرجاد,جابر
مختار ابوحسن,مختار
عبدالمجيدعياد,عبد
عامرجمعة,عامر
محمدالشواربي,محمد
سعيددقينش,سعيد
صابر عبدالمعبود,صابر
حامد عبدالفتاح,حامد
ميرجاوى,مير
عيدالسلطان,عيد
دمرعبدالحي,دمر
محمدعبدالعلى,محمد
احمد عبدالسميع,إحمد
عبدالعزيز رمضان,عبد
عبدالظاهر عبدالخير,عبد
استراتى,أستر
بنيامن,بني
عبدالصبورهاشم,عبد
معجبانى,معجب
احمد طلبه,إحمد
محمدعدس,محمد
معتز عبدالغنى,معتز
نصرالعفيفي,نصر
محمدكتكوت,محمد
عبدالجاوى,عبد
القايدى,الق
عرفانى,عرف
الحباوى,الح
منصورالصراوى,منصور
اسكندرسليمان,إسكندر
عبدالغفورمحمد,عبد
عبدالعزيز مدبولى,عبد
عوادغنيم,عواد
نصارجمعه,نصار
صابرسالم,صابر
عيدالعربى,عيد
عبدالعزيزالديوانى,عبد
عبدالظاهرعفيفي,عبد
عبدالعزيزطويله,عبد
مختارزكي,مختار
احمد طنطاوى,إحمد
منصورزغاليل,منصور
عبدالحميدالصافورى,عبد
محمدالجابرى,محمد
احمد الشاعر,إحمد
احمدالدرع,إحمد
عمرالصيفى,عمر
اسكندرمعوض,إسكندر
الحمبرى,الح
منصورعنبه,منصور
الدراملى,الدر
سيد عبدالجليل,سيد
عبدالظاهر عبدالجليل,عبد
عبدالحميدالسحيمى,عبد
خضرهندى,خضر
عبدالعزيزالجناينى,عبد
عبدالعزيزالشبلنجى,عبد
محمدلبدة,محمد
احمدالملخاني,إحمد
عبدالمجيدشراقى,عبد
احمدشراقى,إحمد
الهشله,إله
احمد زهران,إحمد
محمود ابونعمه,محمود
السيدالحاج,السىد
احمدالغنام,إحمد
عبدالفكيه,عبد
عبدالمجيدالزميتى,عبد
عيدمره,عيد
سيد خليفة,سيد
محمودالبلاصى,محمود
عبدالحميدعجلان,عبد
محمدغنايم,محمد
حامدنمر,حامد
منصورغانم,منصور
عبدالعزيزعليوة,عبد
احمدالعراقى,إحمد
نصرحجاب,نصر
عامرمروان,عامر
جودة عبدالقادر,جودة
عبدالجوادعفيفى,عبد
الاطوابى,آلا
مقارتاوضروس,مقار
شيخونى,شيخ
البيسكى,البي
احمديه,احم
احمدمزروع,إحمد
محمد ابوسعدة,محمد
منصورزهران,منصور
مدكوراسماعيل,مدكور
محمد ابوسقاية,محمد
احمدالعايق,إحمد
احمدشوشة,إحمد
سعدالصيرفى,سعد
الجبيسى,الجب
احمدرماده,إحمد
نورجنة,نور
مسعدالدحروجى,مسعد
نوردنا,نور
محمدالمحرحر,محمد
النصرعدوى,النصر
احمدالتجانى,إحمد
احمد الحداد,إحمد
نصرشكيو,نصر
صقربنيامين,صقر
عاشوراسماعيل,عاشور
نوارالسكران,نوار
العزولى,العز
محمد بدران,محمد
عبدالستارقنصوة,عبد
السيدالمأمونى,السىد
ابواليزيد عبدالعظيم,أبواليزيد
سعيد هارون,سعيد
اميرحموده,آمير
عمرو جابر,عمرو
عبدالقادر شاهين,عبد
محمدالمسيرى,محمد
عبدالحميدبكري,عبد
طاهر عبدالصادق,طاهر
احمدتمراز,إحمد
أحمد معوض,إحمد
زايدعبدالحق,زايد
جابرسرحان,جابر
عبدالغفارالشريف,عبد
محمدالنملي,محمد
مندورالبنا,مندور
انورونس,أنور
منير عبدالمجيد,منير
احمدعجور,إحمد
سعيدسيدأحمد,سعيد
تامرابراهيم,تأمر
العسراوى,العسر
عبدالمجيدفياض,عبد
عبدالعزيزرصد,عبد
عبدالصبورغريب,عبد
جبر عبدالعال,جبر
عبدالقادر ابوبسيونى,عبد
محمدجباره,محمد
محمدعميره,محمد
محمود صيام,محمود
محمدالسملاوى,محمد
عبدالحميد سلطان,عبد
عبدالغفارالسملاوى,عبد
محمدالعلقامي,محمد
انورالنقيب,أنور
عمرالمجدوبى,عمر
احمد خلاف,إحمد
احمد ابوغياض,إحمد
المراياتى,المر
طاهرعطا,طاهر
عبدالجوادسويلم,عبد
حمادابوعامر,حماد
عنترالعشماوى,عنتر
عبدالعزيززايد,عبد
عبدالعزيزعزت,عبد
محمودالعزونى,محمود
عبدالعزيزالنمرود,عبد
عبدالحميد عبدالمقصود,عبد
السيدعفصه,السىد
احمدالملاح,إحمد
احمد نسيم,إحمد
محمدالنبيرى,محمد
بكر ابوخطيطه,بكر
نوارحنا,نوار
محمد ابوعميرة,محمد
عامرعتلم,عامر
محمدعرفيه,محمد
احمدمناع,إحمد
محمدالزلبانى,محمد
محمدالسمنودى,محمد
السعيدربيع,السعيد
احمدمحمدالمرسى,إحمد
علاءحموده,علاء
عبدالقادر عبدالموجود,عبد
السعيد عطية,السعيد
جابربدوى,جابر
عبدالحميدالتلاوى,عبد
عبدالقادرالقطب,عبد
جبرالسباعى,جبر
محمدهادى,محمد
عبدالبر عبدالعزيز,عبد
عزيز يوسف,عزيز
عبدالقادرعبدالجيد,عبد
عبدالمجيد عليوه,عبد
محمدعبدالحميدحجاب,محمدعبدالحميد
عبدالجوادالخضرى,عبد
سعد الشرقاوى,سعد
مندورالبابلى,مندور
محمد أبونار,محمد
السعيدابوغازى,السعيد
عبدالواحددياب,عبد
محمدعسوى,محمد
احمدالنزهي,إحمد
عمر ابوسليمان,عمر
حبيبة على,حبيبة
عبدالحميدالطراوى,عبد
شاكرمحمدعلى,شاكر
محمدمحمدالهابط,محمدمحمد
محمد عبدالباعث,محمد
السيد فريد,السىد
سعدعبدربه,سعد
احمدابوسعده,إحمد
احمد محسن,إحمد
محمدالسنطيل,محمد
احمد حسنى,إحمد
احمدعرجاوى,إحمد
محمد معروف,محمد
السيدالملاح,السىد
العبد حسن,العبد
عبدالستارغريب,عبد
عبدالستارمشهور,عبد
حميدةابوعامر,حميدة
عبدالعزيزشهاب,عبد
عبدالجوادبالى,عبد
عبدالحميدبكر,عبد
نصرالخولى,نصر
حامدابوشنب,حامد
عبدالعزيزالاختيار,عبد
محمدالصقار,محمد
سيداحمدالشامى,سيد
بديربدوي,بدير
عبدالحميدالمالح,عبد
سيد عمران,سيد
منصورالطنوبي,منصور
جبرالخولى,جبر
عبدالغفاربسيونى,عبد
نمرعبدالباقي,نمر
نصرالشيخ,نصر
محمودحميدة,محمود
مندورشحاته,مندور
غندورمرسى,غندور
السيدخفاجى,السىد
محمدمحبوب,محمد
محمودالشهاوى,محمود
احمدالمعدلى,إحمد
احمد العيسوى,إحمد
محمدولى,محم
عبدالجواديونس,عبد
سعدكشكه,سعد
عزيزعطا,عزيز
عيدهيبه,عيد
خليفة ابراهيم,خليفة
محمدحمدون,محمد
السيدمليكه,السىد
محمد ابوعيانه,محمد
حمدالشافعى,حمد
حامداحمدمصباح,حامد
السيدالزرقانى,السىد
بحرالصعيدى,بحر
محمد ابوالمكارم,محمد
عمر الشافعى,عمر
عبدالجيدسيداحمد,عبد
عمر حماده,عمر
عبدالحميدالشهاوي,عبد
محمدمحمدبهجات,محمدمحمد
محمدالشباسى,محمد
محمدمحمداحمد,محمد
محمدمرزه,محمد
عبدالستارالخطيب,عبد
سعدمندور,سعد
العبدالدمرانى,العبد
محمدحلة,محمد
عبدالغفارالدياسطى,عبد
محمودزيادة,محمود
محمدأبوالنجا,محمد
وليد حلمى,وليد
عطاالصاوى,عطا
محمد جبريل,محمد
عبدالغفارداود,عبد
عبدالحميدنوفل,عبد
عبدالجوادبركه,عبد
عبدالعزيزشداد,عبد
عبدالستار مصطفي,عبد
حامد خاطر,حامد
سرور حسن,سرور
سويسرى,سوى
عبدالحميدالسيد عبدالوهاب,عبدالحميدالسيد
السيدالمغازى,السىد
الطيباتى,الطيب
السيدمحمدالششتاوي,السيدمحمد
عبدالعزيزعجوه,عبد
منصورالكيلانى,منصور
عبدالحميدجادو,عبد
رضاعبدالغفار,رضا
السعيد سعد,السعيد
احمدانبابى,إحمد
عطاعماره,عطا
الحيارى,الح
مسعدخليفه,مسعد
حامدعبيده,حامد
عبدالروا,عبد
محمود ابوسعيد,محمود
محمدسري,محمد
سعيد جرجس,سعيد
تقيلله,تقي
عبدالمحرز,عبد
المجدعبد,المجد
العزيزمرسي,العزيز
خضرالعجمى,خضر
محمدأباظه,محمد
احمد عبدالباعث,إحمد
محمدسميرمحمودعبدالمجيد,محمدسمير
محمددره,محمد
محمدعليوةابراهيم,محمدعليوة
احمداحمدابوكساب,احمدأحمد
احمدالسبع,إحمد
السيد جودة,السىد
السجاوى,الس
محمدالمراسى,محمد
العمرواى,العم
عبدالعزيز العبد,عبد
البسارى,البس
عبدالعزيزاباظه,عبد
ياسر توفيق,ياسر
السيدعبدالمولى,السىد
عبدالمجيدابوليله,عبد
احمدعلم,إحمد
عبدالحميدالبلونى,عبد
السيدحسونه,السىد
عمر الشريف,عمر
بكرقاسم,بكر
مراد عبدالمنعم,مراد
نظيربولس,نظير
الشنهورى,الشن
الجابربلال,الجابر
عبدالمقصودزايد,عبد
محمودالمقدام,محمود
عبدالجوادالعقارى,عبد
عيدالكمنجي,عيد
عبدالقادر أبوطالب,عبد
محمدطراد,محمد
محمد ماجد,محمد
السيد حماد,السىد
عبدالمنصان,عبد
شتاعبد,شتا
المصمارى,المص
العطاشجى,العط
سعدخليف,سعد
عبدالمجيد بركات,عبد
عبدالقادربريقع,عبد
محمدالجداوي,محمد
عمر يوسف,عمر
سعيد عيسي,سعيد
محمدالهلب,محمد
النخلى,آلن
مسعودصليب,مسعود
عبدالنوراندراوس,عبد
أحمد زايد,إحمد
عبدكردى,عبد
سعد بلال,سعد
جابر أمين,جابر
عبدالعقبى,عبد
عبدعبدالعال,عبد
عبدالمعبودعبد,عبد
عبدعوينات,عبد
محمد حمادة,محمد
عيدعبداللطيف,عيد
محمود حافظ,محمود
محمدشاور,محمد
سعيد حنفى,سعيد
الدقروجى,الدق
محمودعزاز,محمود
انورحسان,أنور
محمدسابوسه,محمد
سعد ابوحجازي,سعد
عبدالجوادعرفه,عبد
السيد كامل,السىد
محمدغيطانى,محمد
محمدقرشم,محمد
نصرعطوية,نصر
محمدمحمودعلى,محمد
عبدالقادرروتان,عبد
محمدمحمدابوهاشم,محمدمحمد
محمداحمدعمران,محمدأحمد
السيدالنويشى,السىد
عطية الطنطاوى,عطية
حامد عياد,حامد
محمدالدرس,محمد
محمدالنكلاوى,محمد
محمدشيخ,محمد
فؤادقنديل,فؤاد
السيدالقونى,السىد
محمد ابوغنيم,محمد
احمدقمح,إحمد
عمر الشرقاوى,عمر
الحنجورى,الح
عبدالحميدالصفتى,عبد
اسكندرغالى,إسكندر
عمرالمغربى,عمر
جابريونس,جابر
عمرفياض,عمر
السيدالجنبيهى,السىد
مسعودالحصاوي,مسعود
منيرفايز,منير
محمدالنظلى,محمد
عبدالواحدمسامير,عبد
احمدالحديني,إحمد
الروهبى,الر
ناصر حامد,ناصر
سعد مسعود,سعد
منصورندا,منصور
انتصارعبدالحميد,أنتصار
عبدالعزيزالرشيدى,عبد
الستارحسين,الستار
حامدالكويس,حامد
مجدمرشدى,مجد
محمودمجد,محمود
السيد قطب,السىد
عبدالحميدالبوهى,عبد
محمدالفحل,محمد
احمدالدهبي,إحمد
محمود جعفر,محمود
عبدالغفارعيسى,عبد
سرورالانصارى,سرور
عبدالعزيزنعيم,عبد
عبدالعزيزالعساس,عبد
العزيزالشباسى,العزيز
أحمد الجمل,إحمد
محمد صبحي,محمد
احمدعمارة,إحمد
حامدالسيدعبدالرحمن,حامد
عزيز عبدالملك,عزيز
عيدالطويل,عيد
عبدالعزيزالدمس,عبد
محمدالجيزاوى,محمد
حامدالشرباصي,حامد
السيدالقلاوي,السىد
عبدالعزيز عمران,عبد
عبدالعزيزفتح,عبد
سيداحمدجاد,سيد
مسعدابوشادى,مسعد
البشراوى,البش
عبدالغفاربقشيش,عبد
رشاد عبدالمغني,رشاد
سعد جاد,سعد
مسعودمسعود,مسعود
احمدالكهل,إحمد
جابربكار,جابر
عمر عليوه,عمر
عبدالعزيزالشليقى,عبد
منتصر ابوريه,منتصر
عبدالجيدعبده,عبد
محمدحطب,محمد
عبدالصمدشبل,عبد
عبدالحميدسيف,عبد
عبدالعزيزالمرى,عبد
المبيضاتى,المبيض
عبدالعزيز عبدالصمد,عبد
النجاعبد,النج
محمدالسيسى,محمد
محمدجبرطايل,محمدجبر
منصورسيف,منصور
الامشطي,آلا
زاهرالشرقاوي,زاهر
عبدالجابرمنصور,عبد
عبدالالاة,عبد
عبدالمقصودهندى,عبد
صقرعبدالرحمن,صقر
عبدالمقصودسلام,عبد
عبدالقادرناصر,عبد
سرور محمود,سرور
عبدالمجيد ابوعيشه,عبد
السيد انور,السىد
الاليا,آلا
ميتخطرى,ميت
عزيزعشم,عزيز
عمر عبدالسميع,عمر
عبدالحميد البنا,عبد
عبدالحميدخطاب,عبد
الدومنجى,الدو
عيدعبدة,عيد
عبدالعزيزخير,عبد
الحلافى,الح
عيدعبدالمحسن,عيد
شكرلله,شكر
نورالبدر,نور
عبدالموجود مصطفى,عبد
محمود مفتاح,محمود
محمدغراب,محمد
محمدشويته,محمد
محمدابوعبيه,محمد
السعيد ابوريه,السعيد
شاكر عبدالمنعم,شاكر
سعد عبداللطيف,سعد
النعنانى,آلن
فؤادحميده,فؤاد
سعيد عبدالمقصود,سعيد
منصورالشنودى,منصور
عبدالحميد العشرى,عبد
بدير عبدالسلام,بدير
محمدالاسود,محمد
احمدالمرعاوى,إحمد
السيدعظمه,السىد
محمود حماد,محمود
حامد الدسوقى,حامد
بديرعبدالهادى,بدير
الرجمه,الر
احمد عبداللا,إحمد
اميرالاسلام,آمير
صقرالحداد,صقر
عبدالعزيز سلطان,عبد
احمدالبرلسى,إحمد
محمدالجمسى,محمد
السيدالفحار,السىد
عبدالعزيزالعايق,عبد
زكيرعلى,زكير
عزازعبد,عزاز
عبدالقادرالشخيبى,عبد
بكرشومر,بكر
سرور عطيه,سرور
جبر عبدالعزيز,جبر
النصرعبدالحميد,النصر
احمدالعشماوى,إحمد
عنترمكى,عنتر
ميدوعبد,ميدو
عبدالحميد البسيونى,عبد
نداعبد,ندا
الأسناوى,آلا
صابرعطا,صابر
منصورقنديل,منصور
عبدالغفورالأعصر,عبد
عبدالعزيزالحبيبي,عبد
عيد عبداللا,عيد
الأرمانى,آلا
بديرفتح,بدير
حامد أحمد,حامد
جبرمرسى,جبر
سيداحمدالدعباس,سيدأحمد
الصيادعبد,الصياد
عبدالحميدعماشه,عبد
عبدالمقتدر صالح,عبد
عنتر محمود,عنتر
عبدالقادرعيسي,عبد
احمدابوالعطا,إحمد
سمير شريف,سمير
محمدالراعى,محمد
بكر عبدالفتاح,بكر
عنترالعماوى,عنتر
البازالشوبكى,ألباز
محمودحسيب,محمود
محمودروميه,محمود
الزبرى,الز
جاد عبدالحميد,جاد
عبدالعصفورى,عبد
أسعدعبدالعليم,أسعد
محمد ابوالمرسى,محمد
نميرالسيد,نمير
السعيدعزام,السعيد
خضرالجابرى,خضر
محمودالعزبى,محمود
أحمدالشبعان,إحمد
عبدالعزيزالمنير,عبد
محمدالحلوانى,محمد
صابرقاسم,صابر
احمد عبدالمؤمن,إحمد
عمرعزيزه,عمر
طاهرغلاب,طاهر
نصرالاسكندرانى,نصر
نزارعاصم,نزار
القادرفهيم,القادر
محمد ابوعبده,محمد
الآديب,آلا
عبدالدسوقى,عبد
انورعباس,أنور
أحمد العوضى,إحمد
عبدالعزيزعبدالنبى,عبد
أحمد أبومسلم,إحمد
تيمورعلى,تيمور
الغندورالغندور,الغندور
عبدالغفار ابوالعنين,عبد
الأعلى,آلا
محمدعبدالنور,محمد
صقر عطيه,صقر
الستارخالد,الستار
فؤاد عثمان,فؤاد
مجاهد أحمد,مجاهد
السيدأبوالعلا,السىد
سعد عطية,سعد
محمود متولي,محمود
بكرسيداحمد,بكر
سمير صبرى,سمير
عبدالقادر شعبان,عبد
عمار عمران,عمار
عمر النحاس,عمر
التلتاوى,التلت
محمدالضريبى,محمد
السيد ابوهاشم,السىد
الطاهر على,الطاهر
البعبوشى,البع
الدماسى,الد
السيدعافية,السىد
محمدمنشاوي,محمد
عبدالقادرنصار,عبد
عنترعنتر,عنتر
منارهيثم,منار
منصورحسون,منصور
البطانى,البط
الجاهرى,الجا
الزمارى,الز
البرباوى,البر
محمدالدمراوى,محمد
العيدورسى,العيد
خضرعلى,خضر
القرموصى,القر
المندورعبد,المندور
داود على,دأود
عبدالهيبه,عبد
الانجاوى,الان
عبدالعزيزطلبه,عبد
القرندلى,الق
احمدالاجاوى,إحمد
عبدالباز,عبد
عبدالعزيزمحرم,عبد
جابر سعد,جابر
السيدالبوز,السىد
ماهرالدسوقى,ماهر
القادرعناره,القادر
اميرعادل,آمير
السيدعطيوى,السىد
العزيزالحسينى,العزيز
عبدالشكورعبد,عبد
النصرسلامه,النصر
خضرالزينى,خضر
احمدعديسه,إحمد
محمدالجعلى,محمد
سعد الصباغ,سعد
محمودالخميسى,محمود
الحظاوى,الحظ
الشكينى,الشك
عبدالنجيرى,عبد
احمدالنشوى,إحمد
محمد ابونازل,محمد
محمدالمجيحى,محمد
محمدشراره,محمد
السيدمحمدمصطفى,السىد
السيد سليم,السىد
عبدالعزيزصافى,عبد
محمدالزملى,محمد
سيد الشافعى,سيد
عبدالقادرراضى,عبد
فايزعفاره,فايز
محمدمحمدالبلبيسى,محمدمحمد
ارسينو,ارس
القادرعبد,القادر
محمدصلى,محمد
محمدالهندي,محمد
محمدالغبارى,محمد
عبدالموجود ابراهيم,عبد
عيد عبدالرازق,عيد
مندورالطنطاوى,مندور
محمدحراجى,محمد
محمدمحمدالجنيدي,محمد
عبدالستارمرزوق,عبد
مسعدالغراز,مسعد
مختارالصافورى,مختار
عطاالبارى,عطا
سعد غنيم,سعد
التلولى,التل
الصابرمحمد,الصابر
محمدعايدى,محمد
بدرمتولى,بدر
منتصررفاعى,منتصر
عبدالقادر المهدى,عبد
عبدالغفارشعبان,عبد
السيدعدوى,السىد
محمدجندى,محمد
سعيد عبدالفضيل,سعيد
إبونعمة,ابو
طاهرعبدالجواد,طاهر
محمدالشوربجى,محمد
احمدالصنافينى,إحمد
السيدمحمدعلى,السىد
محمداحمدعلوان,محمد
السيدالشوربجى,السىد
احمدالسيدمحمد,إحمد
عبدالعزيزفارس,عبد
محمدالصفتى,محمد
نصارعطوان,نصار
برجيسى,برج
محمدحسيني,محمد
السعيداسماعيل,الس
عبدالمجيد مبارك,عبد
جابرهلال,جابر
عامرهلال,عامر
محمد بحيرى,محمد
سعيد جبريل,سعيد
عوادالجزار,عواد
محمدالكاشف,محمد
أحمدمحمدأحمد,إحمد
ناصرالشافعي,ناصر
شنشانه,شنش
عبدالجبور,عبد
عبدمسلم,عبد
نورالمصطفى,نور
احمدعزالعرب,إحمد
عيدفياض,عيد
سمير الحسينى,سمير
عيد عليان,عيد
العوايسى,العوا
عازرحنا,عازر
فايزجندى,فايز
مسعدكراس,مسعد
عامرطلب,عامر
ناشدجاد,ناشد
عبدالعزيززعفان,عبد
محمدالمندى,محمد
محمدكويس,محمد
محمدمنيسى,محمد
فؤادجيد,فؤاد
القادرمصلوح,القادر
عبدباسليوس,عبد
نظيربسالى,نظير
اميميه,امي
احمدمظهر,إحمد
عبدبولس,عبد
محمد ولاء,محمد
عبديونان,عبد
محمدعيدالخولى,محمدعيد
عبدعياد,عبد
عبدجادالرب,عبد
عبدلويس,عبد
محمد صبره,محمد
الظاهرسالم,الظاهر
عبدالواحديوسف,عبد
دعاءالقس,دعاء
محمدجاهين,محمد
عبداالمجلى,عبدا
المراضي,المر
دكتوراحمد,دكتور
اللنبى,الل
نورالعبد,نور
عمركمال,عمر
احمدالمنتصر,إحمد
محمودالملقب,محمود
منصورالتقى,منصور
عبدالعطه,عبد
عبدالصبورعرابى,عبد
عبدالآمين,عبد
حجلانى,حجل
سيد همام,سيد
طلوزيغدادى,طلوز
سيد مرسى,سيد
مخيمربصرى,مخيمر
نورالعابدين,نور
عبدالستارخليفه,عبد
احمدالسعدي,إحمد
المشهورعثمان,المشهور
الباقرابوالفتوح,الباقر
شيبانى,شيب
حامد الطيب,حامد
عمروالعلا,عمرو
جادالنخيلى,جاد
المرينى,المر
محمد يسن,محمد
احمدعبدالمولى,إحمد
محمودالمشنب,محمود
احمد شحاتة,إحمد
اميرالشاعر,آمير
فيكتورنان,فيكتور
محمدهانىء,محمد
جابرثابت,جابر
جنياره,جني
احمدالجلالى,إحمد
نصرمغازى,نصر
محمدتعيلب,محمد
احمد اسكندر,إحمد
عبدالرشيدسالم,عبد
احمد خضر,إحمد
جابر عبدالرحيم,جابر
نمرعلى,نمر
احمدالكامل,إحمد
محمدالكتبى,محمد
ريفانه,ريف
السيدالشازلى,السىد
أسكاروس,اسكا
عمر اسماعيل,عمر
السيدالصغير,السىد
باسليوسى,باسل
رؤفيدا,رؤف
عبدالنبوى,عبد
محمدالباسطى,محمد
عبدالقادرالسنوسى,عبد
كوستيه,كوس
عمر امبابى,عمر
محمدصفى,محمد
زكاريا,زكا
محمدكيلاني,محمد
غبدالباقي,غبد
عمر رشوان,عمر
جويديه,جوي
سيدسيدمحفوظ,سيدسيد
عبدالحميد مبروك,عبد
قمرالأنبياء,قمر
فروماوى,فرو
عبدااسيد,عبدا
بكرمساعد,بكر
هاجرعبدالجواد,هاجر
عبدالغفارالكلاوى,عبد
محمدمندى,محمد
عبدالشيمى,عبد
احمدالصيري,إحمد
الجازولي,الجاز
لفانيا,لفا
محمدعزمي,محمد
احمد مفتاح,إحمد
جاد احمد,جاد
ستيفانو,ستيف
عبدالقادرالبيلي,عبد
محمد محرم,محمد
السيدشوشه,السىد
فؤاد علي,فؤاد
صابر عبدالعال,صابر
احمدغزال,إحمد
عيديونس,عيد
احمدالمتولي,إحمد
عبدالجوادحماد,عبد
الدنياري,الدن
احمدسعودي,إحمد
عبدالغفار عبدالرحمن,عبد
احمد عبدالباقي,إحمد
محمودالمهدي,محمود
محمود همام,محمود
محمود يونس,محمود
محمد ابوحامد,محمد
احمد معوض,إحمد
معبدعطوه,معبد
شهدعبدالحليم,شهد
عبدالمجيدجوده,عبد
عبدعبداللطيف,عبد
معبدعبدالمجيد,معبد
جيرميا,جير
بنيوته,بني
نصرعبدالرحمن,نصر
جبريللا,جبري
الباراتى,البار
محمد ابوالعينين,محمد
انجرام,انج
رينولا,رين
الشعيني,الشع
ايفانيا,أيفا
عبدالغفار حسين,عبد
احمد مجدى,إحمد
عبدالمغير,عبد
اليعازر,ألى
حوارنه,حوا
محمدبراء,محمد
عبدالحميد عبدالسميع,عبد
حناميخائيل,حنا
محمد عبدالحى,محمد
سيد سالم,سيد
سمير جرجس,سمير
وردشاه,ورد
جاوشتى,جاو
عبدالقادرعمار,عبد
بدرالقرط,بدر
عبدالحميدالطوخى,عبد
محمدسويد,محمد
عبدالستارعبيده,عبد
نادر جلال,نادر
السيد حسانين,السىد
الهبله,إله
ناصر كمال,ناصر
سعد حامد,سعد
منير عبدالحميد,منير
رضا عبدالفتاح,رضا
عبدصالح,عبد
كريستال,كريس
محمود عطوه,محمود
ايميليا,أيمي
الاحمداوى,آلا
ادرياس,ادر
صبرى محمد,صبري
السيد عبدالعظيم,السىد
حامدالعباسى,حامد
احمد مهران,إحمد
محمودالكومى,محمود
عبدقنيطه,عبد
محمدالشحرى,محمد
الفراماوى,الفرا
البلقصى,البل
عبدالمجيد الشيخ,عبد
احمد ابوالعزم,إحمد
صابر عبدالباقى,صابر
عبدالمن,عبد
محمودالمنياوى,محمود
الفيداوى,ألفي
عبدالقادريونس,عبد
شرقامى,شرق
عمرالحمراوى,عمر
محمدالخامس,محمد
عنبرعلى,عنبر
بدرخفاجى,بدر
عبدالعزيز عبدالرؤف,عبد
اسكندرسدراك,إسكندر
الباساوى,البا
عبدالغفور عبدالسلام,عبد
رشاد احمد,رشاد
محمدشطا,محمد
ناصر عبدالخالق,ناصر
منير احمد,منير
عبدالشا,عبد
البساوى,البس
احمد الصياد,إحمد
عبدالعزيز عبدالبارى,عبد
محمدالمغازى,محمد
احمدالكنانى,إحمد
عنترعبدالرحمن,عنتر
احمدالفيومى,إحمد
محمدالميمى,محمد
محمد ابوطيبه,محمد
العبدشادى,العبد
هاينريش,هاين
ابوبكر عبدالدايم,أبوبكر
محمود فرج,محمود
محمدالزنفلى,محمد
عبدصبحى,عبد
محمدعميرة,محمد
خالدشعراوى,خالد
عبدالجوادشحاته,عبد
احمدالبشبيشى,إحمد
الشرمببلى,الشرم
سعد عبده,سعد
محمودابواليزيد,محمود
عبدالمقص,عبد
التعلباوى,التعلب
سمير حامد,سمير
محمدالخبيرى,محمد
احمد إبراهيم,إحمد
عبدالغفار السيد,عبد
عبدالواحدفرج,عبد
سعد عبدالعظيم,سعد
محمد حمد,محمد
السيدالسماحي,السىد
عبدالحميدابوزيد,عبد
السعيد عبدالمنعم,السعيد
سيد حموده,سيد
منصورعبدالمنعم,منصور
السيد الامام,السىد
محمد نعمان,محمد
السيد الحنفى,السىد
عبدالطايع,عبد
الادري,آلا
احمد الشبراوى,إحمد
السيدالحفنى,السىد
الحندى,الح
عبدالقادرعيسى,عبد
الدرعاوى,الدرع
البرقاوى,البرق
عبدالمجيد عبدالعزيز,عبد
عبدالعزيز الطنطاوى,عبد
احمدالعايدى,إحمد
روسنده,روس
احمد درويش,إحمد
عبدالمجيدفايد,عبد
عبدالعفار,عبدالع
السعيدعبدالعزيز,الس
محمود سلامه,محمود
عامرعيد,عامر
مسعدالعريان,مسعد
محمود عبيد,محمود
عبدالغفارصالح,عبد
محمدالحبيب,محمد
احمدشمس,إحمد
شاكر علي,شاكر
صابر عبدالمجيد,صابر
جابر عبداللطيف,جابر
مراد محمد,مراد
محمدغزالى,محمد
انجولينا,أنجو
عبدالعزيزعبدالناصر,عبد
محمودالسعيد,محمود
احمد عمران,إحمد
عبدالمرزق,عبد
محمدالمعتز,محمد
السيد فهيم,السىد
مياراحمد,ميار
محمدعرابى,محمد
سعيداسماعيل,سعيد
العزيزعيسوي,العزيز
سميركمال,سمير
جابرفهمي,جابر
محموداسكندر,محمود
الحميدطوالة,الحميد
البجلاني,البج
الدينزين,الدين
القادرمراد,القادر
المجيدزكي,المجيد
محمدبحر,محمد
القادرالزمر,القادر
محمدالاطروشى,محمد
الشربيبى,الشر
العشيماوي,العشي
صقرالحضرى,صقر
عبدالحميدالصعيد,عبد
الغفاردراز,الغفار
احمدمنيسى,إحمد
محمدالنويعمى,محمد
حامدسلام,حامد
الجرينى,الجر
النويسرى,النو
فرعاني,فرع
جمعةالبليهى,جمعة
جادعبدالكريم,جاد
محمودالشاميه,محمود
صابرالجوهرى,صابر
حميدةعلى,حميدة
الستارحميده,الستار
سعدالكشكى,سعد
احمدالنقيرة,إحمد
السيدالشايب,السىد
عبدالقادرعبدال,عبد
الستارناجي,الستار
الزقبطى,الز
وحيدمحمد,وحيد
العابدينى,العابد
مخيمرابورية,مخيمر
العزيزهجرس,العزيز
سيدعيسى,سيد
عبدالح,عبد
الصابرالكبير,الصابر
القادرخطاب,القادر
أحمدبدوى,إحمد
محمدمزروع,محمد
نظيرالشناوى,نظير
انورخليفة,أنور
عبدالعزيزعبدالقوى,عبد
روحبان,روح
مختارالعوضى,مختار
احمدابوعميره,إحمد
البناطي,البن
عيدالزاكى,عيد
جبرمسعود,جبر
الأغبش,آلا
عبدالصم,عبد
عبدالعزيزمرسال,عبد
الشربتى,الشر
العزيزالدهشان,العزيز
مطرالشحات,مطر
مندورالشايب,مندور
عاشورالخولى,عاشور
الستارموسى,الستار
العزيزالمعداوى,العزيز
عنترعاشور,عنتر
عبدالعزيزعبدربه,عبد
عبدالموله,عبد
خيرالسودانى,خير
احمدابوسيداحمد,إحمد
احمدرميح,إحمد
بدرفرج,بدر
منصورتركى,منصور
صابرالطباخ,صابر
عبدالعزيزكميشة,عبد
مختارحسين,مختار
مختاركرم,مختار
صابرابوخداش,صابرابو
الحنازى,الح
محمودالحناوي,محمود
سيداحمدسلام,سيدأحمد
الدرمرداش,الدر
الملطاني,الملط
الملقهاني,الملقه
محمدبراوى,محمد
الزهوييني,الزهوي
المقصودالديب,المقصود
عبدالحميدالسعداوى,عبد
عمركحيل,عمر
فؤادعبدالطيف,فؤاد
نصرالهجين,نصر
احمدالبندارى,إحمد
القليلى,الق
سعدشعلة,سعد
صابرالمنشاوى,صابر
سعدحجاج,سعد
محمودفودة,محمود
السيدالصيحى,السىد
صابرجاب,صابر
احمدزياده,إحمد
القرمان,الق
سعدالباسوسى,سعد
ابةزيد,ابة
عبداالة,عبدا
الزوقزوق,الزوق
الزقينى,الزق
محمدابوريشه,محمد
عبدالمقصودالمزين,عبد
البشيرمحمد,البشير
نصرسليمان,نصر
محمدالقصبي,محمد
عبدالقادرخميس,عبد
غبدالخالق,غبد
الغفارالحليوي,الغفار
محمدالغول,محمد
المريدى,المر
عمادجميل,عماد
القشتاوى,الق
ماهرالشحات,ماهر
الدقروجي,الدق
محمودزهانه,محمود
احمدالجارحى,إحمد
المجيدمجاهد,المجيد
محمودالابيارى,محمود
رضاصبحى,رضا
العكريش,العك
محمدجعبوب,محمد
داودسليم,دأود
غبدالحكيم,غبد
الجوادالخرادلى,الجواد
العزيزسرحان,العزيز
الشرخيتى,الشر
محمدالزهيرى,محمد
السعيدفتح,السعيد
احمدالطباخ,إحمد
النبهارى,النبه
عيدالحسين,عيد
السيدرفاعى,السىد
بدرجوده,بدر
المجدابو,المجد
عبدالحميدمخلوف,عبد
سميرعبداللاه,سمير
محمودالزغبي,محمود
شاكرزهران,شاكر
محمودمعين,محمود
بدرهيبه,بدر
محمودالماظ,محمود
العزيزفتح,العزيز
محمدالبرقوقى,محمد
سرورعثمان,سرور
عبدالظاهرالقسطاوي,عبد
انورالعتي,أنور
الغفارقمر,الغفار
احمدالكشحت,إحمد
فؤادابراهيم,فؤاد
رافيدا,راف
عبدااللا,عبدا
حامدغنيمى,حامد
احمدمحمدخليل,إحمد
سعدسالم,سعد
محمدقريطم,محمد
محمودالقاضي,محمود
موسىالسيد,موسي
عبدالعزيزالفحام,عبد
احمدجادالرب,إحمد
مختارمهدى,مختار
عبدالحميدعكاشه,عبد
احمدالمسلوتى,إحمد
عيدبركات,عيد
الزغابي,الزغ
السيدعبدالرؤف,السىد
اللحامى,الل
مسعودعبدالقوى,مسعود
عيدعبدالخالق,عيد
السيدفاضل,السىد
سعدمكاوى,سعد
سعدعشري,سعد
الغفارعبدالواحد,الغفار
سعدحبيبه,سعد
محمدتوتو,محمد
محمدحبيبه,محمد
سميردسوقى,سمير
العزيزبكر,العزيز
محمدغبدالحميد,محمد
سعدعوينات,سعد
الحميدقطب,الحميد
سعيدهرموش,سعيد
الحميدقاسم,الحميد
سحرسعد,سحر
العمعداوى,العم
اميرالصعيد,آمير
السيدحماده,السىد
عيدلله,عيد
الاطرم,آلا
سعيدرزق,سعيد
اابوركبه,اابو
محمدالبراوي,محمد
محمدالنقرود,محمد
العويانى,العو
بوالمكارم,بوال
عبدالمجيدالفقى,عبد
الجوادابو,الجواد
عبدالقادرعروس,عبد
اللرازق,الل
علىسليمان,علي
السيدالصافي,السىد
الصابرالسيد,الصابر
عيدالبنا,عيد
عمرالقصبى,عمر
عبدالواحدسليم,عبد
محمودطوطح,محمود
السقاسى,الس
سيداحمدحجازي,سيد
الدوادي,الد
الصمدعلى,الصمد
عبدالمقصودالبلكيمى,عبد
سندعباس,سند
محمدمشعل,محمد
احمدالجمال,إحمد
عبدالعزيزمقله,عبد
محمدالدمنهوري,محمد
محمدابومحمد,محمد
محمدالحته,محمد
منصورفايد,منصور
عيدفايد,عيد
المقصودمصباح,المقصود
ماهرسيداحمد,ماهر
السيدالمعداوى,السىد
غبدالمرضي,غبد
اللتامين,الل
الحفلي,الح
العطفاني,العط
محمدالديهي,محمد
عيداللاه,عيد
علىرجب,علي
مىخائيل,ميخا
المجيدعاصى,المجيد
الدمراوىمحمد,الدمراوي
برتيانه,برتي
منصورخنيفر,منصور
عبدالواحدالجماس,عبد
الشريسي,الشر
محمدزياده,محمد
احمدعقل,إحمد
عبدالخلالى,عبد
مجاهدخلاف,مجاهد
السندويني,السن
السلامابوبكر,السلام
الانجار,آلا
السيدالنفياوى,السىد
عبدالعزيزعرفه,عبد
عبدالعزيزالخولى,عبد
عبدالقادرابوالاسعاد,عبد
عبدالعزيزابوسنه,عبد
محمدالجعار,محمد
الجرايدى,الجر
محمدالسنباطى,محمد
عبدالعيلم,عبدالع
محمودقنديل,محمود
السيدالجمال,السىد
السيدالقاضى,السىد
عاشورابراهيم,عاشور
بكرابراهيم,بكر
منصورموسى,منصور
محمودالشرقاوى,محمود
احمدابوشوشه,إحمد
عبدالحميدشلبى,عبد
محمدالمكاوى,محمد
جبلاية,جبل
العبدالشبراوى,العبد
طاهرالسعودى,طاهر
محمدالمبيض,محمد
عبدالمطاع,عبد
محمدابوالكمال,محمد
عبدالغفارسالم,عبد
العشراوى,العش
الزلبه,الز
رشادعبدالحميد,رشاد
عبدالعاصى,عبد
عبدالمجيدشنب,عبد
السيدعبدالتواب,السىد
الليبدى,اللى
مختارالملاح,مختار
محمدالعرينى,محمد
احمدعبدالبر,إحمد
دوليانا,دولى
محمدالحمار,محمد
احمدالحمار,إحمد
محمودالخولى,محمود
سيداحمدالقلش,سيدأحمد
سرورمهدى,سرور
منصورالجد,منصور
عبدالنورعبدالبديع,عبد
سمرعبدالرحمن,سمر
سمرعبدالعاطى,سمر
انورعبدالصمد,أنور
الشمساوى,الشمس
الفرونى,الف
احمدعدايل,إحمد
النيحى,آلن
السيدالنبهاوى,السىد
محمدالاهوانى,محمد
عوادبكر,عواد
عبدالبصيرحسن,عبد
ماهرفهمى,ماهر
عبدالكيم,عبد
احمداحمدصالح,إحمد
عبدالحمى,عبد
عبدالعزيزعبدالفناح,عبد
العقبالي,العقب
عوادحسن,عواد
عبدالمجيدغنيم,عبد
عبدالعوض,عبد
السيدلاشين,السىد
منيرتوفيق,منير
درديرعلى,دردير
عيادحسن,عياد
النقرنى,آلن
نصرابوالفتوح,نصر
رزفانه,رزف
زرقانه,زرق
عمرعبدالمقصود,عمر
الزولانى,الزول
عبدالمطالب,عبد
محمدعيله,محمد
البطحاوى,البط
عطيةعبده,عطية
عطيةعطيه,عطية
محمدالددمونى,محمد
السيدعوده,السىد
محمدفتوح,محمد
بازشحتة,باز
محمداسليم,محمد
عبدالمقصودخضير,عبد
دنياعبدالناصر,دنيا
عبداالمعطى,عبدا
سعدجمعه,سعد
الغراباوى,الغراب
اللسيد,الل
السيداللقة,السىد
محمدالحيلة,محمد
حميدعمرو,حميد
عيادحميد,عياد
عبدالجوادالشربينى,عبد
نصارمنصور,نصار
عبالظاهر,عبا
الورادانى,الوراد
عمارالسيد,عمار
عبالسيد,عبا
محمودمحمدين,محمود
عبدالحميدعبداللطيف,عبد
جلعانه,جلع
احمدالبهلول,إحمد
صابرالحسينى,صابر
عمرسليم,عمر
العزيزالزيات,العزيز
خلودمحمد,خلو
الفرسان,الف
رضاعلى,رضا
عبالتواب,عبا
عبداتواب,عبدا
عمرقايد,عمر
شريكان,شري
عبدالعزي,عبد
الغرياتي,الغري
عايزينة,عاي
المرزوق,المر
العبايدى,العبا
ابلاراهيم,ابل
ابرايهم,إبر
العقبالى,العقب
القرماوى,القر
عبدالناصرعبدالعزيز,عبد
الشيلاوى,الشيل
عبدالمنعيم,عبدالم
ناصريوسف,ناصر
اللتفانى,الل
شقارية,شقا
الزغامير,الزغ
زيادمحمد,زياد
نادركمال,نادر
صابرالديب,صابر
عبدالمرسى,عبد
عمراكمل,عمر
شريفمصطفى,شريف
غنيميى,غني
عبدالفقيه,عبد
صابرعبادي,صابر
تامرعبده,تأمر
صابرسعيد,صابر
جريوخليل,جريو
عنترعراقي,عنتر
الهولي,إله
فيروزعبد,فيروز
سمرالبدوي,سمر
هاجرعماد,هاجر
الدومنجي,الدو
عمرالانصاري,عمر
ماهرعزت,ماهر
شروقاوي,شروق
سحرعلي,سحر
السنورسي,السن
فرحاني,فرح
نادرميخائيل,نادر
اشكينازميلاد,اشكيناز
ولدمحمد,ولد
برتابه,برت
احمايه,احم
عطيةاللة,عطية
عداللاه,عدا
عدالحافظ,عدا
مسعودسكر,مسعود
سيدراس,سيد
مايبول,ماى
عبدالجار,عبد
ابالحمد,أبا
مارنيس,مار
عدالسميع,عدا
الدبلاني,الد
عبدالمقيم,عبد
جادالنعيم,جاد
البمنعم,البم
عبدالرحمت,عبد
عنبرالشريف,عنبر
سعدالبدرى,سعد
عدالواحد,عدا
احمدواصف,إحمد
الجبلاني,الجب
بالغفار,بالغ
اخرستان,اخرس
النوارى,النو
محمودزكريا,محمود
برتاوي,برت
جادالطهطاوى,جاد
الرفعي,الر
الحمودي,الح
محمودناصف,محمود
مانورين,مانو
الطبنجي,الطب
عبدالقادرامام,عبد
عبدالمحين,عبدالم
الصغيرالبدري,الصغير
تامريوسف,تأمر
عبدالصبورعبدالحكيم,عبد
محمداغا,محمد
عبدالورث,عبد
صابرمدكور,صابر
محمدعمرومحمد,محمد
عمروثابت,عمرو
شلقاوى,شلق
عبدالرشيدعبدالمجيد,عبد
احمدعبدالماجد,إحمد
احمدعبدالمنصف,إحمد
عبدالحميدعبدالصبور,عبد
لمياءعادل,لمياء
عبدالرياض,عبد
اسماءعبدالسيد,إسماء
ناصرجميل,ناصر
مزهجره,مزه
فارتينا,فار
عبدالودودعبدالبارى,عبد
اسراءابوالعيون,أسراء
ديناعبداللاه,دينا
عبدالبصيرعبدالعزيز,عبد
سعادعبدالراضى,سعاد
ناصرعبدالحميدعبدالنظير,ناصرعبدالحميد
جابرعبدالوكيل,جابر
نجلاءعبدالتواب,نجلاء
عبدالعزيزمحمودعبدالسيد,عبد
انتصارمحمد,أنتصار
محمدالربيعى,محمد
محمودعبدالمبدئ,محمود
عبدالحميدعبدالمالك,عبد
فلوباتيرالقس,فلوباتير
سيدالصغير,سيد
جابرعبدالحافظ,جابر
عبدالايمان,عبد
مختارعبدالباسط,مختار
حرمانى,حرم
سمهران,سمة
احمدالشماع,إحمد
عبدالرحال,عبد
عبدالرش,عبد
محمدكمالى,محمد
النغلى,آلن
محمدعبدالروؤف,محمد
نداابراهيم,ندا
عبدالمجيدخضر,عبد
عبدالناصرايوب,عبد
عدلولي,عدل
احمدالحلوى,إحمد
صبرىميخائيل,صبري
علاءعبدالحفيظ,علاء
الارياني,آلا
الاحرمى,آلا
خالدعبدالسميع,خالد
معتزمحي,معتز
احمدعمروعبدالوارث,أحمدعمرو
البرنسيسه,البرنس
عنترعزمي,عنتر
جابرابادير,جابر
محمودسيدمحمد,محمود
صابرشعبان,صابر
اسراءعباس,أسراء
عطاءالكريم,عطاء
عبدالظاهرعبدالراضي,عبد
تناغوحنا,تناغو
مظهربسكالس,مظهر
عبدالناصرعلام,عبد
سيدهلالي,سيد
عاشورمتولي,عاشور
اسراءعبدالباسط,أسراء
الشافقى,الشا
منارهمام,منار
ياسرعبدالسميع,ياسر
نورهاب,نور
زاخرفرحان,زاخر
عبدالراحد,عبدالر
عبداللمطلب,عبد
صابراحمدحسن,صابر
ناشدساويرس,ناشد
محمدعقيلي,محمد
تيسيررمضان,تيسير
احمدشوقي,إحمد
ماهرمترى,ماهر
نصيرجرجس,نصير
معزوزعجبان,معزوز
عمروعليان,عمرو
عبدالساترعبدالمجيد,عبد
صفيانه,صفي
الباقوشى,البا
ادوارعبدالعظيم,أدوار
جواهرعزت,جواهر
عدالباسط,عدا
عطاسعد,عطا
جعفرعيسى,جعفر
مختاربسالى,مختار
مختارمخيمر,مختار
منصورعبدالرحيم,منصور
عبدالناصرعبدالعليم,عبد
محموداحمدمحمود,محمود
محمدعبدالوارث,محمد
تيسيرعمر,تيسير
طاهرعبدالنبى,طاهر
حمودهمحمد,حمودة
السيدخضيري,السىد
مختاربكر,مختار
احمدسلمان,إحمد
ديناعطاف,دينا
سمهدانه,سمة
سيدعبدالرحمن,سيد
محمدمحروص,محمد
منصورزكري,منصور
انورفهمى,أنور
الصيادسليمان,الصياد
باروكى,بار
محمدمحموددرويش,محمدمحمود
عبداللاهعبدالعارف,عبد
عيدالمسيح,عيد
احمدمحمودابوالوفا,احمدمحمود
السيدشحات,السىد
السيدابوطالب,السىد
محمودسعداحمد,محمود
احمدمحمدخليفة,إحمد
عمرخلف,عمر
سعدابوالوفا,سعد
فريدبخيت,فريد
محمداحمدعلى,محمد
محمدرافت,محمد
وليدصلاح,وليد
اسراءخلف,أسراء
اسراءعبدالرازق,أسراء
الزهراءصلاح,الزهراء
اميرةبخيت,آميرة
عيددياب,عيد
احمدمحمودمحمد,إحمد
آيةاشرف,إيه
خليفةأمين,خليفة
آيةصابر,إيه
تغريدحسن,تغريد
خلودعوض,خلود
سارةعلى,سارة
شيماءسرحان,شيماء
مروةرمضان,مروة
محمودعبدالمنعم,محمود
نجلاءعربى,نجلاء
انجىالقمحى,أنجي
رشادفوزى,رشاد
الوهمان,الو
منصورحسانين,منصور
نارميان,نار
ناصرصادق,ناصر
محمدحجى,محمد
مقارالزارع,مقار
ناصرمحمودعثمان,ناصر
ناصرعبدالرحيم,ناصر
عبدلموجود,عبد
العزيزعبدالرحيم,العزيز
ماريومشرقى,ماريو
محمداحمدالملقب,محمد
العكينى,العك
ولاءعشرى,ولآء
احمدالحنفي,إحمد
فؤادعبدالرحمن,فؤاد
الاميرعاطف,الآمير
السيحوى,السى
عجلاتى,عجل
عبدالباسطمحمد,عبد
السعدنىحسنى,السعدني
عبدالنظيرعبدالحميداحمد,عبد
المجيدغالب,المجيد
هيبةعطا,هيبة
محمودعبدالمعطى,محمود
احمدنعيم,إحمد
الكلتومى,الكل
الزقالي,الزق
ماريانة,ماري
محمدعبدالمنطلب,محمد
عبدآلاخر,عبد
عبدالظاهرفرغلي,عبد
جادااله,جادا
عبدالناصرعبدالرسول,عبد
عبدالشكورعطيه,عبد
عبدالهايم,عبد
جمعةمحمد,جمعة
محمدمحمدعثمان,محمد
عدالموجود,عدا
القاهور,القا
عبدالمنغم,عبد
الستريس,الست
عبداالقوى,عبدا
احمدحمد,إحمد
عبدالسلامه,عبد
علاءالين,علاء
الحنكيرى,الحن
عزيزعبدالعزيز,عزيز
محمدالعزبى,محمد
اباذيد,أبا
النورابراهيم,النور
احمدهندام,إحمد
نصرالصديق,نصر
مختارخميس,مختار
سعيدينى,سعيد
جبرجعفر,جبر
الحمنى,الح
فؤادالششتاوى,فؤاد
الرامل,الر
محمودالنحاس,محمود
محمدالكرداوى,محمد
افكارالبشبيشى,أفكار
محمدالحمامصى,محمد
احمدالعمرانى,إحمد
السعيدالامام,السعيد
العزيزحسون,العزيز
البطروى,البط
النقرشى,آلن
محمودالسيدعابدين,محمودالسيد
بذرجمهر,بذر
الغفورخضر,الغفور
فؤادبهى,فؤاد
الحنفاوى,الح
القليمى,الق
محمدالمعداوى,محمد
الدعداوى,الد
الحميدالغفارى,الحميد
جبرالعشرى,جبر
نورديان,نور
الايسر,آلا
القماس,الق
عمرعادلى,عمر
الحميدالرفه,الحميد
محمدالساعى,محمد
متولىمصطفى,متولي
محمدالملا,محمد
سعدليله,سعد
محمدشنهاب,محمد
غبدالحافظ,غبد
السيدغيط,السىد
الحاربى,الحا
الدكروى,الدك
العزيزصيام,العزيز
منظورابراهيم,منظور
الغفورالشاعر,الغفور
علىعوض,علي
الغفارالجعيدى,الغفار
مجاهدالبسطويسى,مجاهد
عدالفتاح,عدا
الخضرالسيد,الخضر
بديراليمانى,بدير
جادالمصرى,جاد
بديرالحداد,بدير
محمدالمالح,محمد
حامدالمرسى,حامد
عيدالجواد,عيد
الشعريه,الشع
محمدابوصالح,محمد
القادربشر,القادر
محمدالسقعان,محمد
رضاعباس,رضا
زكرياالبسيونى,زكرىا
رنارمضان,رنا
سهاايمن,سها
جحاالعفيفى,جحا
هويداعادل,هويدا
حامدالزينى,حامد
الصباحىحسن,الصباحي
علدالقادر,علد
عامربيلى,عامر
محمدالشملول,محمد
احمدمحمدعزب,إحمد
سيداحمدعمر,سيد
عنترموسى,عنتر
العزيزالمهدى,العزيز
ثنانور,ثنا
سندعلى,سند
جابرعثمان,جابر
محمداحمدابو,محمد
العزيزشليل,العزيز
الشربيينى,الشربى
حامدابو,حامد
ايوشعيشع,أيو
زيدعرفات,زيد
بديرالمغازى,بدير
الانزار,آلا
محمدالهلالي,محمد
محمدشادي,محمد
الغنىالمنسى,الغني
بدرالموافي,بدر
القادرالعشرى,القادر
نفادعيسى,نفاد
مسعداحمدعبده,مسعد
حامدالبهنسى,حامد
عطيةمحمد,عطية
الويسطى,الو
الجرهرى,الجر
احمدالحنطور,إحمد
الغفورعلى,الغفور
صابرعبيد,صابر
رضارضاعبد,رضا
دنياصلاح,دنيا
رناجهاد,رنا
نورامحمود,نورا
احمدالغندور,إحمد
مجدىالسعيد,مجدي
البازالبلقاسى,ألباز
احمدالمشد,إحمد
العزيزالشربينى,العزيز
احمدمكروم,إحمد
جبرالغبارى,جبر
محمودالشرباصى,محمود
محمدالعرابى,محمد
جبررزق,جبر
احمدالحديدى,إحمد
محمدمحمدادريس,محمدمحمد
الحميدمنصور,الحميد
حامدالكنانى,حامد
العطابشار,العطا
رانياهانى,رانيا
محمدالدقلة,محمد
مرناياسر,مرنا
محمدمحمدعبدة,محمد
احمدابوعسكريه,إحمد
احمدالحلوانى,إحمد
البازعبدربه,ألباز
زيدالصياد,زيد
سبداحمد,سبد
الزنجي,الز
حسبوالنقيطى,حسبو
محمودحرمى,محمود
نصرعباس,نصر
محمدالمداح,محمد
منيراسماعيل,منير
الزريف,الز
دنياشوقى,دنيا
رشاعماد,رشا
رويداعلاء,رويدا
رضاشعبان,رضا
رضاصبح,رضا
نورااشرف,نور
ياراحسن,يار
يسراعرفه,يسرا
السيدى,الس
البدرراوي,البدر
علىالريس,علي
محمدعيطه,محمد
نصرالبهنسى,نصر
محمودضيف,محمود
محمدالو,محمد
الجرداوى,الجر
محمداسحاق,محمد
الغندورشعيب,الغندور
حامدغانم,حامد
محمدغراره,محمد
سعدشعبان,سعد
الهراسى,إله
عمرعويضه,عمر
الغفارضياء,الغفار
عبيدالقادر,عبيد
محرزعبد,محرز
بديرمنصور,بدير
عمرغندور,عمر
منصورسالم,منصور
احمدالبر,إحمد
الغفارالبر,الغفار
صابرسيداحمد,صابر
المتولىعبد,المتولي
الجوادحسن,الجواد
الحميدالطيبى,الحميد
السعيدالحسانين,السعيد
الجوادحجازي,الجواد
احمدالبلتاجى,إحمد
جادخضر,جاد
احمدالشهابى,إحمد
حسينين,حسى
ميتياس,ميت
الحميداحمد,الحميد
بولاهشام,بولا
رضاالمحمدى,رضا
زيدالشرقاوى,زيد
رضااسماعيل,رضا
ميناهانى,مينا
حوراءعمرو,حوراء
فريدشعبان,فريد
مجاهدخليل,مجاهد
مجاهدهضم,مجاهد
السيدالدالي,السىد
منصورالبيومى,منصور
فاخرفضل,فاخر
السعيدعيسى,السعيد
العزيزالسباعى,العزيز
عطيةعيسى,عطية
الفراخري,الفرا
نوربكر,نور
المجيدراس,المجيد
البرمامى,البرم
احمدعصفور,إحمد
مختارالمتولى,مختار
الدعبسى,الد
نادرسليمان,نادر
الاسليمى,آلا
نوراحمد,نور
النحريتى,آلن
سناءعبد,سناء
محمودالحنفى,محمود
بكرمحمود,بكر
وردةابراهيم,وردة
احمدحضيرى,إحمد
الستارالبنا,الستار
صابرالسيدجبريل,صابرالسيد
عزيزعطيه,عزيز
احمدغبن,إحمد
عاشورعطيه,عاشور
الحبيلى,الح
عامربيومي,عامر
العزيزمتولي,العزيز
الستارعناني,الستار
محمدالشربنى,محمد
عامرالرابع,عامر
خالدعوض,خالد
عمرالعوضى,عمر
الدبونى,الدب
ايوسليمان,أيو
رضامسعد,رضا
رضاصلاح,رضا
رضاعطية,رضا
رضاحمدينه,رضا
راندامحمود,راندا
رناباسم,رنا
رضاالمتولى,رضا
سماسيف,سما
رضاتوفيق,رضا
مهاامجد,مها
مهامصطفى,مها
نهاعزت,نها
نوراالمتولى,نورا
يسراالصادق,يسرا
مختارالمرسى,مختار
السعيدالعدل,السعيد
الخبيرمحمد,الخبير
الدرعاوي,الدرع
نورسلين,نور
عمرعوف,عمر
الخيرحسن,الخير
القاروجى,القا
مجاهدسيداحمد,مجاهد
رضاشحاته,رضا
رضاسلامه,رضا
نصرالباز,نصر
الغندورالوصيف,الغندور
نصرالمليجى,نصر
حامدالبناوى,حامد
مسعدالحديدى,مسعد
احمدالقعقاع,إحمد
المطلبمحمد,المطلب
ماهرفتح,ماهر
محمدوفا,محمد
محمداحمدالعزونى,محمدأحمد
فوزىعلى,فوز
احمدمستجير,إحمد
السيدخليفه,السىد
احمدالتومة,إحمد
القادرشطا,القادر
السعيدعيد,الس
احمدالسيدالحضرى,احمدالسيد
السيدالوصيف,السىد
عيدعيدعبد,عيد
الدسوقىالامير,الدسوقي
ماهرعطا,ماهر
حامدالموافى,حامد
مندورعوض,مندور
محمدابرهيم,محمد
محمدعيدعلى,محمد
العزيزسعدة,العزيز
الحميدمسعد,الحميد
الشرقاويل,الشرقا
ماهريوسف,ماهر
بكرالمرجاوى,بكر
السنتامى,السن
مندورمندور,مندور
النورحمود,النور
سميرالقعقاع,سمير
الجوادعطا,الجواد
احمدالقناوى,إحمد
محمدالطير,محمد
نورعيون,نور
العزيزعزام,العزيز
دنياجابر,دنيا
ديناالسيد,دين
رشامحمود,رشا
روجينامحمد,روجين
كاميلياالدسوقى,كاميليا
ماهرالخولى,ماهر
روهانده,روها
احمدالباسل,إحمد
محمدعطاحسن,محمد
حجازىخليل,حجازي
احمدمحمدالهارونى,إحمد
داوداحمد,دأود
احمداحمدابو,إحمد
داودعاشور,دأود
محمدالتميمى,محمد
محمدالصايغ,محمد
الستارحسانين,الستار
جابريوسف,جابر
ابرهايم,إبر
حافظصالح,حافظ
اليسره,ألى
النورالسيد,النور
عيدالمنعم,عيد
منصورالاباصيرى,منصور
السيحلى,السى
مسعدالغالى,مسعد
عبدةمصطفي,عبدة
البدراوىالسيدعبد,البدراوي
علىمحمدجاب,علي
صابرجمعه,صابر
انورالسويركي,أنور
البحرمي,البح
رجازين,رجا
سيليمان,سيل
محمدالنعناعى,محمد
الدنوني,الد
عطاغريب,عطا
اليسواح,ألى
سيداحمددياب,سيد
القربانى,الق
عبدالعزيزحرب,عبد
الدرندى,الدر
المهراوى,المهر
محمدهندواى,محمد
السيدحلاوه,السىد
محمدالخلفى,محمد
نورالقمر,نور
السرماح,الس
الاندادى,الان
عبداللطىف,عبد
السيدنور,السى
عبدالناصرمصيلحى,عبد
البرمكاوى,البر
البساتى,البس
عبدالقادرعبدالستار,عبد
وهداية,وهد
عبالنبى,عبا
عبدالعزيزالجيزاوى,عبد
عبدالعمازى,عبدالع
عبدالعلين,عبدالع
عبدبراوى,عبد
الاعثر,آلا
عبدالركيم,عبدالر
المريحى,المر
بوالمجد,بوال
السيدعبدالجيد,السىد
محمدالجد,محمد
الأعثر,آلا
الوردارى,الورد
محمدالمرى,محمد
عبددالمقصود,عبدد
سعبداحمد,سعبد
احمدالبحطيطى,إحمد
محمدالأحول,محمد
مختاراسماعيل,مختار
احمدالحلاج,إحمد
محمودالعيسوى,محمود
منصورالشبراوى,منصور
عبالمنصف,عبا
احمدالشيمى,إحمد
الفراشى,الف
حناعبدالقدوس,حنا
عبدالركريم,عبدالر
الهجراسى,الهج
بدرالجمال,بدر
الباسرجى,البا
النانى,آلن
الحيالى,الحي
الجحراوى,الجحر
محمدالناجى,محمد
عيدالرؤف,عيد
الدجين,الد
مساعدعبدالكريم,مساعد
الكتنانى,الكت
ياسرصادق,ياسر
الحميدالجمل,الحميد
شهدالسيد,شهد
عبداالباسط,عبدا
خالدالسعيد,خالد
نورهنا,نور
حمندوش,حمن
اسراءعادل,أسراء
اسماءمحمود,إسماء
الادين,آلا
عزيزالسيد,عزيز
زاهرعبد,زاهر
الفنجيرى,الفن
محمدالحضري,محمد
سعداسماعيل,سعد
محمدسميح,محمد
معبدعبدالستار,معبد
انورعبدالدايم,أنور
عبدالجوا,عبد
محمودعبود,محمود
عبدالوانيس,عبد
معبدعبدالعليم,معبد
معبدوالى,معبد
معبدعبدالجواد,معبد
عبدالمبدىحمادى,عبد
علىحسين,علي
عبدالموجودشمندى,عبد
محمودابوزيد,محمود
الستارحميد,الستار
عبالمحسن,عبا
عبدالحميدجاد,عبد
انوارمحمد,أنوار
شهدعبدالرحمن,شهد
ناروين,نار
ولاءاحمد,ولآء
احمدعبدالسيد,إحمد
بشيرجاد,بشير
محمودجادالكريم,محمود
محمودهلال,محمود
منارابراهيم,منار
سعدحمدان,سعد
نادرالمغاوري,نادر
محمددغياج,محمد
العبدأبو,العبد
معبدالشيخ,معبد
ممتازعبدالعظيم,ممتاز
هاجرعبدالعاطى,هاجر
نادرخالد,نادر
نادرعبدالموجود,نادر
ميارعماد,ميار
نادرعاطف,نادر
عبدالشهيدي,عبد
بشرالسيد,بشر
البيطارى,البي
صابرعبدالرازق,صابر
عيادغبريال,عياد
مصطفىعلى,مصطف
حسامعبد,حسا
الاءمحمدعبد,ألآء
العزيزمراد,العزيز
زهراءمحمدمحمود,زهراء
الشبراوىمحمد,الشبراوي
زيدابراهيم,زيد
نهىعبدالغفار,نهي
عيدرواس,عيد
محمودالسيدمحمود,محمود
احمدمحمدالبدرى,إحمد
رحمةايمن,رحمة
سماءخالد,سماء
صبرىالسيد,صبري
السيدسلمى,السىد
البكرىعبدالعظيم,البكري
سبليمان,سبل
عيسىاسماعيل,عيسي
محمدعريف,محمد
العابدعلى,العابد
محمدالمصباح,محمد
الباحوري,البا
اسراءالعراقى,أسراء
محمدعلوانى,محمد
خضرعبدالرحمن,خضر
احمدمحمداحمدمحمد,إحمد
جيبالى,جيب
السيداشرف,السىد
علاءبدوى,علاء
محمودالشبراوى,محمود
محمودشكرى,محمود
فيروزعماد,فيروز
ناصرعبدالعزيزمحمد,ناصر
ألاءأحمد,ألآء
مختارالدمرداش,مختار
سميرعبدالملك,سمير
عمرومصطفى,عمرو
علىكمال,علي
طاهرصابر,طاهر
محمددعبس,محمد
جبرعليوه,جبر
أحمدزردق,إحمد
ولاءعبدالهادى,ولآء
محمدالسيدعبدالفتاح,محمد
أسماءمحمود,إسماء
سهيرمحمود,سهير
محمدشحته,محمد
محمودهمدانى,محمود
الحميدعبدالخالق,الحميد
ماهرالصبروط,ماهر
سلامةحماد,سلامة
محمدية,محم
الدسوقىفرج,الدسوقي
السيدحمدان,السىد
الغفاريسن,الغفار
دنياعبدالمنعم,دنيا
عبدالموجودعبدالمنعم,عبد
عبدالغفارعسكر,عبد
اسماءصلاح,إسماء
محمودعصام,محمود
ضياءعلى,ضياء
عمروعبدالظاهر,عمرو
الحميدعصفور,الحميد
السعيدالعزازى,السعيد
تامرعبد,تأمر
فؤادعبدالهادى,فؤاد
محمدالعش,محمد
رويداعبدالعزيز,رويدا
العزيزعبدالمقصود,العزيز
جودةاحمد,جود
عمادعبدالكريم,عماد
احمدعدوي,إحمد
نادرعبدالحليم,نادر
مختارمصطفي,مختار
مهدىاحمدمحمد,مهدي
صبرىمحمود,صبري
محمدعبدالعزيزعبدالحفيظ,محمدعبدالعزيز
سمرعلاء,سمر
تامرشحاته,تأمر
رائدعثمان,رائد
عبدالعزيزالقراط,عبد
شهدعماد,شهد
شاهنداسعيد,شاهند
زيادعمادعبدالفتاح,زياد
ماهرعبدالسميع,ماهر
محمدالديدامونى,محمد
عبدانبي,عبد
محمداحمدعبدالفتاح,محمد
عبداغفار,عبدا
السيداحمدرمضان,السىد
خالدعبيد,خالد
الشبراوىاسماعيل,الشبراوي
عبدابديع,عبدا
عبداغني,عبدا
ضياءعبدالسميع,ضياء
السيداحمدعربى,السيدأحمد
محمودسعيدمحمود,محمود
معاذهشام,معاذ
عبداجليل,عبدا
عبدالحميدعبدالطيف,عبد
عبدامجيد,عبدا
عبدافتاح,عبدا
عبدابصير,عبد
محمدعبدالعزيزعبده,محمد
علاءعبدالعزيزمحمد,علاء
محمدسميرعبدالحميد,محمد
محمودعبدالمعطي,محمود
رضاعبدالحميد,رضا
خضيرىسعيد,خضيري
ناديةاسامه,نادية
عبددالعزيز,عبدد
عبداصبور,عبدا
عبدالناصرعبداعال,عبد
محمدالصغيرابوالفتوح,محمدالصغير
محمدبرعي,محمد
رشاعادل,رشا
محمدشبايك,محمد
عبدالعزيزلبيب,عبد
عبداعاطى,عبدا
قطرمحمد,قطر
نوراعصمت,نورا
عبداطيف,عبدا
عبداغنى,عبدا
أحمدطلبه,إحمد
أحمدخليفه,إحمد
عبددالعال,عبدد
أحمدالعطوى,إحمد
أحمدرياض,إحمد
أحمدحبيب,إحمد
أحمدشطا,إحمد
أحمدعزيز,إحمد
أحمدالمسلمى,إحمد
أحمدمازن,إحمد
أحمدبرهامى,إحمد
أحمدقيشاوى,إحمد
أحمدعتريس,إحمد
أحمدعطوه,إحمد
أحمدبوجه,إحمد
أحمدعدلي,إحمد
أحمددحروج,إحمد
أحمدرشدى,إحمد
أحمدوهب,إحمد
منتصرحازم,منتصر
أحمدطالب,إحمد
أحمدعتمان,إحمد
أحمدأحمدالسيد,إحمد
أحمدمرعى,إحمد
أحمدنصار,إحمد
أحمدعبدالنظير,إحمد
عشرىعبدالمنعم,عشري
جمعةاسماعيل,جمعة
أحمدشاكر,إحمد
أحمدعزاز,إحمد
أحمدنور,احم
أحمدخميس,إحمد
أحمدأحمدسيد,إحمد
أحمدسلطان,إحمد
أحمدالخشاب,إحمد
أحمدمهنى,إحمد
أحمدأبوالسعود,إحمد
أحمدوحيد,إحمد
أحمدابوالعينين,إحمد
سعدعبدالمطلب,سعد
أحمدقاسم,إحمد
عمرفتحى,عمر
سعيدعزب,سعيد
أحمدعبدالباقي,إحمد
أحمدهيكل,إحمد
أحمدهاشم,إحمد
أحمدحرب,إحمد
أحمدعبدالمقصود,إحمد
الأكيادي,آلا
أحمدعفت,إحمد
أحمدمبروك,إحمد
أحمدخليفة,إحمد
أحمدعبدالحكيم,إحمد
أحمدابوالقاسم,إحمد
أحمدالبنا,إحمد
أحمدعلوة,إحمد
عبدالواحدعبدالهادى,عبد
أحمدفتح,إحمد
أحمدعرفة,إحمد
أحمدالهادي,إحمد
أحمدحلمي,إحمد
أحمدسماحه,إحمد
الغفارامين,الغفار
أحمدحمد,إحمد
الهادىرجب,إلهادى
فوزىعبد,فوزي
أحمدعلام,إحمد
أحمدخيرى,احم
أحمدنجيب,إحمد
أحمدفرحان,إحمد
أحمداكرم,إحمد
أحمدشادى,إحمد
أحمدنبيه,إحمد
أحمدلظمى,إحمد
أحمدرافت,إحمد
أحمدشوقى,إحمد
أحمدانور,إحمد
أبرارعبد,أبرار
أحمدجبريل,إحمد
أحمدأحمدصالح,إحمد
أحمدحماده,إحمد
أحمدخضر,إحمد
أحمدجمعة,إحمد
أحمدابوبكر,إحمد
عبيدالسلام,عبيد
سيدأحمدجبر,سيد
وفاءعوده,وفاء
أحمدطلبة,إحمد
أحمدبركات,إحمد
أحمدمجاهد,إحمد
أحمدأحمدجاب,احمدأحمد
أحمدرضوان,إحمد
أحمدالهنداوي,إحمد
أحمدعبدالرازق,إحمد
أحمدفيصل,إحمد
أحمدممدوح,إحمد
أحمدسند,إحمد
أحمدعنتر,إحمد
أحمدمحفوظ,إحمد
أحمدعبدالرؤف,إحمد
القلاموشى,القلا
أحمدمحى,إحمد
أحمدحجى,إحمد
أحمدعفيفي,إحمد
أحمدوجيه,إحمد
أحمدعويضة,إحمد
أحمدالشبراوى,إحمد
أحمدمحسوبى,إحمد
أحمدأحمدعلى,إحمد
أحمدسلمان,إحمد
العزيزاحمد,العزيز
المعبودحسن,المعبود
السيدعبدالغفارعبد,السىد
أحمدمحمدمحمد,إحمد
سيدأحمدمحمد,سيد
أحمدندا,إحمد
أحمدجاب,إحمد
أحمدسراج,إحمد
السيدصقر,السىد
أحمدفريج,إحمد
سيدأحمداحمد,سيد
أحمدأحمدحسين,إحمد
أحمدأحمدسعيد,إحمد
أحمدحجاب,إحمد
أحمدأبواليزيد,إحمد
ياراهانى,يارا
بسملةايمن,بسملة
أحمدأحمدإبراهيم,إحمد
أحمددياب,إحمد
سيدأحمدعبدالرحمن,سيد
أحمدابوهاشم,إحمد
أحمدجودة,إحمد
أحمدالنمس,إحمد
أحمديحيى,إحمد
أحمدغمري,إحمد
أحمدصباح,إحمد
أحمدوائل,إحمد
أحمدمصيلحي,إحمد
أحمدزهرة,إحمد
أحمدبهاء,إحمد
أحمدالفلكى,إحمد
سيدأحمدإبراهيم,سيد
أحمدالسعيد,إحمد
أحمدكريم,إحمد
أحمدعزازى,إحمد
عمروزهران,عمرو
أحمدعبيد,إحمد
أحمدادهم,إحمد
أحمدعبدالظاهر,إحمد
أحمدعبدالقادر,إحمد
أحمدوهدان,إحمد
أحمدنهاد,إحمد
المالجي,ألما
مناحيب,منا
علىحسن,علي
السعيدمحمدرمضان,السعيد
السيدقرمد,السىد
محمدالناجي,محمد
عبداالموجود,عبدا
ولدعبدالصمد,ولد
عمرحاتم,عمر
عبدلحى,عبد
مختارعزب,مختار
ماهرصبرى,ماهر
عبيدالسميع,عبيد
تيموراحمد,تيمور
عبدالقادرعفيفى,عبد
عبدالودودمحمد,عبد
محمودالصادق,محمود
الاميرعبدالعزيز,الآمير
منصورعبدالبديع,منصور
عمرمرسى,عمر
مسلمابراهيم,مسلم
عبدالهادىمحمد,عبد
صفاءابراهيم,صفاء
السيدالسيدعلى,السىد
عبدالحميدعطية,عبد
محمدباز,محمد
بازالسيد,باز
نورامحيسن,نورا
محمدعبالعال,محمد
محمدمحيي,محمد
محمودالمرسي,محمود
عبالحي,عبا
عمروعبدالمقصود,عمرو
محمدالواكب,محمد
الفرمانى,الف
العزيزالحضرى,العزيز
السعيدلاشين,السعيد
وليدعبد,وليد
ممدالسعيد,ممد
انورالبرى,أنور
عيدالمقدم,عيد
المجاهدمبارك,المجاهد
عامرسويلم,عامر
آيةايمن,إيه
سمرايمن,سمر
صابرمحمدى,صابر
شديدهندى,شديد
عكاشةعبد,عكاشة
السيدالفقي,السىد
عامرعفيفي,عامر
الصغيرامام,الصغير
محمدعزمى,محمد
منصورمنير,منصور
عمادمحسن,عماد
امرلله,أمر
انورالشبراوى,أنور
محمدالسيدعبدالعزيزمصطفى,محمدالسيد
سعيدعبدالقادرمحمود,سعيد
محمدالسيدالشوادفى,محمدالسيد
محمدعبدالجوادعبدالمقصود,محمدعبدالجواد
نداعلى,ندا
بهاءإبراهيم,بهاء
فكيةعبد,فكية
عمرصديق,عمر
محمدعمادعبدالرحيم,محمد
محمدابوهاشم,محمد
منارعامراحمد,منار
نورنعمة,نور
روهنداكامل,روهندا
ألحفني,الح
السمية,الس
بهاءأحمد,بهاء
عبدالحميدنافع,عبد
أميرإسحاق,آمير
الدوشتي,الدو
عمروشريف,عمرو
أحمدعبدالمعبود,إحمد
فيلوباتيرناصر,فيلوباتير
العزيزعزت,العزيز
العزيزمهدى,العزيز
محمدابومسلم,محمد
عمرحسينى,عمر
عمروابو,عمرو
عمروابوبكر,عمرو
عبدالعاطىعبدالقادر,عبد
عوادعوده,عواد
عبدالحميدمحمدمحمد,عبد
محمدمحمدعبدالسلام,محمد
اسماءعمادحسن,إسماء
محمدعبدالسلاممحمد,محمدعبدالسلام
فريدةابراهيم,فريدة
نجلاءاحمدحسين,نجلاء
حميدوش,حمي
آلاءمحمد,ألآء
اسراءمحسن,أسراء
إسراءأيمن,أسراء
الهادة,إله
العزعبد,العز
الزواهري,الزوا
عزيزأحمد,عزيز
محمودمحمدعبده,محمود
فاطمةالسيد,فاطمه
محمدأبوالقاسم,محمد
سعيدعبدالجواد,سعيد
ياسرعمر,ياسر
مسعودعبد,مسعود
مستورشاعث,مستور
عمرعرابى,عمر
صابرنويجى,صابر
ماريتينا,ماري
تميراحمد,تمير
ألفريد,الف
شرفاوى,شرف
سعيدعبدالقادر,سعيد
وليدعادل,وليد
قلشانى,قلش
مصطفىاسماعيل,مصطفي
حامدالضوينى,حامد
مسعودخليل,مسعود
ناصرفوزى,ناصر
اسماءشعبان,إسماء
السيدغازي,السىد
عبدالنصف,عبد
وحيداحمد,وحيد
العبديوسف,العبد
شاكرعبدالرازق,شاكر
عبدالموجودمحمود,عبد
سميرعزت,سمير
عبدالصبورعمار,عبد
عبدالجوادالعكش,عبد
محمدالسرسى,محمد
عبدالقادرغنيم,عبد
نصرالمرسى,نصر
دنياعبدالمحسن,دنيا
دينامحمود,دينا
رانياجمال,رانيا
دنياعلى,دنيا
نوراخالد,نورا
محمودعبدالموجود,محمود
عزيزعبدالعظيم,عزيز
الجرانه,الجر
محمدابوليمون,محمد
حامدعثمان,حامد
العبدمصطفى,العبد
حامدمصطفى,حامد
ادريسى,ادر
النصرابراهيم,النصر
مختارمصطفى,مختار
العبدبحيرى,العبد
السيدعبدالجواد,السىد
العبدالسجاعى,العبد
احمدعبدالمطلب,إحمد
عبدالقادرعبدالجواد,عبد
جابرحامد,جابر
منارايمن,منار
عمرعبدالخالق,عمر
بشتاوى,بشت
محمدمكى,محمد
دومرانى,دومر
طحطاوىمحمد,طحطاوي
صفاءمحمد,صفاء
فاطمةصلاح,فاطمه
عدالنبي,عدا
خالدخضر,خالد
الناصرحافظ,الناصر
محمدالديداموني,محمد
عبدالناصرحامد,عبد
رناالسيد,رنا
وحيدعبدالرازق,وحيد
سحرابراهيم,سحر
فوزىعبدالسلام,فوزي
عباسابراهيم,عباس
محمدمحمدالهادى,محمد
السيدعجمى,السىد
عويسمحمد,عويس
الجوادصلاح,الجواد
البرعبد,البر
ناصرعبدالباسط,ناصر
مروةحسنى,مروة
سيدجادالمولى,سيد
محمدعيدحسن,محمدعيد
احمدخيري,احم
عيدمنصور,عيد
الصمدعبدالوهاب,الصمد
أحمدالبدوي,إحمد
احمدحنفى,إحمد
سيدمحمدعبداللطيف,سيد
احمدمحمدصالح,إحمد
محمودسعدعبدالوهاب,محمود
مجاورنجم,مجاور
عبدالستارصافى,عبد
عبدالستارطرفايه,عبد
محمدقذافى,محمد
أمروعبدالعظيم,امرو
محمودمخلوف,محمود
محمدأبوهشيمة,محمد
محمدالاحول,محمد
أحمدتمام,إحمد
سميرناجى,سمير
عاشورقطب,عاشور
كرستيناهاني,كرستينا
حناشحاته,حنا
حناحنا,حنا
عايدعياد,عايد
العزيزسيف,العزيز
سيدعبدالجواد,سيد
اعتمادجابر,إعتماد
جابرنعمان,جابر
صبرىاحمد,صبري
عاشورعبدالحكيم,عاشور
حجارية,حجا
صفاءعبدالعليم,صفاء
هويدامحمد,هويد
بازيدى,باز
مجدىمصطفى,مجدي
محمودالزناتي,محمود
نوارعبدالرازق,نوار
هبةمحمود,هبة
الياسيمن,ألياس
توتنجي,توت
العربنيه,العر
سماعلى,سما
فيروزمحمود,فيروز
محمدموافق,محمد
عبدالنعيمعبادى,عبد
السمعاني,الس
أحمدإيهاب,إحمد
خلودإبراهيم,خلود
منصورإبراهيم,منصور
عبدالعزيزصبحى,عبد
علاءإبراهيم,علاء
محمدمحمدخليل,محمد
عبداللةاحمد,عبد
العزيزمحمدعبدالعزيز,العزيز
الشافعىالشافعى,الشافعي
الشبراوىمصيلحى,الشبراوي
بازابراهيم,باز
محمدعمرمحمد,محمد
متولىالسيد,متولي
زهراءاحمد,زهراء
قمرمحمدعوض,قمر
وداداسامة,وداد
ياراصلاح,يار
عيدالمقصود,عيد
دعاءخالد,دعاء
السيدمحمدعرفة,السىد
احمدمحمدعرفة,إحمد
محمدمحمدالسيد,محمد
يارامحمدعبدالقادر,يارا
دعاءزكريا,دعاء
الموجودمحمد,الموجود
متولىمحمود,متولي
محمدسلا,محمد
وليدمحمدالسيداحمد,وليدمحمد
خلودعزت,خلود
السيداحمدامام,السىد
نداهانى,ندا
منصورمحفوظ,منصور
علىعبدالعظيم,علي
عبالخالق,عبا
الخيرعبد,الخير
ناصرعبدالستار,ناصر
نسيروا,نسى
سبعوني,سبع
ناصرعبيد,ناصر
اللقاتى,اللق
ماربنا,مار
محمودمحسوب,محمود
عمرالحسن,عمر
سعدصادق,سعد
عمرجبريل,عمر
سميرعماد,سمير
روفيداالسيد,روفيدا
خضيرحسن,خضير
عمرمتولى,عمر
تلاوىمحمد,تلاوي
سوكانى,سوك
هاجرماهر,هاجر
الحنيدي,الحن
رضاانور,رضا
العزيزحجازي,العزيز
مايزسرور,مايز
لوقاجبره,لوقا
عزيزعبد,عزيز
علدالعزيز,علد
عبدلستار,عبد
النهامى,آلن
عبدالعزيزقوره,عبد
عبدالقادرعبدالسلام,عبد
أحمدشاهين,إحمد
امانىحسين,آمانى
نجاةياسر,نجاة
محمودمحمدمحمد,محمود
الاءابو,ألآء
صابرياسين,صابر
هاجرجلال,هاجر
هاجرعبدالحميدعبدالفتاح,هاجر
شيماءجميل,شيماء
احمدالعارف,إحمد
الرايم,الر
دعاءمجدى,دعاء
علىعبد,علي
شاهينازعبد,شاهيناز
عبيرعبدة,عبير
عمرشرف,عمر
مسعداحمد,مسعد
عبدالاضى,عبد
عبدالموحود,عبدالم
محمدالشوه,محمد
احمدابوموسى,إحمد
الإسلامبولي,الإسلام
محمودفراج,محمود
نورأحمد,نور
بكرحمدى,بكر
محمدالبانى,محمد
نورماهر,نور
شاكرربيع,شاكر
نصرصديق,نصر
عبدالقادرالتوتنجي,عبد
طاهرعبده,طاهر
عمادعبده,عماد
الزهراءسميرعبده,الزهراء
أحمدالهوارى,إحمد
مختارالطواهى,مختار
تامرالبدراوى,تأمر
السعيدأبو,السعيد
آسرخالد,أسر
محمدالجابري,محمد
محمدالعلايلى,محمد
أحمدعسكريه,إحمد
محمدحمزة,محمد
خالدالمطري,خالد
السيدالجحر,السىد
السيدي,الس
السويدة,الس
محمداحمدالمزاحى,محمدأحمد
حلاعماد,حلا
سميرالامير,سمير
القادرزكريا,القادر
السنانيكلى,السناني
الحباوي,الح
مسعدالجمل,مسعد
الغفارشوشة,الغفار
معاذحسن,معاذ
أحمدالزرقاوى,إحمد
مسعدأبوسمرة,مسعد
السيدأبورفاعى,السىد
السعيدأبومحمد,السعيد
السيدعبدالحميدالعشماوى,السيدعبدالحميد
السافعى,السا
محمدقزمل,محمد
محمدابوغضة,محمد
طاهرصالح,طاهر
رايديهان,رأى
احمدحراز,إحمد
إسراءعماد,أسراء
أسماءالسيد,إسماء
طاهرسيد,طاهر
البصرانى,البص
السعيدشبارة,السعيد
محمديم,محم
عمروحيد,عمر
رنادممدوح,رناد
خالدجمعة,خالد
حامدالأعسر,حامد
عامرمصطفى,عامر
سمرةالريس,سمرة
مستجيرالبرهمتوشى,مستجير
مستجيرالجمل,مستجير
القادرحجازى,القادر
موسىسلمى,موسي
السيدالحطاب,السىد
احمدعبادي,إحمد
محمدمحمدالجمل,محمد
ناصرشحاته,ناصر
إسراءإبراهيم,أسراء
سمرأيمن,سمر
محمدعشرة,محمد
عمرنده,عمر
خضرالجابري,خضر
عبدالقادرالراعى,عبد
ناصرعبدالرؤف,ناصر
عبدالهادىخفاجى,عبد
محمودإمبابى,محمود
السيدالشرباصى,السىد
طاهرجاد,طاهر
جعفرابراهيم,جعفر
أحمدالاشقر,إحمد
محمدالشرباصى,محمد
صابرصابر,صابر
مختارالطاووسى,مختار
منصورنافع,منصور
منصورغنايم,منصور
جبرالروضي,جبر
سميرانور,سمير
ياراابراهيم,يار
السيدالمرساوى,السىد
محمدعسيلى,محمد
محمدالأسطى,محمد
مسعدالناغي,مسعد
رضاالشحات,رضا
ندىمحمود,ندي
جادوعويس,جادو
عبدالعزيزحبش,عبد
عطيةعطية,عطية
دنياعصام,دنيا
الجعديدي,الجع
محمدسادات,محمد
تامرحسن,تأمر
أميرعبده,آمير
مسعدالزيات,مسعد
بدوىحموده,بدوي
محمدالسيدعبدالحليم,محمد
طاهرعسيلى,طاهر
حامدزبادى,حامد
ماهرالسقا,ماهر
نوارايهاب,نوار
أنورالطنبولى,أنور
آلاءأبوالطيب,ألآء
آلاءأشرف,ألآء
السعيدالعراقى,السعيد
السيدمحمدجاد,السىد
احمدالعاصمي,إحمد
عمروابوالمعاطي,عمرو
عبدالقادرإبراهيم,عبد
فايزناجح,فايز
ماهرالحسينى,ماهر
مديحةأيمن,مديح
السرية,الس
أسماءهانى,إسماء
الأناوى,الان
مختارعطيه,مختار
سعدعبدالعاطى,سعد
مختارالحسانين,مختار
زيادشريف,زياد
أنورحجازى,أنور
السيدالمغربي,السىد
شحاتةمصطفى,شحاتة
مختارغالى,مختار
الحماليل,الحما
المنساوى,المن
حامدالعربي,حامد
السعيدمصطفى,السعيد
محمدالباشا,محمد
دالياعاطف,داليا
احمدالفوله,إحمد
كرمانة,كرم
محمدزعتر,محمد
منارمحى,منار
السيدغياتي,السىد
دنيااحمدابوالمعاطى,دنيااحمد
عبدالحميديونس,عبد
الشرباطي,الشرب
خاطرزيد,خاطر
محمدزيادة,محمد
خاطرقنديل,خاطر
ماهرأحمد,ماهر
البعجيرى,البع
خضيرفرج,خضير
محمودوليد,محمود
اللاوندىرزق,اللاوندي
خاطرعامر,خاطر
نادرأحمد,نادر
عبدةغنيم,عبدة
خضيرخضير,خضير
السيدالبساطي,السىد
محمدالبساطي,محمد
عزالشربينى,عزال
سميرفارس,سمير
محمدصابرعبدالباسط,محمدصابر
محمدمحمدالشبكي,محمدمحمد
جادالحسانين,جاد
منارمحمودخليل,منار
أسماءأحمدعثمان,إسماء
دالياهانى,داليا
سماءوائل,سماء
شهدأشرف,شهد
عبدالقادرحسنى,عبد
مختارعبدالجليل,مختار
هاجرعزمى,هاجر
أحمدصادق,إحمد
هديرالسيدمحمدفوزى,هديرالسيد
محمدأحمدعلى,محمد
أحمدالسيدابراهيم,إحمد
رضامحمدمحمدين,رضا
زيادالسيدرضوان,زياد
صابرتوكل,صابر
محمدرضامحمدطه,محمدرضا
محمدرضاعبدالنبى,محمدرضا
محمدفؤادصابر,محمدفؤاد
محمدمحمودالسيدعلى,محمدمحمود
محمدوليدصبح,محمدوليد
محمدياسرمحمدالبكرى,محمدياسر
المعزابو,المعز
هاجرباسم,هاجر
عمادعوض,عماد
أحمدحاتم,إحمد
مختارخاطر,مختار
أحمدالغزاوي,إحمد
ضميرية,ضمي
القادركرماش,القادر
أنورعرنوس,أنور
سامرمحمود,سامر
ماهرهيثم,ماهر
زكرياالشربينى,زكري
منيرراشد,منير
فايزصافية,فايز
عبادةعلى,عبادة
محمدالأسود,محمد
محمدأحمدالصعيدي,محمد
الأسعدالمنسي,الأسعد
السعودعبد,السعود
انهارالسيد,أنهار
السيدالشامى,السىد
عبدالصير,عبد
عبداناصر,عبدا
محمدعبدالمالك,محمد
شاهينار,شاهي
عبدالما,عبد
نصرلله,نصر
عبدالمعلم,عبد
ايوبكر,أيو
جابرعبدالجليل,جابر
عبدالزايد,عبد
مارهان,مار
فريزمحمد,فريز
رشااحمد,رشا
منتصرعبدالعليم,منتصر
عبدالقادرعبدالنعيم,عبد
الشافىمحمد,الشافي
عامرابراهيم,عامر
عيدالغنى,عيد
نورمله,نور
محمودشرف,محمود
السلمون,الس
عبدالعزيزعبداللاه,عبد
دنياابراهيم,دنيا
الصغيرعبدالكريم,الصغير
اميروزي,امي
يحىعلى,يحي
سيدعبدالصادق,سيد
حمدىمحمد,حمدي
صابرعبدالوهاب,صابر
ناهدربيع,ناهد
سدراوى,سدر
عبدالوداود,عبدالو
السيدبسيوني,السىد
بدوىمحمد,بدوي
عليالنجدي,علي
عمرعبدالرحمن,عمر
روفبدة,روف
الانورعطيه,آلا
طلحةعبدالحميد,طلحة
علاءعبدالقادر,علاء
السيدمحروس,السىد
عبدالحميدمحمدعبدالحميد,عبد
سعدياسين,سعد
هابدين,هاب
اعتمادابراهيم,إعتماد
عدالكريم,عدا
معاذثروت,معاذ
دنياعبدالحكيم,دنيا
ندىالسيد,ندي
محمدىمصطفى,محمدي
لمياءاحمد,لمياء
فاخرالسيد,فاخر
محمودالسيدعبدالرحيم,محمود
عبدالمجيدعبدالجواد,عبد
عمرالنجدى,عمر
محمدعجيلة,محمد
الخضرمسعد,الخضر
حميدوالسيد,حميدو
عبدالحيظ,عبدا
بازشحته,باز
عبدالمنعمعبدالعزيز,عبد
محمودعبدالخالق,محمود
الشوادقى,الشوا
محمدجرير,محمد
احمدمحيسن,إحمد
احمدمحيى,إحمد
الزهراءبهاء,الزهراء
ياسرعبدالعزيزعامر,ياسر
عبدالستارالشافعي,عبد
عبدالعزيزعبدالعزيزعبدالمقصود,عبدالعزيزعبدالعزيز
محمودعزالرجال,محمود
ميارعلى,ميار
تامرعبدالسلام,تأمر
بكرسيد,بكر
مختاررفعت,مختار
عطاربيع,عطا
معتزالسيد,معتز
القنان,الق
محمدالعبودى,محمد
ممتازالسيد,ممتاز
علىسهيلة,علي
عبدالفتاحعيلى,عبد
ميارعبدالمعبود,ميار
عبدألمنعم,عبد
عمادعبدالمنعم,عماد
نوراعبدالحميد,نورا
منتصرسليمان,منتصر
محمدالعايدى,محمد
محمدمصيلحى,محمد
اميرزكى,آمير
محمدغمرى,محمد
السيدحسينى,السىد
بروانة,برو
مختارمنصور,مختار
صابرالسيدعبدالكريم,صابرالسيد
سبأمحمد,سبا
عبدالناصرمحمدعبدالعال,عبد
السيدغنايم,السىد
احمدمغاورى,إحمد
اشجيناس,اشجى
فايزسلامة,فايز
رانداالسيد,راند
رشاعلى,رشا
اسراءعبده,أسراء
محمدالزين,محمد
بلاسىزعرب,بلاسي
الشرقاوىعبدا,الشرقاوي
محمدمحمدعبدالرؤف,محمد
أسماءأحمد,إسماء
مظهرمحمدالهادى,مظهر
ناصرالسيدعبدالمعبود,ناصرالسيد
ناهدعبدالمنعم,ناهد
خالدمتولى,خالد
محمدمحمدتوفيق,محمد
محموداحمدمحمد,محمود
عبدالجوادحسينى,عبد
محمودمحمدحامد,محمود
سعيدالسيداحمد,سعيد
محمدالسعيدخضر,محمدالسعيد
سماعبدالجليل,سما
محمودعبدالستارعلى,محمود
عبدالعزيزهاشم,عبد
عبدالمقصودحسينى,عبد
ابرارمحمد,أبرار
سميرمسيحه,سمير
الطاهرحجاج,الطاهر
بدرعبدالنعيم,بدر
العبدعطيه,العبد
السعبدالشحات,السعبد
نمرابوحجر,نمر
اابوزيد,اابو
تلحوين,تلح
جودةعليوة,جودة
عسكرعبدالرازق,عسكر
عبدالحميدزكي,عبد
عبدالعزيزالشحات,عبد
صابركمال,صابر
عمروسعيد,عمرو
محمدطاحون,محمد
علىاحمد,علي
احمدالعمرى,إحمد
سيدعبدالفتاح,سيد
هديرسيد,هدير
جابرمتولي,جابر
محمدحربى,محمد
دعاءمحمد,دعاء
سميرعلوانى,سمير
فؤادزيدان,فؤاد
محمدالازهرى,محمد
طاهرأبو,طاهر
منيرمنير,منير
باشنفر,باش
فايزيكن,فايز
فؤادالدسوقي,فؤاد
جادسيد,جاد
سعدالعقده,سعد
كردغلي,كرد
فؤادمصطفى,فؤاد
السيسيى,الس
القادرلؤلؤ,القادر
فريدحامد,فريد
مخيمرالسيد,مخيمر
سروراحمد,سرور
المنياوىمحمد,المنياوي
الاميرعمر,الآمير
بشرمحمد,بشر
العزيزالقاضى,العزيز
شاكرخليفه,شاكر
القراتلي,القرا
العزيزالمنيسى,العزيز
الايسى,آلا
عمرسمير,عمر
مانيفال,ماني
احمداحمدايوب,احمدأحمد
محمدالمناوي,محمد
محمدالقراش,محمد
سنوسني,سنو
شاكرجرجس,شاكر
سيلفيانا,سيلفي
الزنوني,الز
الفتلاوى,الف
الحقبانى,الح
انجاوى,انج
شرويدي,شرو
محمدعجيلى,محمد
سعيدالسبروت,سعيد
محمودالجندي,محمود
سيدامام,سيد
الغفارحنفى,الغفار
نورسنين,نور
الطبنجى,الطب
شويكاني,شويك
منصورعماره,منصور
محمدابوسعودي,محمد
الحنيدى,الحن
نصرعمر,نصر
سعيدفريد,سعيد
المعزعيسى,المعز
كرواتي,كرو
الورود,الو
محمدالاخرس,محمد
السيدشاكر,السىد
البرخليل,البر
نيسرين,نيس
محمدسيدعبد,محمد
سيدالعطار,سيد
عامرالبطل,عامر
مجاهدابو,مجاهد
نصرالدوله,نصر
احمدعمرعيسي,أحمدعمر
السحوى,الس
محمدعلاوة,محمد
الاميرمرسى,الآمير
الجوادرحيل,الجواد
سيدغانم,سيد
صفاءالقلوب,صفاء
السندحسن,السند
احمدعباده,إحمد
جابرجبر,جابر
جابرمسعود,جابر
مياززايد,مياز
الناصرعوض,الناصر
شيماءنادى,شيماء
احمدالبشيهي,إحمد
محمدفطين,محمد
الهليبى,إله
الحولى,الح
العزيزرفاعى,العزيز
سيدابو,سيد
شنهابي,شنه
بدرالزمان,بدر
البجارى,البج
محمدالزهيري,محمد
القضماني,الق
محمودقطب,محمود
محمدابوشلش,محمد
محمدشمردل,محمد
غبورحنس,غبور
عمرصفوت,عمر
مهدالى,مهد
سيدالمصرى,سيد
الحميدمصطفى,الحميد
منصوراحمدى,منصور
سيدالفقى,سيد
عمرمنتصر,عمر
سوهانده,سوها
بكرمسعد,بكر
شاكرعبيد,شاكر
محمدابوضويه,محمدأبو
بشيرخليفه,بشير
الفروان,الف
الفندري,الف
مهايني,مها
انورأحمدعبد,أنور
مجدلينا,مجد
كاسامالى,كاسا
كوستينا,كوس
ماريتريز,ماري
ملاتينى,ملا
كارملين,كارم
سميرزند,سمير
عزيزابراهيم,عزيز
النشوكاتى,النشو
الدرهلى,الدر
رودينيا,رودي
مارمرقص,مار
خيرشحاتة,خير
الماسيان,ألما
بسطاشحاته,بسطا
الحميدالشابورى,الحميد
عمرالمرشدى,عمر
خضرالنادى,خضر
الزاهرمحمد,الزاهر
احمداحمدالعبد,احمدأحمد
مختارهليل,مختار
العزيزعلم,العزيز
الهاروجى,الها
حنايوسف,حنا
المرمري,المر
السعيدالدمياطى,السعيد
قمرشان,قمر
احمدلبيب,إحمد
حمادفراج,حماد
العزيزالسنطاوى,العزيز
السيدمرعى,السىد
سيدالباجورى,سيد
السيدالمنوفى,السىد
نصرنصير,نصر
عيدعاشور,عيد
العزيزخاطر,العزيز
السعيدخليفة,السعيد
دارعوده,دار
محمدالبارودي,محمد
السنهابى,السن
الشروفى,الشر
اليساري,ألى
بريخان,بري
السلوسي,الس
البدراى,البد
النفورى,آلن
الجبارالقيسى,الجبار
مارقريوس,مار
لوئدجى,لوئ
سيدفراج,سيد
بيسوانى,بيسو
الأميركانى,الآمير
الحكاك,الح
محمدابوحسين,محمد
راندولف,ران
نورالدى,نور
الفرنساوي,الفرن
العزيزالاعصر,العزيز
طاهرسنجر,طاهر
محمدالعابد,محمد
معتزيوسف,معتز
مناليا,منا
قايدبيه,قايد
محمدالبعج,محمد
المشولي,المش
جوهرالعنانى,جوهر
مختارفتحي,مختار
محمدالفحام,محمد
عبدالمجيدزايد,عبد
عبدالغفارالسعيد,عبد
مسيلماني,مسيل
بكرهيله,بكر
النصرحسن,النصر
الحبلاوي,الحب
محمودالغباشى,محمود
النداوى,آلن
سيدالبارودى,سيد
سيدعبدالمقصود,سيد
احمدريان,إحمد
عبدالعزيزحجاج,عبد
سيدجابر,سيد
المرازق,المر
الهداوي,إله
رفاعية,رفا
السيدالسقا,السىد
محمودفاتن,محمود
ماهيمور,ماهي
العزيزمحمدابوالغار,العزيزمحمد
البرشاوى,البرش
مارسيليا,مار
اسكندربشاى,إسكندر
محمدابورجيلة,محمد
الدنجوى,الد
محمدالسيسي,محمد
الومور,الو
السيدشكر,السىد
جبرشلبايه,جبر
الهوارنه,الهوا
مندورالجندى,مندور
منيرسمير,منير
احمدكشك,إحمد
عامرسليم,عامر
عمرجوهر,عمر
السندبيس,السن
الستارشحاته,الستار
الكابوس,الكا
روفئيل,روف
ياسرالشحات,ياسر
عمرعبدالجابر,عمر
عبدالستارعياد,عبد
البرعفيفى,البر
الاجور,آلا
محمدالدرغامى,محمد
رشادعبدالعزيز,رشاد
عاشورمحمود,عاشور
عمرمجاهد,عمر
محمدابوالحديد,محمد
ارمنازي,ارم
احمدالجالى,إحمد
محمدرية,محم
محمودالدكر,محمود
الدنيارى,الدن
عبدالوفى,عبد
عبدالجوادحسبو,عبد
العزيزالزول,العزيز
عبدالغفارعفيفى,عبد
الفقارضيف,الفقار
الدلإش,الد
عزيزأيوب,عزيز
منيروجدى,منير
مختارالحسينى,مختار
عبدالناصرابو,عبد
بديرعبدالعزيز,بدير
سرورمحمد,سرور
جوهرسمرى,جوهر
السيدالبكرى,السىد
السيدالعزب,السىد
محمدالنواجى,محمد
العزيزالجعفراوى,العزيز
الدومرانى,الدوم
محمودعبدالراضى,محمود
النسمه,آلن
الهويد,إله
منصوراسحاق,منصور
مليانى,ملى
روفالين,روف
نورشاه,نور
الطرباوى,الطر
سيدعجوة,سيد
عيدنعمه,عيد
مختارعبدالخالق,مختار
محمدالبلشي,محمد
محمدالاسريجى,محمد
ملاحسين,ملا
السيلانى,السى
ميرابخش,ميرا
الابيني,آلا
نصربنه,نصر
السيدالمدني,السىد
عبدالعزيزالالفى,عبد
احمدابوحسين,إحمد
خليفةعبدالقادر,خليفة
عبدالغفارفودة,عبد
خضرعزام,خضر
احمدجاب,إحمد
حمادعثمان,حماد
عمرمبروك,عمر
جابرجوهر,جابر
عبدااللاة,عبدا
سيدعماره,سيد
احمدابوالشوارب,أحمدأبو
محمودالبسط,محمود
محمودالكردى,محمود
سرورسليمان,سرور
محمدالدوشنى,محمد
احمدالصبروط,إحمد
عوادالدمياطي,عواد
محمودالميهي,محمود
عبدالقادرعبدالفتاح,عبد
محمدالصافوري,محمد
عبدالصمداحمد,عبد
محمدالاكشر,محمد
السيدالاطروني,السىد
احمدالشوربجي,إحمد
محمدمعيط,محمد
السيدموافي,السىد
الفنجلى,الف
سرورالعطار,سرور
عيدعفيفي,عيد
السيدالميهي,السىد
السعيدالشقويرى,السعيد
محمدالغزاوي,محمد
الاطرون,آلا
محمدالطناني,محمد
عوادحجر,عواد
عبدالعزيزالعسال,عبد
محمدالاجهوري,محمد
عبدالحميدسعودى,عبد
السيدلبدة,السىد
محمدعيدقايد,محمدعيد
عبدالررزاق,عبدالر
محمدرحيم,محمد
ميراندا,ميرا
منصورفضل,منصور
عبدالعزيزغنية,عبد
السيدحسان,السى
عوادعمر,عواد
عوادعبدالقادر,عواد
بيريسكلا,بيري
علىالوكيل,علي
السيدالمشتولى,السىد
عبدالعزيزالمشتولى,عبد
حمودةالوكيل,حمودة
محمودالشيمي,محمود
منصورالشيمي,منصور
عبدالقصبى,عبد
الرابى,الر
السيدقمبر,السىد
عبدالعزيزالبوهي,عبد
انورعبدالخالق,أنور
الزراف,الز
منصورابوحسان,منصور
ظاهرالحق,ظاهر
سيدابورفاعى,سيد
عبدالمجيدموسى,عبد
سيدعبدالهادى,سيد
عبدالصمدقنديل,عبد
محمودالسبكى,محمود
موسيلنى,موسي
محمودالسنهوتي,محمود
جواهير,جوا
محمودالدقونى,محمود
النجاني,النج
عامرسيف,عامر
محمودعطوة,محمود
زلمارى,زلم
فادىرمضان,فادي
عوادخميس,عواد
محمدالعريف,محمد
حامدعمر,حامد
نصرالعفيفى,نصر
شاكربدوى,شاكر
السيدالعبادى,السىد
السيدادم,السىد
محمدالمرزوقى,محمد
ربعاوى,ربع
صباحين,صبا
سيدغنيم,سيد
محمدعويمر,محمد
محمدالخير,محمد
استيفانا,أستيف
الطاهرامين,الطاهر
النجارعبدالعظيم,النجار
انورعبدالهادى,أنور
احمدحريز,إحمد
الغفارالبلكيمي,الغفار
الجوادالفيتورى,الجواد
محمودابوسمرة,محمود
رشادمصطفى,رشاد
سعيدالخوجة,سعيد
اوليانا,أول
خيطرجمال,خيطر
احمدابوحمر,إحمد
السيدالخطيب,السىد
العزيزحموده,العزيز
النبرى,آلن
الستارالجبالى,الستار
احمدابوعلى,إحمد
احمدغزاله,إحمد
القادربركات,القادر
مبارزعبدالجليل,مبارز
النصرغانم,النصر
عنترعبدالعزيز,عنتر
الاحمدىمحمد,الأحمدي
عبدالمقصودعامر,عبد
جابرابوالعزم,جابر
بديرعبدالعظيم,بدير
محمدالبستاوى,محمد
صابرعبدالواحد,صابر
القادردراج,القادر
العزيززكريا,العزيز
الدوبان,الدو
القادرالبربري,القادر
بديرهليل,بدير
اللالفى,الل
مصطفىذكريا,مصطفي
مخيمرابوشادى,مخيمر
حميدةعبد,حميدة
مندورموسى,مندور
نصرالبوهى,نصر
العزيزالبيلي,العزيز
السعيدة,الس
فوزىشحاته,فوزي
القادرليله,القادر
نصرالكومى,نصر
عمرالزنكلونى,عمر
محمدابوشعرة,محمد
جاسرفتحى,جاسر
الارشاد,آلا
الشنجاب,الشن
كلارين,كلا
مرجريتا,مرج
دريانوس,دري
عبدالحميدالجيزاوي,عبد
محمدجنه,محمد
القادرحمد,القادر
الكابوسي,الكا
الواحدابو,الواحد
الغفارالبنا,الغفار
مندورالعيارى,مندور
محمدالغزولى,محمد
الدمشري,الد
عمرالبستاوي,عمر
الإبياوى,آلا
عبدالغفارالخابيه,عبد
عاشورهنداوى,عاشور
احمدالسباعى,إحمد
عبدالمجيدعيسى,عبد
بديرالحايس,بدير
السيدعبدالعاطى,السىد
السيدالعتيقى,السىد
منصورالصوالحى,منصور
العزيزالمعداوي,العزيز
محمودالحسانين,محمود
نصرشتات,نصر
محمودغازى,محمود
عمرعيسى,عمر
عبدالقادرالقلفاط,عبد
عبدالقادرليله,عبد
سويلمى,سوى
عربكلى,عرب
كرارعثمان,كرار
احمدالبرشومي,إحمد
عيدالرجال,عيد
يسرمظلوم,يسر
السيدالضلعى,السىد
محمدالعرس,محمد
اللوانى,اللو
حميدوعبدالحميد,حميدو
مجدىحامد,مجدي
ديكران,ديك
المقصودعامر,المقصود
العزيزالطويل,العزيز
نوراهان,نورا
جوهرعلى,جوهر
جبرمتولى,جبر
بديرغبور,بدير
بديرعمر,بدير
العزيزمسعد,العزيز
روسانا,روس
خضراسماعيل,خضر
اسراسلام,أسر
ممتازابراهيم,ممتاز
منيرعبدالرزاق,منير
خيراسكاروس,خير
زاهرهرنى,زاهر
اندروالفريد,أندرو
اندروشريف,أندرو
عمرالامين,عمر
عمرعمرو,عمر
عمرممدوح,عمر
فيلوباتيرهانى,فيلوباتير
نادرعادل,نادر
مافيهان,مافي
منيرعبدالقادر,منير
عمروعبدالفتاح,عمرو
عمرعبدالعزيزمحمد,عمر
عمرياقوت,عمر
اميراحمد,آمير
المرنجوس,المرن
الماردينى,ألما
الاميركاني,الآمير
شاكرعبدالباسط,شاكر
احمدخاطر,إحمد
منيرجودة,منير
سميرخليل,سمير
اندروهاني,أندرو
فلوباتيرعبده,فلوباتير
اميروليد,آمير
ياسرصبحي,ياسر
اميرعدلى,آمير
نورصلاح,نور
اسكندرميخائيل,إسكندر
عابدالرزاق,عابد
احمدالدرينى,إحمد
نادرياسرحسن,نادر
عبدالعزيزصدقى,عبد
عمارالفيل,عمار
ياسرعيد,ياسر
عامرابوالنضر,عامر
اميرامجد,آمير
اندروانطوان,أندرو
ياسرعبدالعزيزمحمد,ياسر
عبدالعزيزعبدالعزيزالقهوجى,عبدالعزيزعبدالعزيز
عمراسامة,عمر
الاميرفيصل,الآمير
مختارعبداللطيف,مختار
ناصرصالح,ناصر
جابرعصام,جابر
عبدالعزيزالخليل,عبد
منصورفرج,منصور
ازهارعلى,أزهار
طاهرعبدالكريم,طاهر
الدقانى,الدق
صابرالشرقاوي,صابر
البرتونى,البر
نصرعبدالشفيع,نصر
امانده,أما
ناروزجرجس,ناروز
البنياوى,البني
شيماءاشرف,شيماء
الحلباوى,الحلب
السحينى,الس
عمروعماد,عمرو
منصورمحسن,منصور
نورجينا,نور
بديرمسلم,بدير
سمرعادل,سمر
العزيزالهوارى,العزيز
العزيزالحمراوى,العزيز
سنيادة,سني
معتزمختار,معتز
محمدالزغوى,محمد
صابرزكي,صابر
ماهرصالح,ماهر
عمرمخلوف,عمر
ميارعلي,ميار
السيدخليفة,السىد
فريدالبربرى,فريد
عبدالبصيرمحمد,عبد
مسعدحسين,مسعد
محمدخضير,محمد
محمدالبشتامى,محمد
احمدمحمدطه,إحمد
غديرغنيم,غدير
عمرعبدالموجود,عمر
نصرعبدالحفيظ,نصر
هاجرمتولى,هاجر
سميرهاشم,سمير
سمرعبدالفراج,سمر
عامرشلبى,عامر
نوراسامه,نور
منذرالشيخ,منذر
جابرعبده,جابر
فيروزعصام,فيروز
عبدالعزيزعبدالعليم,عبد
منصورفلاح,منصور
انورغزال,أنور
عبدالعزيزالمنار,عبد
نمرعيسى,نمر
نورعبدالهادى,نور
عبدالعزيزالمغربى,عبد
منصورالقادوسى,منصور
منصورعريف,منصور
محمودالبسومى,محمود
محمدابوجنديه,محمد
منصورالوردياني,منصور
بكرالشريف,بكر
عنترعرفات,عنتر
عبدالمجيدالكريونى,عبد
سميرعبدالحفيظ,سمير
عمرمحمدعدلي,عمر
انورعبدالمقصود,أنور
شاكرحاتم,شاكر
شاكرعبدالسيد,شاكر
نادراشرف,نادر
جابرالباسوس,جابر
عمرالقصاص,عمر
سعدالبنا,سعد
السرجان,الس
فايزابو,فايز
انورعبدالحليم,أنور
هاجرعزت,هاجر
ماهرعبدالوهاب,ماهر
جابرسلامه,جابر
عبدالعزيزصبرى,عبد
الغفارغازى,الغفار
محمدهبيله,محمد
عبدالعزيزعبدالخير,عبد
الغفاراليمنى,الغفار
قمرعبد,قمر
عبدالمجيدسيد,عبد
محمدمنفى,محمد
منارعبدالمعز,منار
انورابورية,أنور
عبدالغفارحشيش,عبد
نورعاشور,نور
عبدالهادىاسماعيل,عبد
تيسيرممدوح,تيسير
هديرعوض,هدير
جبرغلاب,جبر
السيدابوخليل,السىد
عبدالقوىالمراسى,عبد
منصورابوالمجد,منصور
عامرعبدالمقصود,عامر
عبدالعزيزعشماوى,عبد
النصرادم,النصر
نصربهنسى,نصر
عبدالستارعبدالرازق,عبد
سميرعفيفي,سمير
مقارغبريال,مقار
نورالسماء,نور
جوانده,جوا
افتخارعبدالفتاح,افتخار
مايرفينا,ماير
محمدالجده,محمد
طاهرحمزه,طاهر
القادربهنسي,القادر
رشادصالح,رشاد
بيلاندى,بيل
شيلوكى,شيل
منصورسرور,منصور
دمرمحمد,دمر
عبدالغفارالقونى,عبد
الصغيرابراهيم,الصغير
زاهرسيد,زاهر
احمداللباني,إحمد
اسراحمد,أسر
عمرعبدالمنعم,عمر
عبدالعزيزالانصارى,عبد
انورعوض,أنور
بدرعليان,بدر
عبدالمقصودعبدربه,عبد
بكرعرقوب,بكر
جابرعبدالمنعم,جابر
عبدالصبورعطيه,عبد
عمرعبدالعزيزابراهيم,عمر
اميرهاشم,آمير
ياسرعبداللطيف,ياسر
خضرحموده,خضر
جابرعنانى,جابر
المجيدعيسى,المجيد
بيترعزت,بيتر
صقرسيداحمد,صقر
عمرايمن,عمر
محمدالشنديدى,محمد
عمرالخطاب,عمر
جبرنايل,جبر
عبدالقادرعبدالحفيظ,عبد
سميرعبدالرسول,سمير
عبدالمقصودعوض,عبد
زاهرعبدالرسول,زاهر
محمدالعمورى,محمد
عبدالحميدعطيان,عبد
اميرعبدالمنعم,آمير
اسعديوسف,أسعد
عبدالعزيزالضنين,عبد
عبدالعزيزعبدالباسط,عبد
احمدعيدريشة,إحمد
محمدحرحش,محمد
اميرةاحمد,آمير
محمدبركه,محمد
احمدزيتون,إحمد
سمرعبدالفتاح,سمر
بدرابوحلو,بدر
زهيرعبدالمعطى,زهير
عبدالشكورعيسى,عبد
بشيرابو,بشير
الهيبان,الهى
جابررجب,جابر
العرجاو,العر
جبرالرميسى,جبر
عبدالحميدزغلول,عبد
مندورعبدالحميد,مندور
مستورعبدالغنى,مستور
الدسناوى,الد
عبدالعزيزمقلد,عبد
المقصودأحمد,المقصود
عاشورعبدالوهاب,عاشور
عمرعبدالحفيظ,عمر
عراشين,عرا
الاءعبدالمنعم,ألآء
نصرراشد,نصر
عامرالديب,عامر
عبدالعزيزجلال,عبد
ناصرعبدالمنعم,ناصر
جابرعيسى,جابر
هاجرخالد,هاجر
اميرةعبدالمنعم,آميرة
محمدالابيض,محمد
الدبيش,الد
عنبرعبدالرحيم,عنبر
نصرعشيبه,نصر
عزازعبدالفتاح,عزاز
عبدالعزيزابوفاطمه,عبد
هاجرعصام,هاجر
الصابرمكين,الصابر
سميربدوى,سمير
بدرهان,بدر
الموجودالبنا,الموجود
جبرابوعلى,جبر
معتزعبدالبارى,معتز
انورعبدالرحيم,أنور
منصورعبدالجابر,منصور
الاءعوض,ألآء
عبدالستارعوض,عبد
محمودالكومي,محمود
سمرابراهيم,سمر
عبدالقادرابوبكر,عبد
منارعبدالرحيم,منار
عمرابوميره,عمر
نصرالعلاقى,نصر
الزعويل,الزع
الديسى,الد
الشبريس,الشب
نصرعبدالرسول,نصر
ياسرعبدالرحيم,ياسر
هاجرابوالنجا,هاجر
جعفراحمد,جعفر
سميرهدلة,سميرة
جابرالجندى,جابر
الظاهرعبدالحميد,الظاهر
محمدالمعطاوى,محمد
صابرعبدالكريم,صابر
عبدالناصرسيد,عبد
العزيزعبدالمطلب,العزيز
زيدعبدالحليم,زيد
نصرعبدالحكيم,نصر
العزيزقشطه,العزيز
عبدالستارعبدالباقى,عبد
انورعبدالفضيل,أنور
محمودالرويني,محمود
عبدالقادربحر,عبد
ماهرعبدالباعث,ماهر
عمرالمعزلدين,عمر
منصورعبدالحفيظ,منصور
طاهرموسى,طاهر
ناصرمختارمحمد,ناصر
كوثراحمد,كوثر
جابرحفنى,جابر
مارشلينوحشمه,مارشلينو
سارالونا,سارا
مياروائل,ميار
بكرعبدالحميد,بكر
مرتينو,مرت
مخيمرحسونة,مخيمر
منصورعبدالفتاح,منصور
عبدالكاسح,عبد
هاجررأفت,هاجر
ميارعامر,ميار
يسررضا,يسر
ميارعبدالعظيم,ميار
صابرشرف,صابر
مختارالفقى,مختار
انوراشرف,أنور
بكرالكفراوى,بكر
بقطرعبيد,بقطر
ميارعبداللطيف,ميار
عمرعمرالقللى,عمرعمر
عمروعبداللطيف,عمرو
ياسرالاميرمحمد,ياسر
ناصرالحاج,ناصر
منصورحماده,منصور
الوجدى,الو
احمدالدهبى,إحمد
عبدالعزيزالناعم,عبد
جابرقنديل,جابر
نصرمغيب,نصر
عبدالعزيزالزنقلى,عبد
خضرجابر,خضر
عيدعبدالحفيظ,عيد
عبدالبرالشباسى,عبد
انورعبده,أنور
انجدمحمد,انج
حامدعبدالعال,حامد
عبيراشرف,عبير
عبيرابوالفضل,عبير
هديرعبد,هدير
العمامى,العم
محموديسرى,محمود
منيرالفار,منير
الغفارمدكور,الغفار
طاهرزنقير,طاهر
منارعبدالنبى,منار
عبدالعزيزنصير,عبد
عمروعبدالفضيل,عمرو
فيكتورعبدالنور,فيكتور
القادرخفاجي,القادر
السعيدالسجينى,السعيد
عمرابوعسل,عمر
عبدالغفارعبودة,عبد
عبدالقادرحماد,عبد
بدرعبدالفتاح,بدر
بريجاوى,بري
عامرالدلتونى,عامر
مختاريوسف,مختار
حامدعاطف,حامد
مسعدالبيومى,مسعد
الحمارى,الح
احمدالمخرط,إحمد
عمركركه,عمر
القادرعامر,القادر
خضرعثمان,خضر
الشكوراحمد,الشكور
الشواديه,الشوا
طاهرحسن,طاهر
عبدالقادرجزر,عبد
عبدالعزيزالنقاش,عبد
محمودغزالى,محمود
منصورعويس,منصور
عزيزفتوح,عزيز
شكرالسيد,شكر
عبدالعزيزإبراهيم,عبد
جعفرسيد,جعفر
نصرجبر,نصر
شاكرعبدالوهاب,شاكر
عنترعبدالمعطى,عنتر
عبدالقادرزكى,عبد
السيدالفقى,السىد
الأرضاوى,آلا
عمرالمختار,عمر
منيرزعتر,منير
محمدالحبشى,محمد
القادرصقر,القادر
عبدالحطاب,عبد
أحمدالمرسى,إحمد
العزكراوية,العز
الحميدإبراهيم,الحميد
محمدالزفرى,محمد
عمربحيلق,عمر
محمدالرمام,محمد
مندوربحيلق,مندور
محمودجاب,محمود
سعدالشحات,سعد
جبرسليم,جبر
العزيزالباز,العزيز
منيرالشربينى,منير
ميرلين,مير
رضاحفنى,رضا
احمدغمرى,إحمد
العزيزالغندور,العزيز
احمدالسواح,إحمد
منصورالشايب,منصور
احمدالبشير,إحمد
مبرزعبد,مبرز
خالدالجمال,خالد
محمدسعدونى,محمد
عبدالمقصودشحاته,عبد
احمدالبوشي,إحمد
احمدبندارى,إحمد
محمدعلم,محمد
ناصرزين,ناصر
الصغيرعبد,الصغير
العزيزالزهيرى,العزيز
منيرحسين,منير
عامرشاهين,عامر
احمدالناغى,إحمد
ياسرسالم,ياسر
عبدالغفورالعزوني,عبد
بوالعزايم,بوال
سيدعقل,سيد
السيدزغلول,السىد
مسعدالششتاوى,مسعد
الغفارعقل,الغفار
السيدالمنسي,السىد
منصورالشافعى,منصور
السيدالطاهر,السىد
السيدوحيش,السىد
ياسرنبيل,ياسر
الحميدعرفه,الحميد
نوارالشلقانى,نوار
احمدابوالحسن,إحمد
بديرفرحات,بدير
الزغلوله,الزغ
عبدالمجيدغانم,عبد
الملحاوى,الملح
الريحانه,الري
السيدالبهنساوي,السىد
السيدالذكى,السىد
جبرحماده,جبر
السيدالشواف,السىد
بدريوسف,بدر
سيداحمدالخولانى,سيدأحمد
عبدالحميدالشاذلى,عبد
يسرىطارق,يسري
يسرىاحمد,يسري
محمدحفيضه,محمد
يسرىالسيد,يسري
بديرالديوى,بدير
زيدالسيد,زيد
الغفارسليمان,الغفار
علىبدير,علي
العزكشكه,العز
عبدالقادرالديسطى,عبد
محمدطعيمه,محمد
عبدالقادرخشبه,عبد
عبدالعزيزحليمه,عبد
السعيدعلام,السعيد
القادرالبراشى,القادر
سميرالعيسوى,سمير
يسرىيوسف,يسري
جبرخلف,جبر
العزيزالجزار,العزيز
السيدشبكه,السىد
محمدحفناوى,محمد
محمودالهنداوى,محمود
عبدالعزيزالتليسي,عبد
الباسمى,البا
محمدفياض,محمد
محمدالفل,محمد
بكرخليل,بكر
الجرداوي,الجر
يسرىحمدان,يسري
نصرنصار,نصر
شهبورجبر,شهبور
محمدابوعوف,محمد
محمودالبيلى,محمود
الفراقى,الف
احمدالحمادى,إحمد
اوليندا,أول
البازنصار,ألباز
محمودالعزب,محمود
يسرىرأفت,يسري
نصرالصباغ,نصر
احمدخفاجه,إحمد
بكرالسطوحى,بكر
القادرالطحان,القادر
سعيدالمهندس,سعيد
الغفارالعقاد,الغفار
الغفارالعادلى,الغفار
ياردين,يار
عامريوسف,عامر
عمرالجوهرى,عمر
عمرادريس,عمر
بدرعسله,بدر
احمدالشايخ,إحمد
فيرادونا,فيرا
مختارعامر,مختار
محمدالدش,محمد
يسرىصالح,يسري
نصيرعلى,نصير
الجعراوى,الجع
احمدشندى,إحمد
يسرىشوقى,يسري
النورالبلاسى,النور
الحلوان,الح
محمودالعطار,محمود
بكرحماده,بكر
احمدالمتولى,إحمد
نصراسماعيل,نصر
سعيدالفداوي,سعيد
مسعدالنجار,مسعد
مسعدسالم,مسعد
طاهرالسعيد,طاهر
احمدعنبر,إحمد
محمدالسطل,محمد
منيرعريان,منير
السيدالويق,السىد
نيرهيم,نير
محمدأبوالمجد,محمد
معزوزحنين,معزوز
المشيرعادل,المشير
عامرحلاوه,عامر
محمدالصحفى,محمد
البليسيي,البل
العزيزالهنداوي,العزيز
احمدسمك,إحمد
القادرسيخه,القادر
عبدالعزيزخيال,عبد
محمدالحملاوى,محمد
محمداحمدحسن,محمد
صابرالعش,صابر
محمدابوالنجا,محمد
احمدفلفل,إحمد
السيدالموجى,السىد
احمدابوطواله,إحمد
عبدالقادرالجيزاوى,عبد
محمدالخيال,محمد
محمدالسعدونى,محمد
محمدالزق,محمد
خوريتلى,خوري
احمدالدهشورى,إحمد
الانوريسن,آلا
السيدالطنطاوى,السىد
سلامةالراضى,سلامة
فكرىمهدى,فكري
محمدفخرى,محمد
قمحاوىمحمد,قمحاوي
محمدسعفان,محمد
السعيدعبداالعاطي,السعيد
جادالعوضى,جاد
السيدالبرعى,السىد
محمودنوفل,محمود
السيدالشافعى,السىد
احمدالناغية,إحمد
برعىعريبة,برعي
احمدابوستيت,إحمد
محمدابوستيت,محمد
احمدهيبه,إحمد
نوارعوض,نوار
حامدالنصر,حامد
درديرحامد,دردير
احمدالخلاوى,إحمد
محمودالقماش,محمود
محمدالهندى,محمد
احمدمسعود,إحمد
احمدالابجى,إحمد
روهاندا,روها
ابازين,أبا
احمدالزغبي,إحمد
الخضرعبد,الخضر
السامنجى,السا
العيدلاوى,العيد
سلامةاحمد,سلام
محمدبكير,محمد
محمدهلا,محمد
عبدالعزيزالغالى,عبد
عودةالشريف,عودة
العزيزبدوى,العزيز
ناصربلال,ناصر
الخيرعلى,الخير
محمدشجاع,محمد
حامدحاويل,حامد
السيدالسيدمكى,السيدالسيد
محمدداؤد,محمد
رشادعيسوى,رشاد
الاهله,آلا
محمودفايد,محمود
حماديه,حما
احمدالصافى,إحمد
كرولين,كرو
احمدرجائى,إحمد
عبدالغفارحسان,عبد
محمدبسراوى,محمد
الهانسى,إله
احمدونى,احم
جادعون,جاد
روسفله,روس
ايلاديه,ايلا
محمدرجاء,محمد
محمدبعرور,محمد
محمدالفلاح,محمد
ماركونى,مارك
فرانسواز,فرانس
السيدبهاء,السىد
محمودالدهشان,محمود
احمدالفاتح,إحمد
عزاريه,عزا
محمدالآمين,محمد
الاميرتادرس,الآمير
بينيامين,بين
الدقينى,الدق
الشهيرعبدالهادى,الشهير
محمدنصاري,محمد
محمودزياد,محمود
طاهررشوان,طاهر
احمدالهمامى,إحمد
احمدالانصارى,إحمد
الاميرخالد,الآمير
محمددندراوي,محمد
سيدعبدالكريم,سيد
عبيدعلى,عبيد
خالدالحجاجي,خالد
سيدجعفر,سيد
محمودالطيب,محمود
الحسوبى,الح
محمودابوالمكارم,محمود
محمدالجنيد,محمد
محمدجودت,محمد
احمداليمني,إحمد
السبيع,الس
قدرابوه,قدر
محمدالطيبى,محمد
عبدالسلآم,عبد
رينوار,رين
محمدالأنور,محمد
محمدابوسحلى,محمد
فؤادابوالوفا,فؤاد
عبدالقادرابوسحلى,عبد
عبدالحميدابوسحلى,عبد
شاكرالهمامى,شاكر
أحمدالملقب,إحمد
احمدالشمندى,إحمد
الادريس,آلا
محمدالخواص,محمد
محمدالزفزافى,محمد
محمداليتيم,محمد
احمدراجي,إحمد
سمارتينا,سمار
محمداحسان,محمد
نجاراحمد,نجار
المجيدعلام,المجيد
أليفاز,ألى
الهرسانى,الهرس
احمدحميد,إحمد
الحرجاوى,الحر
احمدالثانى,إحمد
احمدالمدنى,إحمد
رومانيا,روما
لوريندا,لور
سميرالمهدى,سمير
بحرالصغير,بحر
قرشاوى,قرش
الاعلى,آلا
احمدطارق,إحمد
الكتانى,الكت
نجارالجندى,نجار
نورسليمان,نور
عبدجويده,عبد
محمدعربانو,محمد
الدرشي,الد
الاصبحي,آلا
باهيناس,باهي
فؤادالسيد,فؤاد
نصرالوكيل,نصر
عبدالنوار,عبد
محمدالسلمي,محمد
احمدالضوي,إحمد
صقرالجاويش,صقر
سيدعبدالصالحين,سيد
حماميه,حما
زكرياعبدالرحمن,زكرىا
نصرزكي,نصر
خضرعبدالقادر,خضر
سيدصقر,سيد
عبدالحميدحمد,عبد
قنيبرمحمد,قنيبر
سعيدالصباغ,سعيد
محمدالبكر,محمد
عبدالمجيدالشبعان,عبد
شيخضاهر,شيخ
السفرجى,الس
الدهني,الد
الداده,الد
الحمدالاحمد,الحمد
طلحهالجندي,طلحة
الاقرش,آلا
بكرالسوداني,بكر
شاكرالمنصوري,شاكر
عمرالاكشر,عمر
احمدالبطاوي,إحمد
عمرالمصري,عمر
سلماوي,سلم
الحماريه,الح
عبدالمندي,عبد
عطرشان,عطر
الحسبكي,الح
بدرمنجود,بدر
سيدهليل,سيد
الدمكي,الد
سيدالشريف,سيد
عمرعيسي,عمر
محمدزلط,محمد
سيد فرج,سيد
معبدتركي,معبد
سيدابوطالب,سيد
سيدغزال,سيد
ابابكرالصديق,أبا
معبدكامل,معبد
معبدفهمي,معبد
دويعرعلي,دويعر
عبدالمنجدي,عبدالم
رمضانجودة,رمضان
صابرعبدالقوي,صابر
السيدزيان,السىد
نصرالشاعر,نصر
السيدالصايم,السىد
معبدبكر,معبد
معبدبلال,معبد
النوالي,آلن
الزروالي,الزر
جهادمحمد,جهاد
سناتوس,سنا
باسليمان,باسل
احمدالاغا,إحمد
نصاراحمد,نصار
احمدابوداود,إحمد
الدجال,الد
عاشورالخولي,عاشور
احمدشلقاني,إحمد
العبدمنير,العبد
عبدالحميدمصطفي,عبد
سعدابوالفضل,سعد
الدربيلي,الدر
رشادعطيه,رشاد
نيروزان,نير
محمدصاوي,محمد
عبدالمعزعويس,عبد
الفارض,الف
العبدحسونه,العبد
سميرمأمون,سمير
الرويس,الر
معبدعبده,معبد
السعيدعامر,السعيد
الماجدى,ألما
توسانى,توس
ساباتولا,سابا
والشعيبي,وال
دالجان,دال
الحباقى,الح
خاطرعبداللاه,خاطر
الوردجى,الور
عمرالشدودى,عمر
الكردوس,الكر
بلاسيوس,بلا
شديدالشاذلى,شديد
محمدالباجورى,محمد
الظاهرابوسمره,الظاهر
منتصراحمد,منتصر
مخيمرعفيفى,مخيمر
برتوار,برت
كريستيانا,كريست
محمدالكسار,محمد
تيماثاوس,تيما
جونثان,جون
قدورعلى,قدور
احمدالسحراوى,إحمد
الغنيميي,الغني
اميربراق,آمير
جوستان,جوس
النصرغريب,النصر
عبدالمجيدامام,عبد
بيترعادل,بيتر
تامرسيد,تأمر
محمدهارون,محمد
الاطبش,آلا
عبدالعزيزالكفراوى,عبد
محمدافكار,محمد
مناصيرى,منا
الوصلي,الو
الهاتونى,الها
الهرامه,إله
الصلاةعلى,الصلاة
عبدالغفارإبراهيم,عبد
العزيزمرزوق,العزيز
بدرالنور,بدر
سميرعثمان,سمير
الفرنساوى,الفرن
عبدالمقبل,عبد
محمدالحجار,محمد
عيدعبده,عيد
مازدياب,ماز
نصارسالم,نصار
باهينور,باهي
شراباتي,شراب
سيداحمدانور,سيد
جادالديب,جاد
فريدابراهيم,فريد
الصغيرعبدالرحمن,الصغير
عبدالغفارعلام,عبد
فيورنا,فيو
احمدالدغيدي,إحمد
تومادر,توم
اباهورعبدالملاك,اباهور
شونتال,شون
مختارالجندى,مختار
صابرطاهر,صابر
محمدحلاوه,محمد
انوراجى,أنو
الفروى,الف
العزيززهران,العزيز
محمدمحمدعطا,محمد
منيرخطاب,منير
اللنبي,الل
ناديجدا,نادي
المعتزباللة,المعتز
القادرحاج,القادر
العزيزكشك,العزيز
اميراسامه,آمير
الظاهرسالمان,الظاهر
الدرستاوى,الدرست
محمداحمدالخطيب,محمدأحمد
البارونى,البا
سميرامين,سمي
سيدجادالكريم,سيد
محمدخريص,محمد
الربداوى,الر
السروجية,الس
مريميني,مريم
كرمهان,كرم
نورمانوف,نورما
كيرلوس,كير
شكرعبدالسيد,شكر
الدراين,الد
عبدالمجيدالصيفى,عبد
عوادعبدالرحمن,عواد
الصغيرهرماس,الصغير
كارستينا,كارس
السيدمحمودالمصري,السيدمحمود
الحميدعفيفي,الحميد
عبدالقادرمشرف,عبد
محمودالهوارى,محمود
محمدالملط,محمد
ميريتيا,ميري
محمدالدبيجى,محمد
السيدعينر,السىد
برابيكو,برا
ضياءالد,ضياء
عبيدجرجس,عبيد
احمدقمصان,إحمد
احمدهندي,إحمد
محمدليثى,محمد
احمدجوده,إحمد
الحميدالبغدادي,الحميد
أحمدالحبشى,إحمد
بكرمدين,بكر
مافرينا,ماف
عيدابو,عيد
الإسكافى,الاس
احمدشتله,إحمد
أحمدشتله,إحمد
مارهايدى,مار
الستارشراقى,الستار
رشادغنيم,رشاد
محمودعيسوى,محمود
عبدالغفارجاد,عبد
السحره,الس
الستاراللمعى,الستار
جادمحروس,جاد
محمدليله,محم
عبداالصمد,عبدا
السيدالميهى,السىد
صابرالجمسى,صابر
السيدعبدالحكيم,السىد
عبدالحميدالخنانى,عبد
المطامير,المطا
المجدالسيد,المجد
الابناس,آلا
الغفارالفقى,الغفار
الغفارمصطفى,الغفار
فوازمحمد,فواز
السيدعربي,السىد
محمدالبرجى,محمد
عبدالعزيزبكر,عبد
حمادابو,حماد
منصورخطاب,منصور
السيدالبهواش,السىد
عبدالعزيزشريف,عبد
الميهوى,المي
عبدالمحيي,عبد
عيدفتح,عيد
محمدالأعرج,محمد
عبدالظاهرعبد,عبد
عبدالغفارشاهين,عبد
السيدعبدالمعطى,السىد
عبدالمقصودالقاضي,عبد
عمرسليمة,عمر
محمدالديبة,محمد
صابرطلبه,صابر
العزيزالأبيدى,العزيز
أحمدعمار,إحمد
عبدالناصرالكيال,عبد
عبدالستارعزام,عبد
السيدالبرماوى,السىد
محمدالبدراوى,محمد
جينانيار,جينا
عبدالمأمور,عبد
السيدابوموسى,السىد
منصورعبوده,منصور
احمدالغورى,إحمد
اليكساندرو,اليكس
الفريس,الف
محمدالظايط,محمد
منصورجعفر,منصور
سيدحسنين,سيد
محمودالشافعى,محمود
الرطاش,الر
فيولين,فيو
محمدالغنيمى,محمد
عامرعبدالسلام,عامر
عبدالعزيزعزازى,عبد
شالاتى,شال
محمودعبادى,محمود
الحيلاوى,الحي
الابارى,الأب
طاهرسرور,طاهر
العبدالمجيد,العبد
العكراوى,العك
عجبانى,عجب
منيرحبيب,منير
بشيرالنصر,بشير
عبدالعزيزالمنيسى,عبد
فوازونى,فواز
احمدالغزالى,إحمد
فيلاتى,فيل
عبدالجيدعبدالقوى,عبد
السيدالهيلى,السىد
السيدعويس,السىد
عبدالبريوسف,عبد
عبدالجيدعلى,عبد
سيدغراب,سيد
محمودالمنياوي,محمود
مرشدحسنين,مرشد
عبدالظاهرمصطفى,عبد
محمدالهريدى,محمد
محمدالمشتولى,محمد
سلامةعبدالحميد,سلامة
سيدالسيد,سيد
عبدالظاهرعمر,عبد
السيدابوشادى,السىد
عبدالعزيزعبود,عبد
محمودالنجدى,محمود
الزعطه,الز
صابرصباح,صابر
محمودعواد,محمود
احمدعبدربة,إحمد
تامرفضل,تأمر
جعفرالطوخى,جعفر
رشادابراهيم,رشاد
شاكرعبدالهادى,شاكر
سيدالغريب,سيد
عبدالظاهرابوجهل,عبد
عرفةمرغة,عرفة
احمدالسروجى,إحمد
السيدالنوبي,السىد
محمدعنبه,محمد
جابرالابيض,جابر
سيدابودنيا,سيد
محمدالاصفر,محمد
غزلانه,غزل
حامدنصر,حامد
عبدالصبورعاشور,عبد
محمودحنك,محمود
احمدابوشتيه,إحمد
محمودالمزين,محمود
محمودابواحمد,محمود
محمودالحاج,محمود
احمدمنتصر,إحمد
مختاريعقوب,مختار
احمدمحمدعمر,إحمد
محمداحمدخضر,محمدأحمد
نصرسويلم,نصر
اسكندرفام,إسكندر
عبدالغفارحجازى,عبد
احمدابوهيبه,إحمد
عبدالقادرسلامه,عبد
منتصرفرج,منتصر
السيدالاخرس,السىد
محمدالبسه,محمد
رضاعبدالرازق,رضا
بكرمهدى,بكر
نصرعبده,نصر
نصاريوسف,نصار
محمدالبنداري,محمد
عمرسالمان,عمر
رياشان,ريا
عبدالغفارخليل,عبد
محمدالبشاري,محمد
عبدالغفارالجندي,عبد
عوادعلى,عواد
الشناطوني,الشناط
النقراوى,النقر
احمداصلان,إحمد
محمودحمدون,محمود
انورجاد,أنور
القادرالحيطي,القادر
عطابلتاجي,عطا
البازمنصور,ألباز
جابرالكومى,جابر
محمودشبكه,محمود
عبدالعزيزابوالعلا,عبد
عبدالناصرعبدالقادر,عبد
عبدالعزيزمحمدراغب,عبد
حمزةعفيفى,حمزة
احمدالصوابى,إحمد
لوردنا,لور
محمدأبوضيف,محمد
مقارعبدالملاك,مقار
احمدهنيدي,إحمد
محمدالنشيلى,محمد
باشريده,باش
حبيبةابراهيم,حبيبة
عبدالقادرعبدالمنعم,عبد
اميرايف,امي
الخيرالصيفى,الخير
السعيدالقلاوى,السعيد
محمدالبير,محمد
عمرحموده,عمر
احمدبرمو,إحمد
بكارمحمد,بكار
محمودباسم,محمود
جابرحنفي,جابر
الجزارين,الجز
عنترقنديل,عنتر
السيدالعليمى,السىد
هانزادة,هان
الراحم,الر
العزيزالحمراوي,العزيز
احمدالسبيعي,إحمد
مسعدالبهنساوى,مسعد
امرابراهيم,أمر
الدوياني,الدو
النجرو,آلن
العزيزسويدان,العزيز
محمدرامى,محمد
فيروزطارق,فيروز
العزيزالسهيلي,العزيز
رايتال,رأى
رغدانه,رغد
عبدالمقصودعبدالفتاح,عبد
عبدالحميدابوشوشه,عبد
نصيرابوشنب,نصير
عامرعتمان,عامر
العزيزابوكحله,العزيز
منصورعبدالقادر,منصور
منصورالشربينى,منصور
احمدالهيتى,إحمد
حامدالبردان,حامد
محمدالهنيدي,محمد
احمدرحاب,إحمد
عبدالغفارفتح,عبد
عبدالعزيزمرعي,عبد
خالداكرم,خالد
منصورالشورى,منصور
عبدالقادرحنيش,عبد
عبدالقادرالسقا,عبد
فريدمحمود,فريد
احمدالبطلان,إحمد
السيدأبومصطفى,السىد
القرشاتي,القرش
سعدمرزوق,سعد
ماهرالمنوفى,ماهر
الستارالخليفه,الستار
سعدالجزار,سعد
محمدالملوانى,محمد
احمدمطاوع,إحمد
احمدالحمامصى,إحمد
محمدنعمة,محمد
عبدالغفارعبدالحميد,عبد
السعيدابواليزيد,السعيد
سيداحمدالحنفى,سيدأحمد
بديرسرحان,بدير
محمدالعزه,محمد
مارجين,مار
عبدالغفارالحلوجى,عبد
حناعبدالملك,حنا
انتصارعبدالمجيد,أنتصار
السيدبركات,السىد
راشدالجيوشى,راشد
سعيدلاشين,سعيد
زاهرحليمة,زاهر
محمودقمح,محمود
محمدحلوه,محمد
محمدزهرة,محمد
محمدابوالمحاسن,محمد
احمدالأعصر,إحمد
المعزحسن,المعز
سندحسين,سند
محمدالسعيدعامر,محمدالسعيد
محمودالغنام,محمود
محمدالمدبولى,محمد
سعيدالدمرداش,سعيد
مجاهدبركات,مجاهد
البصيرعباس,البصير
صقرعبدالحى,صقر
سعدالسنور,سعد
علاءدياب,علاء
محمدالجنبيهى,محمد
محمدابوخشبه,محمد
عبدالمجيدالابياوى,عبد
السيدالعشماوى,السىد
مختارحمدون,مختار
القرواطى,القرو
السحما,الس
محمدقلاشه,محمد
محمدالجروانى,محمد
عبدالصمدعبدالصمد,عبد
سعدعبدالمنعم,سعد
محمدالسبعاوى,محمد
احمدالجماجمونى,إحمد
محمدمروان,محمد
الحميدابوشنب,الحميد
نصرالحارتى,نصر
الزكيرابراهيم,الزكير
العزيزهيبة,العزيز
نصرالقط,نصر
محمدهيبة,محمد
نصركحك,نصر
عبدالقادرعبدالباعث,عبد
محمدعبدالعزيزمحمدسيد,محمدعبدالعزيز
بديرمرسى,بدير
ضياءحمدى,ضياء
احمدعتيبه,إحمد
عبدالعزيزسكين,عبد
جادعبدالعظيم,جاد
السيدابوطبل,السىد
احمدنعمة,إحمد
سعدالشناوى,سعد
ابديرحنا,ابدير
جوهرعبدالحميد,جوهر
بدرعبدالجليل,بدر
محمدمحمدعبدالحميد,محمد
البانونى,البا
فايداحمد,فايد
محمدالاسكندراني,محمد
بديرموسى,بدير
احمدشمخ,إحمد
روميساءعصام,روميساء
روضةهلال,روضة
احمدالقادوم,إحمد
عبدالقادريوسف,عبد
النباوى,آلن
عبدالحميدمحمدكمون,عبد
محمدحلوسة,محمد
عمرعبده,عمر
السيددهيم,السىد
داودالفقى,دأود
عبدالمقصوداسماعيل,عبد
عبدالعزيزمشعل,عبد
جابرأبوالمجد,جابر
عبدالحميدالغنام,عبد
سعدالفقى,سعد
عبدالعزبزابراهيم,عبد
عمرالصياد,عمر
سيدجمعه,سيد
محمدالضنين,محمد
محمدالزيان,محمد
عطيةعجمى,عطية
محمدابوموسى,محمد
عبدالقادرغزال,عبد
احمدالقصبى,إحمد
سعدالعجمي,سعد
عيدالسعودى,عيد
محمدالمحاربى,محمد
الحميدالسيد,الحميد
بدرعميره,بدر
عبدالقادرشعيشع,عبد
احمدعبدالعليم,إحمد
جعفرعبدالعظيم,جعفر
المجدالمرسى,المجد
العزيزأبوشعيشع,العزيز
عبدالقادرالفار,عبد
احمدوهيب,إحمد
الياشين,إليا
احمدعنوس,إحمد
اليزيدالأطروش,اليزيد
محمدابوالنجاة,محمد
أموالى,امو
حيداوي,حيد
عامرمحجوب,عامر
محمدالباش,محمد
محمدرشادالقاضى,محمدرشاد
محمدعبدالمجيدطمان,محمدعبدالمجيد
نادرعبدالباسط,نادر
المجيدعيد,المجيد
الغفورعبد,الغفور
الزنار,الز
الحميدعيد,الحميد
محمدبديوى,محمد
الجوادعبدربه,الجواد
الحميدمرعى,الحميد
الشرنوني,الشر
عمرزهران,عمر
سعدالشراكي,سعد
العزيزالقماش,العزيز
كلايجيان,كلاي
ماريلانه,ماري
شاهيناكى,شاهين
نصيرعبد,نصير
شاميندا,شام
جابرعدوى,جابر
شيماوى,شيم
ميريولينا,مير
إلينورا,ألى
آنورين,أنو
ارسانوس,ارس
محمدالدفراوي,محمد
السيدحمد,السىد
محمدالماوردى,محمد
منصورخلف,منصور
ماهييار,ماهي
النوركامل,النور
عمرمرعى,عمر
السيدعنان,السىد
صابرالدموكى,صابر
نورثان,نور
نورالقزاز,نور
العزيزالسباعي,العزيز
عبدالعزيزالبسيوني,عبد
عمرعباد,عمر
محمدالفلاحه,محمد
القادرسلام,القادر
عمرزيدان,عمر
عطيةاسماعيل,عطية
جرميانا,جرم
حليوانى,حليو
برتاوى,برت
الطاهرمسعود,الطاهر
الصغيرابو,الصغير
محمدالسرحى,محمد
سعدرضوان,سعد
الأدوش,آلا
العزيزاسماع,العزيز
جابرعجمى,جابر
عبدالغفارسعيد,عبد
جابرمخيمر,جابر
سعيدالديب,سعيد
محمدالتونى,محمد
محموداحمدالشافعى,محمود
وحيدزكريا,وحيد
سعدعباده,سعد
جادعوض,جاد
البرجامى,البرج
الاميررضوان,الآمير
محمدمحمدصالح,محمد
مجداللة,مجد
العزيزبسيونى,العزيز
البريجاوى,البري
نورتاج,نور
احمدرزيقة,إحمد
قسطاوي,قسط
احمدالنوام,إحمد
النضرعبدالفتاح,النضر
حمودةعلى,حمودة
منصورقرطام,منصور
منتصرالزهيرى,منتصر
أنورمسعود,أنور
عبدالحميداحمدهيكل,عبد
عبيدعلوانى,عبيد
محمدالاقرع,محمد
محمودالشنوانى,محمود
جابرحميده,جابر
سيداحمدداود,سيدأحمد
محمدمحمدعبداللطيف,محمد
احمدداود,إحمد
السيدقناوى,السىد
عبدالمقصودعمران,عبد
راشدعثمان,راشد
السيدفايد,السىد
سعدمبروك,سعد
عزيزموسى,عزيز
سعدالكريونى,سعد
السيدعبدالواحد,السىد
احمدبرجل,إحمد
عيادمسعود,عياد
عبدالحميدالجندى,عبد
منصورلهلوب,منصور
محمدالكوك,محمد
احمدالخولي,إحمد
الحميدموسى,الحميد
عبدالعزيزابوهمام,عبد
سعدابوشليل,سعد
منصورالدرس,منصور
سيدبرعي,سيد
عبدالصمدالنجار,عبد
القادرعاشور,القادر
نصررجب,نصر
محمدالبيلى,محمد
الاطمز,آلا
جابرابوشوشه,جابر
عبدالظاهرحسين,عبد
محمدابونعمه,محمد
نظيررياض,نظير
شاكرجورجى,شاكر
القادرمبروك,القادر
عبدالقادرعبدالرحمن,عبد
المجيدالعريان,المجيد
محمودالصايم,محمود
عبدالحميدعبدالغفار,عبد
محمدالطنيحى,محمد
الحمائل,الح
السمليجى,الس
جسارأحمد,جسار
عبدالغفارأبو,عبد
محمودأبوالخير,محمود
بدرالعمري,بدر
أحمدبركه,إحمد
النضرمرعى,النضر
احمدسيلمان,إحمد
القرياوى,القرى
عامرخفاجى,عامر
عبدالمقصودالبانوبي,عبد
سندرلا,سند
بكرعبدالرحمن,بكر
عبدالحميدالنكلاوى,عبد
مختارالشناوى,مختار
احمدالحكيم,إحمد
احمدعنب,إحمد
محمودعميش,محمو
عنترالسيد,عنتر
محمدصابون,محمد
محمدأبوأحمد,محمد
أحمدحريشه,إحمد
الحليثى,الح
المجيدعبدالقادر,المجيد
السعيدفؤاد,السعيد
نصرفتحى,نصر
السعيدعسران,السعيد
عبدالعزيزشلبي,عبد
الفنيانى,الفن
جويدار,جوي
نصرمبارك,نصر
جادابراهيم,جاد
شهداسماعيل,شهد
جبرعمارة,جبر
أحمدالنجار,إحمد
محمودمطاوع,محمود
عبدالعزيزناصف,عبد
محمدهزاع,محمد
محمدالبرجيسى,محمد
السيدرواش,السىد
اسعدرزق,أسعد
محمودأنديل,محمود
عبدالغفارعبدالرحيم,عبد
عبدالستارالسعداوى,عبد
احمدالشنديدى,إحمد
رشادغانم,رشاد
الطبارى,الطب
السيدعفش,السىد
محمدالخراشى,محمد
الجوادعكاشة,الجواد
جابرالقلينى,جابر
محمدمحمدغنيم,محمد
نصرالعشرى,نصر
احمدابوالعينين,إحمد
صابرالفقى,صابر
احمدالهابط,إحمد
محمدابورزق,محمد
محمدكشك,محمد
عيدفرج,عيد
المهرخضر,المهر
اميران,امي
نورامين,نور
السيدالبندقلى,السىد
السيدوهيب,السىد
الطاهرالصافي,الطاهر
جابرالحماقى,جابر
محمودملوك,محمود
احمدالعقدة,إحمد
احمدالهوارى,إحمد
السيدعسر,السىد
صابرعطية,صابر
الحنيلى,الح
المجيدالنقرود,المجيد
حامدالصعيدى,حامد
الأقوش,آلا
منيرعيسوى,منير
شاكرالحصرى,شاكر
أحمدأبوالعنين,إحمد
محمدالنوسانى,محمد
محمدالرشيدي,محمد
محمدالخبى,محمد
احمدالسمنودى,إحمد
اكويلينا,اكوى
السيدعرجان,السىد
احمدعزبة,إحمد
محمدالكرنز,محمد
محمدالعرسة,محمد
عنترجليله,عنتر
بديرالشاذلى,بدير
الرايات,الر
محمدالزمر,محمد
بديرجاد,بدير
السعيدابوعوف,السعيد
نصرالنقيب,نصر
السعيدالجميزى,السعيد
محرزفايد,محرز
ياسرالسعيد,ياسر
حمادحمزه,حماد
منيرمنصور,منير
أحمدأبوشبانة,إحمد
ماهربدوى,ماهر
النصرعبده,النصر
ألانوار,آلا
قلدرسله,قلد
سندالمصرى,سند
احمدهندى,إحمد
محمدالمركبى,محمد
احمدعصر,إحمد
عبدالغفارعبدالعاطى,عبد
وعدربى,وعد
السيدتوفيق,السىد
جبرشعلان,جبر
السيدالخيال,السىد
فؤادعيد,فؤاد
القادرالفرغلى,القادر
الزتوني,الز
السعيدالباز,السعيد
عبدالغفاربدير,عبد
فؤادعرفه,فؤاد
الغفارعامر,الغفار
العزيزالدسوقى,العزيز
عبدالعزيزالعوضى,عبد
الاناوي,الان
القادرحسونة,القادر
محمودعيداروس,محمود
الانورعبده,آلا
ماهرعبدالعال,ماهر
الجرجيرى,الجر
الطرابيش,الطر
محمودالشربينى,محمود
محمدعرام,محمد
الأنورالسيد,آلا
نوراليقين,نورال
احمدالريس,إحمد
اليانورا,إليا
القنيرى,الق
العزيزعابدين,العزيز
الزعفر,الز
ماهرعبدالرحمن,ماهر
السيدالزهيرى,السىد
محمدالغرورى,محمد
محمودعابدين,محمود
أوسامى,اوس
منصورجبريل,منصور
السيدالسنبختى,السىد
عبدالقادرعامر,عبد
السيدالسيدربيع,السيدالسيد
السيدالغرباوى,السىد
الظاهرخاطر,الظاهر
محمدابوشوشه,محمد
سجودلله,سجود
القادرصالح,القادر
السيدالعيوطى,السىد
منصورعابدين,منصور
البازالبنا,ألباز
الرحلاوى,الرحل
بكرشاهين,بكر
منصورالمرسى,منصور
محمودعلام,محمود
العزيزالغريب,العزيز
صابرسلامه,صابر
نورالدمرداش,نور
القادررمضان,القادر
الخلاطى,الخل
محمدالسقاية,محمد
صابرالجندى,صابر
السيداحمدغازى,السىد
السحريتى,الس
معازعلى,معاز
احمدالعزيري,إحمد
السعيدالعرابى,السعيد
السيدمسعد,السىد
القادرالبدراوي,القادر
سعيدحماده,سعيد
السيدالخليجى,السىد
محمدكشفيه,محمد
سعدالمعداوى,سعد
بديرالمصرى,بدير
العزيزمكاوى,العزيز
حامدالحماقى,حامد
الحميدالديسطى,الحميد
عامرالمتولي,عامر
السعيدبيومى,السعيد
السعيدالبقرى,السعيد
السعيدابو,السعيد
احمدقته,إحمد
منتصرالنادى,منتصر
عمرهنداوى,عمر
الانذار,آلا
الزنبوح,الزن
الخبيرعبد,الخبير
الغفارعمر,الغفار
العزيزالحجلة,العزيز
العزعلم,العز
الغفارفرج,الغفار
السيدصحصاح,السىد
محمدالسعيدشاهين,محمدالسعيد
محمدالبابلي,محمد
مختارسليمان,مختار
عنترعبيد,عنتر
معزوزاحمد,معزوز
منصورالحوشى,منصور
عنترعزام,عنتر
الحميدالغفاري,الحميد
نصربدوى,نصر
نصرمجاهد,نصر
لناندى,لنا
شحتوعبد,شحتو
شبلنجى,شبل
العزيزالبرعى,العزيز
القادرالمنباوي,القادر
الخيرالمغربل,الخير
العزيزالعدوى,العزيز
عاشورفتوح,عاشور
شواطفى,شوا
محمدابوسبع,محمد
الثعلباوى,الثعلب
السيدالنمر,السىد
سعيدالعزب,سعيد
نورسما,نور
عمرالبسيونى,عمر
خاطرابوربع,خاطر
السيدعقل,السىد
طاهرابوعلى,طاهر
احمدالكفراوى,إحمد
العزيزفودة,العزيز
محمدالجعبيرى,محمد
العزيزعويضة,العزيز
مسعدالمتولى,مسعد
البازفرحات,ألباز
الستارالكنانى,الستار
روفاندا,روفا
النورالمرسى,النور
النشواتى,النشو
امياوى,امي
محمدالبساطى,محمد
بدرحميد,بدر
العزيزحربى,العزيز
عبدالحازق,عبد
محمدالزكى,محمد
محمودبيدق,محمود
عنبرعويس,عنبر
ماجدمحمد,ماجد
عبدالمقصودالرفاعى,عبد
السيدالغنام,السىد
خضرسليمان,خضر
سميرعمر,سمير
محمدالسيدالطير,محمدالسيد
هواشله,هوا
راشدابوحمده,راشد
الستارجزر,الستار
انورحامد,أنور
نمرسليله,نمر
احمدالعيسوي,إحمد
السيدالزناري,السىد
العزيزمخيمر,العزيز
عبدالعزيزالسيدعزازي,عبد
رشيدايوب,رشيد
منصورابوالعلا,منصور
احمدباشا,إحمد
أحمدرفاعي,إحمد
محمدالقرشى,محمد
البلاشون,البلا
الإسداوى,الاس
الحمارمحمد,الحمار
احمدالغربى,إحمد
محمدالهوبجي,محمد
السيدسويد,السىد
عبدالقادرالكرانى,عبد
عبدالحميدعرفة,عبد
نصرعبدالوهاب,نصر
صابرعزب,صابر
الآعصر,آلا
البازمحمود,ألباز
أحمدسيدأحمدغالى,أحمدسيد
القادرعبدالجليل,القادر
الحباتي,الح
عامرحماد,عامر
فايدغانم,فايد
عبدالعزيزالقوشى,عبد
عمرزايد,عمر
السيدالمليجى,السىد
محمدعوادهزاع,محمدعواد
عوادابوالنجا,عواد
السعيدالصعيدى,السعيد
جودةالسيد,جودة
محمدحميدة,محمد
احمدالغراب,إحمد
الستارعواد,الستار
محمودالسيسى,محمود
احمدجوهرى,إحمد
عزازمحمد,عزاز
محمودالعشماوى,محمود
لودانا,لود
نصرابوعوف,نصر
منصورصباح,منصور
محمدالهمشرى,محمد
أحمدالسقعان,إحمد
محمدسويفى,محمد
محمدعلاوى,محمد
محمدالحوت,محمد
الاميرفاروق,الآمير
محمودخرابيش,محمود
صابرغنيمى,صابر
عبدالعزيزالجوهرى,عبد
جارمين,جار
نورغنيم,نور
عمرحميد,عمر
أسرائيل,اسرا
عبدالبصيرشاهين,عبد
عبدالناصرجبر,عبد
فيلوريان,فيلو
روفندا,روف
أصفهان,آصف
عبدالحميدالبركاوى,عبد
عمرراشد,عمر
محمدعبدالصالحين,محمد
المعزاحمد,المعز
العزيزأسامه,العزيز
محمدمدنى,محمد
اسماءأمين,إسماء
تيمثاوس,تيم
محمديسين,محمد
محمددرباله,محمد
محمدبلاش,محمد
أروبيل,أرو
انجيلين,أنجي
احمدفضل,إحمد
فالتوس,فال
سرافيل,سرا
بعرورالصغير,بعرور
شاكرجيد,شاكر
لورمار,لور
آناسيمون,آنا
محمدفرغل,محمد
جمعةعبد,جمعة
احمدالفرغلى,إحمد
زيدالشريف,زيد
محمدالبدر,محمد
محمدداخلي,محمد
محمدزهجر,محمد
عبدالبرمصطفى,عبد
قاصدكريم,قاصد
عبدالاحسنين,عبد
محمدالنصر,محمد
راشدابوسحلى,راشد
محمداحمدالامير,محمد
فؤادالهمامى,فؤاد
احمدالمدثر,إحمد
سناريا,سنا
عصمالى,عصم
احمدالعمارى,إحمد
السيدطايع,السىد
احمدوه,احم
محمدالمرتضى,محمد
سيدالامير,سيد
جاداللاهى,جاد
مرتريم,مرت
احمدركابى,إحمد
أرسولا,ارس
برتينى,برت
الدارقطنى,الدار
أنيسيمون,انى
عاشورابوبكر,عاشور
كرماوى,كرم
محمداسيد,محمد
محمدالشاورى,محمد
محمدالمأمون,محمد
الصغيرحفنى,الصغير
الحبارى,الحب
انجليانا,انج
روزميرى,روز
لوسيانه,لوسي
احمدماكن,إحمد
محمدسرى,محمد
أنجيلوس,أنجي
عبدالمحترم,عبد
احمدعبدالوارث,إحمد
الاميرناصر,الآمير
لوزحبيب,لوز
الباروكى,البار
مورولا,مور
السيدالغطريفى,السىد
محمدنصرى,محمد
ميلانو,ميل
محمداوسام,محمد
الاقصر,آلا
عبدالحميدعوض,عبد
الباروكي,البار
البركاني,البر
عبدالجبارعلي,عبد
اسمراندا,اسم
سمارينا,سما
سيفانا,سيف
الدموح,الد
دوناسيلا,دونا
الاسودي,آلا
السرحان,الس
ليانوس,ليا
ايفرونيا,ايف
بيندالي,بين
الزروق,الز
الاكحلي,آلا
البلحاوي,البل
الحليمي,الح
الايدي,آلا
السيد ابوعبده,السىد
محمد ابوعلي,محمد
فيلوبير,فيلو
عبدالصمدعباس,عبد
رويدين,روي
ياسر عبدالمتعال,ياسر
محمدالقياتي,محمد
غزلاني,غزل
محمداليماني,محمد
لوليوالا,لولي
المشلبن,المش
البسطاني,البسط
سيدمرسي,سيد
روباولا,روبا
عبدالصفاء,عبد
محمودحيدر,محمود
شاكر عبدالمقصود,شاكر
الطرابيل,الطر
سعيدالدارين,سعيد
الازهر,آلا
حامد عماره,حامد
عبدالديان,عبد
شلحاوي,شلح
اروسياك,اروس
محمدالربيجي,محمد
مطرعافيه,مطر
عبدالمجيدهلال,عبد
ياسرسيد,ياسر
الحوسني,الحو
محمودوالي,محمو
مارسابا,مار
الاطوني,آلا
محمود موسي,محمود
عوادابوالعلا,عواد
عوادعبدالمعطي,عواد
نظيربطرس,نظير
اساسوس,اسا
اباالدنيا,أبا
الزايدي,الز
الديريدي,الدي
السيدالربيعي,السىد
صقرمبارك,صقر
انورالحاج,أنور
انورفهمي,أنور
بندراوي,بندر
بدروني,بدر
نصر امبابي,نصر
شهربيل,شهر
محمدالابرق,محمد
احمدعليو,إحمد
الاغاني,آلا
الشيلابي,الشيل
منصورالسبيعي,منصور
السبلاني,الس
الردادي,الر
عبدمزهر,عبد
السيدمحمدالصفطي,السيدمحمد
احمدالشناوي,إحمد
العكيدي,العك
زايدصبح,زايد
جوناسيان,جونا
محمدالماظ,محمد
البيبياني,البيبي
عبدالجوادالسيسي,عبد
عبدالحميد سلامه,عبد
محمدشعيله,محمد
العبد ابوبكر,العبد
سيد الحداد,سيد
معبدعبدالرحمن,معبد
الفرومي,الف
محمود حجازي,محمود
رايدان,رأى
فؤادالشحات,فؤاد
عبدالوارس,عبدالو
محمودابوالمجد,محمود
عبدالمتوكل,عبد
حامدالزغبي,حامد
محمدالحجازي,محمد
ماجدالعدل,ماجد
الاشطر,آلا
النصرسيد,النصر
علاءعادل,علاء
عبدالعزيز عبدالغني,عبد
الدواري,الدو
نصر عبدالواحد,نصر
جادالمهدي,جاد
الهرمي,إله
احمدالقرني,إحمد
حدادعبدالتواب,حداد
عبدالقادرفهيم,عبد
معبديوسف,معبد
معبدعبدربه,معبد
فكارقرقار,فكار
عبدالمجيدمهدلي,عبد
حنامينا,حنا
محمدمندي,محمد
احمدصاوي,إحمد
فريدالثاني,فريد
علاءفتحي,علاء
النادر,آلن
عبدالعزيزحادي,عبد
عبدالصمدعيد,عبد
بكرشلبي,بكر
عجماوي,عجم
السيددكروري,السىد
معبدابوالقاسم,معبد
جابربركات,جابر
محمد ابوهيف,محمد
سيدعطش,سيد
السيدهيبه,السىد
معبدناصر,معبد
الاميرمفضل,الآمير
معبدعبدالفتاح,معبد
عبدالعزيز عبدالبر,عبد
سيدميهوب,سيد
احمدتقي,إحمد
معبدخميس,معبد
الفاراحمد,الفأر
عيدمكرم,عيد
احمدالقياتي,إحمد
عامرالقرشي,عامر
البرهاني,البر
عبدالحميدالجوهري,عبد
عبدالصمدوافي,عبد
معبدعبدالحكم,معبد
ميلاوى,ميل
بشير عبدالحافظ,بشير
سيدعبدربه,سيد
الزقرني,الز
ماريبيل,ماري
الاشراقى,آلا
ليليهان,ليلي
الاغبرى,آلا
عبدالعزيز الشريف,عبد
القمودى,الق
ونازخارى,ونا
مختارفخر,مختار
براندى,برا
احمدالبجلاتى,إحمد
فؤادالامير,فؤاد
عبدالعزيزعلواني,عبد
جلابيه,جلا
زوالنون,زوال
عبدالقادرالزينى,عبد
ألفونس,الف
ريدوتيه,ريدو
رضا عبدالبارى,رضا
دلاورعلى,دلاور
ابراهيما,ابرا
عبدالستارالذهبى,عبد
الاقمر,آلا
الاديمي,آلا
اغاثونيس,أغاثو
الزهير,الز
يشاراحمد,يشار
نوردان,نور
اميرعبدالمحسن,آمير
الحناشى,الح
الدعيس,الد
العماني,العم
ليلياندا,ليليا
ايليانو,ايلى
جيسينيا,جيسي
ليليانه,ليلي
حامدالانصارى,حامد
السيدطوبار,السىد
وليد جمعه,وليد
محمداحمدالعزاوى,محمدأحمد
احمدالقعيد,إحمد
احمدالسنهورى,إحمد
ريجيانه,ريجي
بابابيك,بابا
الاكير,آلا
الشندوخي,الشن
الحمدلله,الح
محمدالمزاحي,محمد
جانتان,جان
درديرمحمود,دردير
روكسانه,روكس
امارنيوس,امار
زهيرصبرى,زهير
ميرتيا,مير
سيد غريب,سيد
رويتاج,روي
نصرالسحيمى,نصر
عبدمحسن,عبد
نظيرمحمود,نظير
مسعدشطا,مسعد
بوالعنين,بوال
احمدالقالع,إحمد
الأبرق,آلا
محمودعزالعرب,محمود
محمدأبازيد,محمد
الاسبع,آلا
عامرمرزوق,عامر
بكيراحمد,بكير
نظيراحمد,نظير
محمدعتابى,محمد
محمودالشوربجى,محمود
كرداوى,كرد
اسكندر عطيه,إسكندر
الحبابى,الحب
عبدالصمدخليل,عبد
احمدالزقزوق,إحمد
احمدالمنفلوطي,إحمد
بيتمانى,بيت
الامرى,آلا
الشربيتي,الشر
سرورمباشر,سرور
عبدالمندور,عبد
احمد جوهر,إحمد
هبةالرحمن,هبة
عبدالحميدالبركاوي,عبد
كرماوي,كرم
كربيجه,كرب
اسكندرحنين,إسكندر
عبدالشهيدى,عبد
جابرالطيب,جابر
عبدالسيدعازر,عبد
السيدالحلفاوى,السىد
السيد عبدالموجود,السىد
عزيز احمد,عزيز
سيد درويش,سيد
أحمدالبلعوطي,إحمد
قرانفيل,قران
بوليفار,بولى
جوناسان,جونا
نجاحبش,نجا
عبدالمرتجى,عبد
كلاريس,كلا
عوادخليل,عواد
عطيتوعلى,عطيتو
عنتر عبدالمسيح,عنتر
الواكي,الو
نصرالشافعى,نصر
عوادشرف,عواد
الهرمزى,إله
ارسنيا,ارس
عبدحسنين,عبد
درعزينى,درع
محمدالشيشى,محمد
الانطونى,الان
هاندرى,هان
وليد احمد,وليد
احمدالحماقى,إحمد
الرحبي,الر
مهردار,مهر
عبدالظاهرمرسى,عبد
السيد وائل,السىد
الرفدى,الر
عبدالعزيز شاهين,عبد
احمدعمرنور,أحمدعمر
محمودالمنزلاوى,محمود
عبدالحميد الخولى,عبد
الاطناوى,آلا
الرزان,الر
نوريانا,نور
جينيفيرا,جيني
محمد زينهم,محمد
جوديسا,جود
خضرعامر,خضر
الصبورحسن,الصبور
الارملى,آلا
عبداللاوهدان,عبد
محمدالقندقلى,محمد
سعدباشا,سعد
دامولا,دام
محمدهمت,محمد
عبدالعزيزالاشقر,عبد
الرشاش,الر
حامد الشرقاوى,حامد
ميرابيلا,ميرا
الهترية,إله
محمودالفيل,محمود
السيني,الس
العرشاني,العر
سمير فهمى,سمير
ريمونا,ريم
سيدالوطنى,سيد
الابرزي,آلا
الربداوي,الر
سانتينا,سان
الدوغري,الدو
عبدالعزيزالحديدى,عبد
قويشتى,قوى
الحوسانى,الحو
المصرية,المص
البريجاوي,البري
الجوراني,الجو
السويداني,السويد
ويساوي,ويس
وليد درويش,وليد
بدرالكريم,بدر
حناالصايغ,حنا
برتلله,برت
عبدالرهوف,عبد
فؤاد عبدالرازق,فؤاد
شعاراحمد,شعار
سيد سالمان,سيد
سعد سعيد,سعد
عيدمحروس,عيد
اسعدمرجان,أسعد
طاهرادريس,طاهر
جونالين,جون
محمدالهش,محمد
العسلوكى,العسل
بكركريم,بكر
عبدالحميدحامد,عبد
الدانه,الد
السمالية,الس
الطبجاوى,الطب
عبدالمقصودهلال,عبد
شبرامنت,شبر
سيفانه,سيف
الهايض,إله
احمد مطر,إحمد
الاطبر,آلا
عبدالحميدمحمدحمودة,عبد
سيد سلمان,سيد
احمدخزيم,إحمد
زايد مصطفى,زايد
عبدالعزيزمحيسن,عبد
سيد خليفه,سيد
سيد عمار,سيد
عبدالحميد عمران,عبد
محمدابوهشهش,محمد
السيدالجيزاوى,السىد
سعيد الجزار,سعيد
محمد حسينى,محمد
حامدالمحراث,حامد
عبدالعزيزالأبيارى,عبد
السيد الشرقاوى,السىد
محمودالأسكافى,محمود
محمدالبهجى,محمد
محمود أبوالعلا,محمود
عبدالمقصودالصعيدى,عبد
سعد عرفه,سعد
عيد عبدالمرضى,عيد
السيدالاسرج,السىد
محمد أبوسيدأحمد,محمد
السيدالخرخيسى,السىد
منصور عمران,منصور
مجاهدأبو,مجاهد
صابر أمين,صابر
عبدالعزيزعصفور,عبد
عبدالظاهرأمين,عبد
ياسرعبدالنبى,ياسر
عبدةعجرمة,عبدة
عبدةابوبرس,عبدة
احمد ابوعيلة,إحمد
محمدالهجع,محمد
أحمدزقزوق,إحمد
الهواوى,الهو
موريانا,مور
الأتريسى,آلا
عبدالمجيدطعيمه,عبد
القرديه,القر
السيد فؤاد,السىد
زايدالجمال,زايد
عبدالواحدالغلبونى,عبد
محمودالمشاط,محمود
عبدالجوادبسيونى,عبد
السيدالشيشينى,السىد
عبدالمقصودعباس,عبدالمقصو
أحمدالعقر,إحمد
عبدالجواد أبوحجر,عبد
عبدالحميدالجميزى,عبد
حامدالجرف,حامد
فريدنصار,فريد
سيدأحمدالصباغ,سيد
محمدعجور,محمد
محمود المصرى,محمود
السيدعياش,السىد
عبدالعزيزحلوه,عبد
أحمداللبودى,إحمد
محمدأبواحمد,محمد
محمدالحرانى,محمد
محمودالبوهى,محمود
صابرعرابى,صابر
السيد عبدالمنصف,السىد
انور عمر,أنور
أمالهنا,أمال
حامد العطار,حامد
صقر عبدالوهاب,صقر
النورعبد,النور
شاكرعقل,شاكر
محمد ابوشبك,محمد
محمد ابوضلع,محمد
محمد ابوخليل,محمد
عبدالواحد عبدالعليم,عبد
أرمانى,ارم
زاهرمتولى,زاهر
عبدالتكال,عبد
عبدالغفارالصادق,عبد
بازالشريف,باز
منصوربحيرى,منصور
السيد نصار,السىد
السيدمغيزل,السىد
منصورالديب,منصور
محمدالجز,محمد
عبدالقادر ابوالمجد,عبد
عبدالمقصودالعزب,عبد
عمرو اسماعيل,عمرو
نادر صبحى,نادر
عنتررشاد,عنتر
ماهربطايحى,ماهر
محمدالضوى,محمد
محمدالكلاوى,محمد
سعيد امام,سعيد
جادالشيخ,جاد
محمدالجافى,محمد
أحمد عامر,إحمد
السيدالدجوى,السىد
أحمد عبدالخالق,إحمد
محمدعجيزه,محمد
أحمدالهبيرى,إحمد
سعيدابوالفتح,سعيد
الستارحسن,الستار
احمد ذكى,إحمد
سعيد قطب,سعيد
محمداللواتى,محمد
محمدسليمه,محمد
سعيد مبروك,سعيد
محمد أبوالليل,محمد
عيدسليمان,عيد
سعد مرسى,سعد
محمدالخفيف,محمد
بدرالصاوي,بدر
عبدالحميدسليمة,عبد
ابوالعلا ابوالعلا,أبوالعلا
عبدالحميدأبوعامر,عبد
عنترعزوز,عنتر
عبدرحيل,عبد
أحمدأبوالخير,إحمد
احمدمعتمد,إحمد
أحمدالدهل,إحمد
السيد فوده,السىد
أحمد حلمى,إحمد
فايزعبدالجواد,فايز
السيدعصر,السىد
عبدالغفارحماد,عبد
عبدالعزيزالحفناوى,عبد
القراويشي,القرا
احمدعمريه,إحمد
العبدلله,العبد
الحناكى,الحن
ألامام,آلا
عمرالاشقر,عمر
عبدالستارجمل,عبد
صابرنوير,صابر
حامدمشحوت,حامد
نوفانا,نوف
فؤادالبهواش,فؤاد
صابرأبوموسى,صابر
عبدالستارهلال,عبد
عبدالغفارالجالى,عبد
القفادي,الق
محمدحمامه,محمد
مختارابرهيم,مختار
عبدالحميد ابوطالب,عبد
الاسبح,آلا
عبدالحميد الصادق,عبد
الضويحى,الضو
الساطي,الس
زهراني,زهر
ماروتيا,مارو
القطروس,القط
صابرمبروك,صابر
عطيةالطحطاوى,عطية
عبدالربوه,عبد
مترموس,متر
الرجلانى,الرجل
عبدالقادرسعد,عبد
جلادوس,جلا
محمدالطاروطى,محمد
محمدمهنا,محمد
عمر حجازى,عمر
الباز عطيه,ألباز
عامرشعبان,عامر
النوريوسف,النور
عبدالسيدمعوض,عبد
الادبس,آلا
حناينى,حنا
احمدالبشه,إحمد
محمود طلبه,محمود
محمدالسنبختى,محمد
عبدالكحلوت,عبد
القرشانى,القر
مينقريوس,مين
عيدالباز,عيد
عبدالشكورعبدالعاطى,عبد
سعيد بولس,سعيد
سعد جورج,سعد
انيسيمون,انى
محمدالحويحى,محمد
معتزلدين,معتز
السيد ناجى,السىد
سعد سليمان,سعد
احمدعوف,إحمد
محمدحجاب,محمد
عبدعثمان,عبد
عبدالمقصودعيسي,عبد
قصدالكريم,قصد
اسكندرقسطندى,إسكندر
السيد عبدالرازق,السىد
عبدالقادرالسحرتى,عبد
ميخانيل,ميخا
القوسينى,القوس
بدرجبر,بدر
عبدالجواداسماعيل,عبد
عبدالقادرمصطفى,عبد
عطوةالقاضي,عطوة
حامد شلبى,حامد
محمدالعدلى,محمد
سيد سليم,سيد
عبدالجيدشحاته,عبد
عبدالجوادالبغدادى,عبد
نورمايسين,نورما
عبدالعزيزالبحيرى,عبد
عيد عمرو,عيد
فؤادعبدالبصير,فؤاد
احمدالضباش,إحمد
عبدالقادرالجوهري,عبد
طاهرسليم,طاهر
فروانه,فرو
محمودعتلم,محمود
عبدالعزيزالرجلاتى,عبد
صابرعامر,صابر
صابر عبدالفتاح,صابر
محمدوافي,محمد
تامرمصلح,تأمر
منصوربيومى,منصور
احمدزريق,إحمد
جعيدانى,جعيد
البطرويشى,البط
عبدالعزيزامام,عبد
السيدالعيساوي,السىد
احمد ابوحمده,إحمد
محمدالقهاوى,محمد
فؤادعواد,فؤاد
سيد غالى,سيد
عبدالقادرخطاب,عبد
بدرالبيشى,بدر
عمرالطور,عمر
عبدالغفار عثمان,عبد
الملاحانى,الملاح
عطيةعبدربه,عطية
عبدالجوادمتولي,عبد
سيد ابوشهده,سيد
سيدالقزاز,سيد
محمدحنك,محمد
محمدسنه,محمد
سيد جمعة,سيد
السيد عمار,السىد
انور امين,أنور
محمدعراب,محمد
جمعة يوسف,جمعة
محمودالراعي,محمود
محمدالدشر,محمد
محمدالرزقى,محمد
سيد حجازى,سيد
عبدالمقصود عبدالقادر,عبد
نجارعلى,نجار
حامدمحمدالطويل,حامد
محمودابومسلم,محمود
ياسر عادل,ياسر
عيدعطوه,عيد
زكريااقلاديوس,زكرىا
محمدجلهوم,محمد
سعيد شعبان,سعيد
السيدعرمان,السىد
سعيد عادل,سعيد
عطاسليمان,عطا
مجاهدسليم,مجاهد
احمدسويفى,إحمد
عامرالزهار,عامر
عبدالعزيزالجابرى,عبد
سمير سالم,سمير
داوودعبده,داوود
سعيد مجدى,سعيد
محمد مفتاح,محمد
داوديسى,دأود
بكرمهدي,بكر
عبدالحميد عبداللاه,عبد
عبدالواحدالاطير,عبد
عبدالكندوز,عبد
البقزاوي,البق
احمد عبدالطيف,إحمد
محمدالبجاوى,محمد
خضيرالاخضر,خضير
الحكماوي,الحكم
الحمالاوي,الحما
الهدايه,إله
أغادير,آغا
نظيرنعيم,نظير
كومارسين,كوم
عمرالحلوس,عمر
عبدالغفوريونس,عبد
محمدمصرى,محمد
السبتاتى,السبت
مارتيرو,مارت
روزانه,روز
معبدعطيفى,معبد
السيدخير,السى
عبدمهراس,عبد
عمر عبدالقوى,عمر
احمدصافى,إحمد
الكاروف,الكا
معبدحسنين,معبد
ليليانا,ليل
السيدالازوك,السىد
بريبراحمد,بريبر
سلامة عمر,سلامة
السيدالمالكى,السىد
عبدالجوادالفقى,عبد
محمدقاصد,محمد
عبدالرحيمالعربي,عبد
محمدالاعرج,محمد
السويلي,الس
محمدالاخناوى,محمد
عبدالحميدغنيم,عبد
فؤادعطا,فؤاد
حامد ابوهانى,حامد
احمد كيلانى,إحمد
نورايمان,نور
عبدالغفارفراج,عبد
جورجيانا,جور
رانوفا,ران
عمر عماره,عمر
بكرنفادي,بكر
عمرالصفتى,عمر
الشرطونى,الشر
عبدالعزيزالبطراويش,عبد
محمود كمال,محمود
محمد بدرى,محمد
طاهرمقبل,طاهر
ساليماس,سالي
عمرالصغير,عمر
محمود عاشور,محمود
جوهربسيونى,جوهر
محمدالحايس,محمد
انورفضل,أنور
عبدالظاهرعزب,عبد
عبدالحميد عبدالحافظ,عبد
حمدنجله,حمد
السيد عبدالقوي,السىد
محمودالبهي,محمود
زاهرالشافعى,زاهر
نصيرالعبد,نصير
الشياتانى,الشيات
معبدهاشم,معبد
العبدالبجم,العبد
محمودالشاملى,محمود
سعيد فرج,سعيد
محمودالجرادينى,محمود
الاميرغالى,الآمير
محمدنشات,محمد
السيدالاشقر,السىد
محمود بيومى,محمود
العبدالديش,العبد
محمدالنقشبندى,محمد
عبدالعزيزمره,عبد
البدنجاني,البد
نظيرعبدالعال,نظير
الحالى,الح
حامد عمران,حامد
عبدالعزيزعياد,عبد
نصرالمجاعص,نصر
مختارالكتبى,مختار
فؤادالغريب,فؤاد
عبدالقادروهدان,عبد
نصرطلايع,نصر
جادعيسى,جاد
انورالجيار,أنور
عبدالستارالدسوقى,عبد
نصرالفتح,نصر
المنشرح,المن
احمدالخشاب,إحمد
عبدالعزيزعبيد,عبد
المدثرمحمد,المدثر
احمدالتلمه,إحمد
احمدالتهامي,إحمد
الشيشينجي,الشيشي
محمدعفره,محمد
العبدعيد,العبد
السيدزبادى,السىد
العبدعبيد,العبد
عنتر عطية,عنتر
فؤادالعزب,فؤاد
عبدالمقصودعماره,عبد
مجاهد على,مجاهد
محرزغالى,محرز
عبدالحميدفرج,عبد
محمدابوطيبة,محمد
عبدالمعبودماجد,عبد
سندالشربينى,سند
عبدالحميدرحيم,عبد
صابرنصار,صابر
عبدالحميدصفا,عبد
محمدالسحيمى,محمد
صقرابوالمعاطى,صقر
الفريانى,الف
سعد عزام,سعد
محمدالرياشى,محمد
عبدالعزيزعجور,عبد
محمودابوالعنين,محمود
السعيدعاطف,السعيد
محمودالرحمانى,محمود
الطيرالفجال,الطير
انور عبدالحميد,أنور
الدفار,الد
حيدرالدناصورى,حيدر
فايز عمر,فايز
نصررخا,نصر
عبدالحميدصقر,عبد
العبدالكيلانى,العبد
خالد عبدالباسط,خالد
المامونى,ألما
النفاتى,آلن
شتاتوفيق,شتا
السعيد عبدالفتاح,السعيد
جابر عبدالوهاب,جابر
محمود ابوالفتوح,محمود
محمداحمدابوسعده,محمدأحمد
محمدجعدر,محمد
حامد صالح,حامد
البشناجي,البش
العبددرويش,العبد
احمدحجر,إحمد
عبدالجوادقادوم,عبد
الرموس,الر
عبدالواحدالطمبارى,عبد
السيدالبربرى,السىد
عبدالبرجابر,عبد
جبر محمود,جبر
السيدالعقدة,السىد
السيدهراس,السىد
قمرالشيخ,قمر
نهادعبدالحميد,نهاد
عامرعماره,عامر
عبدالجوادموسى,عبد
عبدالعزيزابوشادى,عبد
احمد دنيا,إحمد
منصورالمسيرى,منصور
بديرعقل,بدير
فؤادطبنجة,فؤاد
ياسر عبدالعاطي,ياسر
حامدالسملاوى,حامد
السيدالعلوانى,السىد
محمدزبادى,محمد
جوهر ابراهيم,جوهر
هنالجنه,هنال
محمدقاقا,محمد
احمدالفلال,إحمد
صابرالماريه,صابر
محمدابوهانى,محمد
محمودالسيد محمد,محمودالسيد
عبدالحميد البيلى,عبد
عبدالعوضي,عبد
السيد هيكل,السىد
الوسانى,الو
سيداحمدالغلبان,سيدأحمد
القنجاوى,القن
محمدالعتيقي,محمد
حامدشوغي,حامد
مسعود عطيه,مسعود
العبدغريب,العبد
محمدالخشوعي,محمد
عبدالعزيز دسوقي,عبد
عبدالقادر منصور,عبد
عامرقطب,عامر
السعيدغازي,السعيد
حافظالمرسى,حافظ
البروكي,البر
محمدالسهولى,محمد
محمدالفرارجى,محمد
السيداحمدمتولى,السىد
السيدالسيد سعيد,السيدالسيد
بديرالبغدادى,بدير
بديرخليل,بدير
الشرملى,الشر
حمادة عبدالحميد,حمادة
محمدابوتكية,محمد
منصورالمتولى,منصور
عبدالقادرالكرش,عبد
السيد سلام,السىد
عبدالعزيزحميدة,عبد
محمدطلخان,محمد
شاكرالشناوى,شاكر
عبدالقادرالسعيد,عبد
محمدالخلعى,محمد
عيد عبدالمعطى,عيد
حامدالقصيف,حامد
الشباكى,الشب
العبدقاسم,العبد
عنتر فتحى,عنتر
محمدحداد,محمد
محمدالجرتلى,محمد
العبد عبدالسلام,العبد
العبد صالح,العبد
بكرسمانه,بكر
السيدعليبه,السىد
الهرام,إله
نصرشعيب,نصر
سنوسنى,سنو
عبدفهيد,عبد
ساويريس,ساوي
نصرشاهين,نصر
البشانى,البش
ميلاندا,ميلا
جابرتوفيق,جابر
اليفياره,اليف
السيدهلالى,السىد
محمدشاطر,محمد
عبدالمجيديونس,عبد
محمودالحوشي,محمود
عمر فاروق,عمر
الشانوسي,الشا
الاسونى,الاس
السيدالعادلى,السىد
عبدالعزيزالمرادني,عبد
محمدمحمدالكردى,محمدمحمد
عاشورغازى,عاشور
عكاشةعبده,عكاشة
لوردانا,لور
رالانا,رآل
محمدمحمدهيكل,محمدمحمد
الحمرونى,الح
عبدالستارزقزوق,عبد
عبدالبدير,عبد
حامد عبدالمنعم,حامد
ميرندا,مير
حناموسى,حنا
السنجى,الس
عبدالغفاريونس,عبد
صابرمرجان,صابر
السيد كريم,السىد
جابرعجمي,جابر
رامحمدانى,رام
بلكسان,بلك
جابرغلاب,جابر
مختارخليل,مختار
عبدالتور,عبد
اميرمدنى,آمير
الصغيرمحمدغريب,الصغير
احمد نوح,إحمد
أحمد شلبى,إحمد
السيدالشبينى,السىد
محمدخبيرى,محمد
النجارالسيد,النجار
اللجاب,الل
محمدابوالنضر,محمد
عيدعيدالدمياطى,عيدعيد
السيد بخيت,السىد
محمد بسيونى,محمد
بدرالزهرى,بدر
سعد نصير,سعد
محمودفتيان,محمود
حامدابوالحسين,حامد
السيد ابوخطوه,السىد
سيلفينا,سيل
محمدالبرجيسي,محمد
محمودالسملاوى,محمود
محمدأبوعلي,محمد
عامرمرسي,عامر
حمادة علي,حمادة
احمدمحمدعامر,إحمد
السيد ابوالفتح,السىد
احمدمندور,إحمد
بشرمحمود,بشر
عبدالحميدرضوان,عبد
عبدالقادرانور,عبد
بيرمانى,بير
الحشيشى,الح
محمدالبصرى,محمد
السيدالغفير,السىد
عبدخريس,عبد
مارينور,ماري
عبدالمقصودسليما,عبد
السيدالحناوى,السىد
مجاورسكران,مجاور
السيدبراهيم,السىد
عبدالعزيز حبيبة,عبد
عبدمدره,عبد
السيد ابوجهل,السىد
سعد عيد,سعد
العوياني,العو
عبدامين,عبد
عبدورشانه,عبد
وليد على,وليد
عبدبركات,عبد
عبدبرمو,عبد
نصرعبدالتواب,نصر
محمودالبحطيطى,محمود
نورالحبيب,نور
سعيدالحاج,سعيد
عبدالحميد ابوغنيم,عبد
فريزعبد,فريز
عبدالحميد عبدالواحد,عبد
غندورالسمان,غندور
عويضةالجمل,عويضة
عيدغنيم,عيد
القراج,الق
عبدالونس,عبد
محمدالبرلسى,محمد
ماهرمحمودمحمود,ماهر
احمدعباسيه,إحمد
محمودابوصالح,محمود
سرور عبدالعزيز,سرور
سعيد زكريا,سعيد
عيدلهلوب,عيد
زاهر عبدالمجيد,زاهر
سيداحمدزيد,سيدأحمد
زبيدالقونى,زبيد
محمدالصالحى,محمد
السيد ابوريشه,السىد
سعدرزق,سعد
الشهيرفتحى,الشهير
احمدهنه,احم
السيد أبوسالم,السىد
القطانة,القط
كراملله,كرام
محمدالعسكرى,محمد
عاشورالرصد,عاشور
جابرسالم,جابر
سمير محروس,سمير
عبدالصبورمشعال,عبد
سرورالقطب,سرور
جسارالمشرقى,جسار
الساجده,السا
عبدالواحدالشقرا,عبد
عبدالحميد خليفه,عبد
سعيد يوسف,سعيد
مناجاه,منا
القطيف,الق
سيد عبدالحفيظ,سيد
أنور عبدالمنعم,أنور
محمدالتريسى,محمد
نصرأبو,نصر
عبدالحميد الشريف,عبد
سيداحمدالطحان,سيدأحمد
مسعودبكر,مسعود
عبدالمقصودالخواجه,عبد
محمودالطواب,محمود
منصورجرجس,منصور
محمودالترعاوي,محمود
عبدالمجيد مبروك,عبد
سمارةعبد,سمارة
الخيررزق,الخير
محمدالعرجاوى,محمد
محمدالبانوبى,محمد
الهسكى,إله
عبدالعزيز العشرى,عبد
زهيراحمد,زهير
عنترمصرى,عنتر
عبدالمقصودالشاعر,عبد
سدرعبده,سدر
محرروس,محر
جابر مصطفي,جابر
محمدالكعبارى,محمد
شواذلى,شوا
عبدالجدوى,عبد
عبدالعزيزالشباسى,عبد
عبدالعزيزإمام,عبد
عبدالمجيدالنقرود,عبد
عيددرباله,عيد
محمدالحمامصي,محمد
سعدالقالع,سعد
حامدينه,حام
عبدالمقصودالديب,عبد
المنشورى,المن
محمدمحمدالطيب,محمد
بكيرعبداللطيف,بكير
السعيدمرسى,السعيد
سعدمحمدعمران,سعد
عبدالعزيزعبدالمولى,عبد
عامرالهنداوى,عامر
محمدطلحه,محمد
خاطرالدسوقى,خاطر
عبدالمجيدسالم,عبد
محمدشكر,محمد
محمدعبدالمقصودحجازي,محمدعبدالمقصود
عبدالجيدحماد,عبد
محمدهوارى,محمد
اميرعبدالمقصود,آمير
عامرعبدالكريم,عامر
مختار ابوالعزم,مختار
السيد عبدالحفيظ,السىد
عرابيه,عرا
السيد عيسوى,السىد
القراد,الق
احمدشعت,إحمد
فرهوده,فرة
عبداللامام,عبد
احمد هريدى,إحمد
عبدالمجيدهندى,عبد
عبدالعزيز عليوه,عبد
حامدنبيوه,حامد
عبدالجوادشعيب,عبد
الحمورى,الح
محمدالحوفى,محمد
ناصر خليل,ناصر
بشتامه,بشت
عبدالقادر خليفة,عبد
محمدالحمامى,محمد
مجاورعريبه,مجاور
عبدالحميدالشربيني,عبد
فؤادشمس,فؤاد
سعدالغنام,سعد
عبداالمطلب,عبدا
عبدالحميد التهامى,عبد
محمدعفش,محمد
مجاهدالسيدغانم,مجاهد
محمدابورواش,محمد
عبدالعزيزهديب,عبد
عبدالعزيزأبو,عبد
السيدالمغواري,السىد
محمدالجنزورى,محمد
منصور كريم,منصور
شاهستة,شاه
محمود بدر,محمود
محمدمحمدغيث,محمدمحمد
ميلادحنا,ميلاد
نجاهلال,نجا
عزيزغطاس,عزيز
عبدالقادرمرسى,عبد
الفقيرعبدالحليم,الفقير
محمود محجوب,محمود
محمدالبكساوى,محمد
شاكرشعبان,شاكر
احمدمحمدحمص,احمدمحمد
عبدالعزيزرفاعي,عبد
عبدلواحد,عبد
عبدالستارحافظ,عبد
عبدالحميد ابودقه,عبد
فوازغنيم,فواز
عبداالقادرالنجار,عبداالقادر
عبدالعزيزالعبادي,عبد
الاشوال,آلا
احمد ابوزهره,إحمد
محمود بدوى,محمود
أوستينا,اوس
عبدالعزيزالجندي,عبد
عبدالقادربسيونى,عبد
عبدالقادر الدسوقى,عبد
سعد زكى,سعد
شكرابوشمعه,شكر
السعيدالجوهرى,السعيد
عبدالستار عبدالمعطى,عبد
عبدالغفارالشناوى,عبد
السيداحمدعطيه,السىد
ياسر ظريف,ياسر
عبدالحميدغيث,عبد
رايانا,رأى
محمود الجمل,محمود
عبدالستارنصر,عبد
نصرالدوانسي,نصر
السعيدالشرقاوى,السعيد
حامد علي,حامد
السيداحمدعلام,السىد
فؤادمحمدعطوه,فؤاد
عبدالقادرالمعداوي,عبد
سيداحمد حسن,سيدأحمد
عبدالجوادابراهيم,عبد
محمود الششتاوى,محمود
المرداني,المر
محمودافندى,محمود
الخفانى,الخف
محمدالهاشمى,محمد
حسبوالسيد,حسبو
سعدالرجال,سعد
عبدالحميدالعجمى,عبد
عبدالحميدالظاهر,عبد
عبدالجواد ابوالعينين,عبد
زكرياالشهاوي,زكرىا
عبدالحميددراز,عبد
احمد عبدالعاطي,إحمد
عبدالحميدهلال,عبد
صابرعبدالحليم,صابر
جابرأبو,جابر
عمر نور,عمر
جابرالششتاوى,جابر
عبدالحميدالحامولى,عبد
سعدعزلو,سعد
احمدمكى,إحمد
عبدالجوادعاشور,عبد
محمدخيتى,محمد
احمد ابوالمعاطى,إحمد
احمد انور,إحمد
السيدنوير,السىد
أحمد العزب,إحمد
السيدالأضبح,السىد
محمدأبوجحشه,محمد
احمدمنصورعبدالغني,احمدمنصور
فؤادابوالعزم,فؤاد
منصورجوهر,منصور
الزبيرشمس,الزبير
الأبارى,الأب
محمدالسعيدالسيد,محمد
طاهرعلام,طاهر
خاطرالشافعى,خاطر
منصورعقل,منصور
عمر الشبراوى,عمر
مسعد محمد,مسعد
محمدالفناجيلى,محمد
محمدالجحر,محمد
عبدالعزيزالخميسى,عبد
الزرداوى,الزر
سند ابراهيم,سند
محمدأسعد,محمد
محمدهجرس,محمد
أحمدالبراوى,إحمد
مختارخفاجى,مختار
السيدالسؤالى,السىد
محمدالغزاوى,محمد
احمد الباز,إحمد
بقشاره,بقش
السيدبصله,السىد
السيدالبادى,السىد
محمدالراجحى,محمد
السعيدحسب,السعيد
الادرى,آلا
محمدالامبابي,محمد
احمدالشرباصى,إحمد
حبوباتي,حبو
نوريسا,نور
العربينى,العر
الجعمور,الجع
سميرعوضين,سمير
أحمدالعشماوى,إحمد
محمدالليسى,محمد
السيدالعراقي,السىد
البازالحضرى,ألباز
محمدالبازصالحه,محمدالباز
السيدالعراقى,السىد
مجاهد محمد,مجاهد
الارنه,آلا
عبدالعزيزابوالسعود,عبد
أحمدالبقرى,إحمد
منصورعبدالنبى,منصور
أحمدعدس,إحمد
آبوزيد,ابو
عبدالحميدعرفه,عبد
محمدالمجاور,محمد
أحمد مرسي,إحمد
طاهر عبدالسلام,طاهر
عمرالصبو,عمر
عابدعبد,عابد
محمودعنتبلى,محمود
الحباطى,الحب
نصير حسين,نصير
الحميدعلى,الحميد
عبدالقادرعطا,عبد
صابرولد,صابر
محمداحمدالديب,محمد
محمدالريس,محمد
عبدالظاهر عبدالرحمن,عبد
السيدالشهيدى,السىد
محمود عبدالمطلب,محمود
عبدالشكورمسيل,عبد
رشاد عبدالخالق,رشاد
منصورالدنديطى,منصور
محمدميعاد,محمد
السيدالهادى,السىد
عبدالغفار عبداللطيف,عبد
سعيد طنطاوى,سعيد
القفلا,الق
ولداحمدموسى,ولد
انورمسيل,أنور
محمدالمتيم,محمد
محمدالنصيرى,محمد
سيد فؤاد,سيد
أحمدعبدالهادى,إحمد
عبدالستار عمر,عبد
طلبةشحاته,طلبة
سيداحمدالشريف,سيد
فايزسيداحمد,فايز
موناليا,مون
صابرالطويل,صابر
ماجدعبد,ماجد
ريدانه,ريد
شاكرمحروس,شاكر
طاهرالمتولى,طاهر
الزغير,الز
عبدالجوادعشرى,عبد
اللبطه,الل
محمودشمس,محمود
الزيدانى,الزيد
بارسيلينا,بار
بيرولا,بير
عبدالمجيد البيومى,عبد
سندعبد,سند
محمودالاسطى,محمود
الحشيمى,الح
الابيه,آلا
نجارينى,نجا
منصورالعسكرى,منصور
الحمرة,الح
عبدالعزيز المتولى,عبد
عبدالعزيزالمغازى,عبد
عبدالغفارالحسانين,عبد
جورجونيا,جورجو
المنيرعبد,المنير
بدرعامر,بدر
كنديار,كند
باسليوسي,باسل
مخيمرغنيم,مخيمر
عبدالغفارالجوهرى,عبد
السيدين,السى
عمرالصيرى,عمر
عبدالغفارالعبد,عبد
السليلى,الس
تامر عابد,تأمر
عمرالحديدى,عمر
جزرالنبوى,جزر
جعفر يوسف,جعفر
جنيرال,جني
حامدعقيل,حامد
عبدالعزيزالطوخى,عبد
القادرالسيد,القادر
المقصودهلال,المقصود
عمر عيد,عمر
نداعوض,ندا
عبدالعزيز العزب,عبد
الباز علي,ألباز
عبدالمجيد المرسى,عبد
رونايدا,رونا
ماهرسالم,ماهر
الاسامه,الاس
عبدالعزيزالقرموطى,عبد
جبرحسن,جبر
الحرمى,الح
الديموسى,الدي
محمود السباعى,محمود
قمرمحمود,قمر
اللوفى,الل
الادويش,آلا
السيدالقهوجى,السىد
الدوغلى,الدو
عبدالزناتى,عبد
الزمرونى,الز
السيدالشبلى,السىد
الامناس,آلا
عمرعمرعامر,عمرعمر
بدرالمعاطى,بدر
عبدالمجيد عبدالعاطى,عبد
السيدالجناينى,السىد
عبدالحميدالروينى,عبد
عبدالحميدالقرموطى,عبد
الجبرينى,الجب
السيد نجم,السىد
منصورغمرى,منصور
محمود زكى,محمود
محمودمحمدعبدالهادى,محمود
محمدالفواخرى,محمد
روزاريا,روزا
عبدالعزيزالغندور,عبد
سميرعبدالمقصود,سمير
عبدالسخى,عبد
السيد عبدالصمد,السىد
مختارغنيم,مختار
محمديمان,محمد
محمودالحبشى,محمود
الدكتورعبده,الدكتور
كنوزالرحمن,كنوز
السعيدالهندى,السعيد
الجعوينى,الجعو
ميركال,مير
السيدالنبلاوى,السىد
طاهرافندى,طاهر
السدله,الس
احمدعليم,إحمد
السيدجاب,السىد
عيدالتربانى,عيد
الوتين,الو
ناصرالاسلام,ناصر
عبدالغفارخاطر,عبد
عماراللبودى,عمار
احمدالكومى,إحمد
عبدالمقصود عبدالغنى,عبد
بكر يوسف,بكر
ولدعوض,ولد
احمد رمزى,إحمد
حمدالعسيلى,حمد
العلاحسن,العلا
عبدالحميدهاشم,عبد
محمدالطاهرالسيد,محمدالطاهر
السيد غالى,السىد
السيدالدراوى,السىد
محمدهديوه,محمد
البازقنا,ألباز
السيد بيومى,السىد
السيدالعزازى,السىد
الاكياد,آلا
محمدالبشاوى,محمد
بدرسلامه,بدر
عمرمنظور,عمر
محمدعرايس,محمد
عبدالشحات,عبد
عوادعفيفى,عواد
محمودخضره,محمود
عبدالغفارمتولى,عبد
احمدعنان,إحمد
منصورعبدالظاهر,منصور
محمدابوالهدى,محمد
محمدالطحاوى,محمد
سيد الصادق,سيد
السيد طلبه,السىد
عبدالررازق,عبدالر
عبدالمقصودغمرى,عبد
احمدمحمدعبدالرحمن,إحمد
اميرالتوم,آمير
عبدالسيدعامر,عبد
السيدمحمدسليم,السىد
محمدمحمدمجاهد,محمد
مجاهدجاب,مجاهد
السيد الشاذلى,السىد
عبدالحميدمامون,عبد
مختارعرابى,مختار
محمد طلب,محمد
بازحسين,باز
محمدالبطاحى,محمد
عبدالحميد الشناوى,عبد
عبدالرحىم,عبد
محمودغمرى,محمود
محمدمحمودحسن,محمد
عبدالعزيزبهى,عبد
محمدالجلاد,محمد
احمدمحمدحسين,إحمد
احمدالمقدم,إحمد
سعيد عليوه,سعيد
عبدالحميدغتورى,عبد
عبدالعزيزعبيه,عبد
سوتيريا,سوتى
جرجنازى,جرج
الطاهر عبدالعظيم,الطاهر
عبدالسميح,عبد
محمد ابوسته,محمد
صابرفراج,صابر
بابنسى,باب
منصورسالمان,منصور
حمدرضوان,حمد
تيسيريوسف,تيسير
العبدالكاشف,العبد
سىلامه,سيل
العبدالمغربى,العبد
عبدايوب,عبد
العبدالخليلى,العبد
محمدالساهى,محمد
الجرحاوى,الجر
عيدالعبد,عيد
العوابده,العوا
الزمورى,الز
السيد عليان,السىد
بدرصادق,بدر
عبدحميدو,عبد
محمدمعالي,محمد
ادهنين,اده
السيداللبان,السىد
حامد ناجى,حامد
شاكربطرس,شاكر
عيادوهبه,عياد
شاكرفرج,شاكر
بهاءمازن,بهاء
عبدالمقصودخليفه,عبد
محمدظافر,محمد
كانيوار,كانى
هدهودة,هده
منتصر عبدالحميد,منتصر
أحمدالشمندى,إحمد
درديرطرفاوى,دردير
تميثاوس,تمي
جابربدروس,جابر
محمد عايد,محمد
محمددكرورى,محمد
محمدشاذلى,محمد
سعيد بطرس,سعيد
سعد جرجس,سعد
احمدالفولى,إحمد
عبدالجيدعثمان,عبد
انوربرديسى,أنور
ايلينور,ايلى
بكرمسعود,بكر
اليانوس,ألى
احمدصاوى,إحمد
احمدمرز,إحمد
عيدالاسلام,عيد
محمدنزلاوى,محمد
عبدالعزيزفلاح,عبد
عبدروبى,عبد
عبديعقوب,عبد
الأصنعى,آلا
فهدعلى,فهد
جبربدينى,جبر
احمدالسيدخاطر,احمدالسيد
عمر عزام,عمر
منذرالسيد,منذر
ناصر عياد,ناصر
وليانس,ولي
محمدحفيظ,محمد
اليساندرا,ألى
محمودالباجورى,محمود
خضرجويد,خضر
عبدألاول,عبد
شردانى,شرد
سرانيل,سرا
ميلانور,ميل
ماريفل,مار
محمدالشرقى,محمد
معتمدعبدالعزيز,معتمد
جولياك,جول
جادابوالحسن,جاد
انجولا,انج
دورسينا,دور
عزيزسيفين,عزيز
الدعبيسى,الد
محمدالعاصم,محمد
محمودعسران,محمود
محمود ابوشوشة,محمود
سعيدقلاده,سعيد
الساني,الس
محمود صفوت,محمود
عليوعشرى,عليو
احمد فخرى,إحمد
عبدالمفتي,عبد
عبدالألاه,عبد
ميلفينا,ميل
بكسموس,بكس
عبدالجيدسليم,عبد
القطيبى,الق
محمدالحامدي,محمد
مراد محمود,مراد
احمد توفيق,إحمد
عبدالواحدعلي,عبد
ناصر حربى,ناصر
محمدالقرين,محمد
عاشور عليان,عاشور
درديرسيد,دردير
ريفالا,ريف
العشاوى,العش
مرجلوس,مرج
محمد محسن,محمد
سيداحمدالصغير,سيد
سندرينا,سند
القراوش,القر
احمد ابواليسر,إحمد
علاءالنوبى,علاء
محمودمحمدالبدرى,محمود
محمدالرضى,محمد
ابادجانه,أبا
محمدالضيفى,محمد
سعدهلالى,سعد
احمدالضوى,إحمد
احمدالسنوسى,إحمد
محمدركابى,محمد
طاهرالطيب,طاهر
الطاهر عطيه,الطاهر
بندراني,بندر
عبدروفائيل,عبد
اليجاندرو,ألى
جوردليا,جور
البيسرى,البي
ارسينى,ارس
أدريانو,ادري
حناطوس,حنا
محمدالبيطار,محمد
فلافيو,فلا
ابانوفا,أبا
جينفيال,جين
احمدالحفناوى,إحمد
عمر قناوى,عمر
عبداللمام,عبد
سلمونى,سلم
احمدناير,إحمد
فؤادصادق,فؤاد
سيدالاباصيرى,سيد
سيد عبداللاه,سيد
بكرجوده,بكر
محمدسقاو,محمد
مرسلينا,مرس
محمدالطعمي,محمد
محمدالطعمى,محمد
عبدتناغو,عبد
اناميرا,آنا
حامدالحفني,حامد
ماريوهان,ماريو
ألامير,آلا
محمود خيرى,محمود
أدريانا,ادر
ماهر حسين,ماهر
مسعود محمود,مسعود
روستينا,روس
أباقسطور,أبا
نصيريونس,نصير
سلودين,سلو
المريسى,المر
جاد عطيه,جاد
الدفقش,الد
نيرمينا,نير
محمدجادالرب,محمد
محمدوفقى,محمد
أحمد قدرى,إحمد
احمدرؤف,إحمد
الجعلوط,الجع
سيرافينا,سيرا
احمدمرتضى,إحمد
محمدالديك,محمد
كروانى,كرو
جابردياب,جابر
عنترحمدان,عنتر
الجروهجرس,الجرو
الكبيراحمد,الكبير
عبدالقس,عبد
محمود أبوالعزم,محمود
عزيزصادق,عزيز
فليدوس,فلي
سيداحمدصلاح,سيد
جراندين,جرا
زاكرين,زاك
عيدمبروك,عيد
محمدهساى,محمد
سيد عرفات,سيد
محمد ابوعماره,محمد
نصرالرجال,نصر
مندورابوبكر,مندور
عبدالعزيزجابر,عبد
سعدالجندى,سعد
الكرشانى,الكر
حامدابوحسين,حامد
محمدالبمباوى,محمد
مختارطاهر,مختار
الخضراحمد,الخضر
عبدالعزيزالشاذلى,عبد
عبدحافظ,عبد
عبدالشامى,عبد
محمدالاصيلى,محمد
الطرشمانى,الطرش
نورالخطيب,نور
عبدالعزيزالصاوى,عبد
قمرمعارك,قمر
السيدالشباسي,السىد
احمدالملواني,إحمد
سعدالعفيفي,سعد
احمدالمراكبى,إحمد
السيدابوحسين,السىد
عمارةالشورة,عمارة
محمودخليفة,محمود
السيدصابر,السىد
ياسرهاشم,ياسر
سعدعقل,سعد
احمدشعيب,إحمد
الانسانى,الان
الاميريحى,الآمير
محمدالمهندس,محمد
السيدالزينى,السىد
محمدالمظالى,محمد
السيدربيع,السىد
شاكرمنصور,شاكر
احمدعبادة,إحمد
عبدالعزيززيد,عبد
عبدالقادرالسنباطي,عبد
زكرياشرف,زكري
عبدحراز,عبد
الدلمى,الد
محمدالهطيل,محمد
شهدالاصيل,شهد
صابرابوهاشم,صابر
الديماوى,الدي
البطرويش,البط
احمدنعمه,إحمد
عبدالقادرابوعاليه,عبد
عبدالعزيزالكومى,عبد
عبدالعزيزالشوبرى,عبد
عبدالقادرعبدالعال,عبد
سيداحمدالفار,سيدأحمد
انورالسيدعطيوى,انورالسيد
عبدالمجيدابوالنجا,عبد
علىحماده,علي
محمدعفان,محمد
انوررجب,أنور
سيداحمدهيكل,سيدأحمد
عبدالمجيدعاشور,عبد
عبدالمجيدالطنطاوى,عبد
بديرمحمود,بدير
عمرعبدالمولى,عمر
محمودعمام,محمود
العبدالمسيرى,العبد
عبدالعزيزعبدالعزيزعبدالخالق,عبدالعزيزعبدالعزيز
عبدالحميدفهيم,عبد
عبدالقادررمضان,عبد
العبدالشربينى,العبد
محمودالدهان,محمود
السيدالعاصى,السىد
عبدالعزيزرزق,عبد
علىالفخرانى,علي
عبدالالهى,عبد
علىخشب,علي
عوادالقاضى,عواد
عبدالغفارطلخان,عبد
احمدالمنسى,إحمد
السعيدالعربى,السعيد
العبدالحماقى,العبد
عبدالقادرعرفه,عبد
السيدالحويطى,السىد
عبدالمقصودبدر,عبد
حمادابراهيم,حماد
احمدالسنديونى,إحمد
محمدالقورى,محمد
محمدالسروجى,محمد
سيدعبدالباقى,سيد
احمدالكردى,إحمد
عبدالعزيزالسايس,عبد
ماهرعطيه,ماهر
اليازيدى,إليا
السيدالجليند,السىد
حعفرمحمد,حعفر
السيدالسرجانى,السىد
بدرموسى,بدر
سعيدالعلومى,سعيد
سميرعبدالجواد,سمير
بشيرموسى,بشير
عمرابوالمجد,عمر
محمداحمدشرف,محمدأحمد
بكرداود,بكر
بديرمحمدالحملى,بديرمحمد
محمودالعوضى,محمود
مسعودالقطب,مسعود
السيدشهاب,السىد
عبدالعزيزواعر,عبد
سعدابوحسن,سعد
العشرىمحمد,العشري
الاميرعلاء,الآمير
عبدالقادرالشرق,عبد
عبدالغفاريوسف,عبد
صابرالسباعى,صابر
احمدالعصفورى,إحمد
محمدزنفل,محمد
محمدابوجبل,محمد
محمدالسطوحى,محمد
السيدابوراضى,السىد
الدميشتى,الدمي
الغرالي,الغر
احمدالرجبى,إحمد
محمدالكريمة,محمد
حمادوه,حما
السيدعايد,السىد
صابرالحدينى,صابر
منصورسعدة,منصور
الجوادالغريب,الجواد
ياسرصابر,ياسر
عبدالعزيزالمليجى,عبد
علىالشرنوبي,علي
احمدالبهوتى,إحمد
احمدابوزهرة,إحمد
الدعرونة,الدع
ريفيانا,ريف
محمدابوضوه,محمد
عبدالحميدالبسطويسى,عبد
السبيعة,الس
صابرجعفر,صابر
السنجنى,السن
بدرالزين,بدر
الششتاوىالبسيونى,الششتاوي
حامدسيد,حامد
مايزالعفيفي,مايز
السيدجميعه,السىد
سيداحمدالجمال,سيدأحمد
سهيراشرف,سهير
العبدالبسيونى,العبد
السباعىزيدان,السباعي
عزيزحريز,عزيز
محمدشعلان,محمد
محمودالشهابى,محمود
حسبوعبدالعاطي,حسبو
السعيدالتهامى,السعيد
محمدالسباك,محمد
عبدالحميدادم,عبد
سيداحمدحواس,سيدأحمد
انورياسر,أنور
عبدالقادرسنجر,عبد
سعيدالربعه,سعيد
محمودباظه,محمود
محمدمنوفى,محمد
احمداحمديوسف,إحمد
عبدالغفارالشاذلى,عبد
نصرالسعدنى,نصر
عبدالودودالسعدنى,عبد
سيداحمدالصعيدى,سيد
الششتاوىسلامه,الششتاوي
محمدالسماحي,محمد
الفضاء,الف
عبدالمجيدرمضان,عبد
عبدالغنىمصطفى,عبد
الطاهرالطاهر,الطاهر
عبدالقوىمحمد,عبد
زكرياغنيم,زكري
سعدعبدالدايم,سعد
محمدحمامة,محمد
رشادالدسوقى,رشاد
احمدالنمر,إحمد
احمدالغياتى,إحمد
احمدراجح,إحمد
الكلبشاوي,الكل
سيداحمدسنه,سيدأحمد
محمدكرتانه,محمد
عبدالعزيزالاشوح,عبد
سعدالششتاوى,سعد
سعدسرحان,سعد
السيدسلطان,السىد
اسعدسيداحمد,أسعد
الجاحوش,الجا
محمودالخطيب,محمود
مختارالطوخى,مختار
عبدالعزيزرشدان,عبد
نصرشكر,نصر
عبدالقادرحجازى,عبد
رشادانس,رشاد
محمدالدراجينى,محمد
عبدالصمدالسيد,عبد
ناصرسالم,ناصر
غناميه,غنا
عبدالمجيدبسيونى,عبد
سيددمرداش,سيد
محمدابوالغيط,محمد
عيدالعربي,عيد
احمدالدميرى,إحمد
عبدالعزيزالقالب,عبد
احمدالقالب,إحمد
محمدحميدان,محمد
السيدسعد,السىد
محمدالشيخى,محمد
فتحىالسيد,فتحي
فوزىابراهيم,فوزي
جبرالنويهى,جبر
صابرمخيمر,صابر
سميرعبدالوهاب,سمير
عبدالعزيززيدان,عبد
عطارزق,عطا
عبدالهادىابوطير,عبد
فوزىسيف,فوزي
عبدالحميدنصار,عبد
عبدالغفارالفقى,عبد
عبدالقادرالشاذلي,عبد
محمدالعقبى,محمد
عبدالعزيزابويوسف,عبد
عبدالعزيزعبدالمقصود,عبد
محمودمنتصر,محمود
احمدالغرينى,إحمد
مختارالصاوى,مختار
الوابوري,الو
عبدالظاهرالسيد,عبد
حامدمنصور,حامد
محمدمحمودعيسى,محمد
السيدشريف,السىد
محمدابوشحاته,محمد
سميرسليمان,سمير
محمدصابرعبدالخالق,محمدصابر
عبدالشهيدعبدالمجيد,عبد
محمودحشاد,محمود
عبدالمعتمدقنير,عبد
عبدالمجيدمطر,عبد
عبدالقادرحزين,عبد
محمدابونجله,محمد
عبدالبرالصعيدي,عبد
عبدالواحدالعبد,عبد
نصرابوديه,نصر
مختارشرعان,مختار
اليسيونى,اليسى
ايواسماعيل,أيو
عبدالمصمد,عبدالم
حمدعبيد,حمد
دنياهشام,دنيا
عامرالفرماوى,عامر
الشعشاش,الشع
صابرالصعيدى,صابر
عبدالقادرابوبسيوني,عبد
عبدالقادرغازى,عبد
السيدمقلد,السىد
عبدالقادرالبكر,عبد
جبرخطاب,جبر
جادشامة,جاد
بشيرالكومي,بشير
سعيدابوالقمصان,سعيد
بكرالحشاش,بكر
محمداليزيدي,محمد
ماكسويل,ماكس
محمدالاغا,محمد
اسكندرشنوده,إسكندر
محمدالمدمس,محمد
محمدابوعاشور,محمد
احمدوهبه,إحمد
العبدالرحمن,العبد
منصورحمزة,منصور
ايوالعلا,أيو
عبدالجوادابوشوشه,عبد
صابرخلف,صابر
سنهارة,سنة
الدقوش,الد
عمرسلام,عمر
عبدالكيفى,عبد
الصمدعبدالعليم,الصمد
السيدمحمدعبداللاه,السىد
جرايحى,جرا
نورالبدور,نور
عبدالشاقى,عبد
السلوس,الس
الجلدانى,الجلد
ميدرولا,ميدر
احمدوشهرته,إحمد
ميارعبدالقادر,ميار
ميرمار,مير
محمدالسنارى,محمد
ايوالوفا,أيو
البددري,البد
سيداحمدعبدالموجود,سيدأحمد
رانداالقذافى,راندا
عبالموجود,عبا
معاذعبد,معاذ
هاجرعبدالعال,هاجر
احمدسعدون,إحمد
جابرعباس,جابر
احمدالصباح,إحمد
عبدالواصف,عبد
عبداموجود,عبدا
محمدنجدي,محمد
زيدالعجاج,زيد
نيرفينا,نير
عبيرعبداللطيف,عبير
مظهرعلى,مظهر
دنورعبد,دنور
عمرعبدالحكم,عمر
نداءجمال,نداء
عمارياسر,عمار
محمدورد,محمد
محمدالصواف,محمد
الزهراءاسعد,الزهراء
اسماءماهر,إسماء
القزملي,الق
داليندا,دال
بكرالتابعى,بكر
العزسحلول,العز
سماءعلاء,سماء
الزنجى,الز
صفاعبد,صفا
خالدابوالمعاطى,خالد
ضياءحسن,ضياء
كوستية,كوس
السيدزياده,السىد
هاجرطاهر,هاجر
سعادمحمد,سعاد
بكرالامام,بكر
الفالى,الف
عبيدعبدالرؤف,عبيد
الشيماءمحمد,الشيماء
العزمنصور,العز
احمدالمليجى,إحمد
ذيدعلى,ذيد
احمدفؤادشتيه,أحمدفؤاد
احمدزاهر,إحمد
منارمنير,منار
حمدينوعبد,حمدينو
الماموني,ألما
محمودعبدالشكور,محمود
احمدصابرعبده,إحمد
الاسحم,آلا
الخيررمضان,الخير
شهدابراهيم,شهد
حلمىاحمد,حلمي
السريف,الس
اولوجية,أول
الحابر,الح
صلبرين,صلب
عبالحكيم,عبا
خالديه,خال
أبرسكله,إبر
أغاريد,آغا
جابررضوان,جابر
أباكير,أبا
الهالمي,إله
ربحانه,ربح
راضانى,راض
محمودحداقه,محمود
طارقمحمد,طارق
عدالمغيث,عدال
جادامين,جاد
مارتيا,مار
محمدالقذافي,محمد
الدكيم,الد
النوالى,آلن
الراهيم,الر
سعدقاسم,سعد
احمدعبدالجوادعبدالرحيم,أحمدعبدالجواد
القناوىعبدالجواد,القناوي
باتععبدالمحسن,باتع
اسراءعبدالغفار,أسراء
سلامهعبدالعال,سلامة
هاشمعبدالتواب,هاشم
عويسعبدالمهدى,عويس
عبدالمجسن,عبدالم
عليعبدالمقصود,علي
زيزينيا,زيزي
حمودمحمود,حمود
عبدالواحدعبدالوهاب,عبد
عبدالاحميد,عبد
قندديل,قند
محمدعبدالفضيل,محمد
ميرينس,مير
محمدابوكرم,محمد
عبدالعزيزمسلم,عبد
فؤادسيد,فؤاد
عبداللقادر,عبد
عبداالعليم,عبدا
محمدمنيب,محمد
السيدزكي,السىد
النعناني,آلن
العزيزعتمان,العزيز
عدالغني,عدا
حسانعبدالكريم,حسان
علدالعظيم,علد
العيسةى,العي
البراماوى,البرام
الجوهوى,الجو
عبدالغال,عبد
ابراهيمعطوى,ابراهىم
الشرقوى,الشر
تبراهيم,تبر
الحفنة,الح
عبدالحميدعرجاوي,عبد
منصوراحمدالبسطويسي,منصورأحمد
احمدعبدالعزيزعبدالحليم,إحمد
منصورهنداوي,منصور
عاشورعبدالقوى,عاشور
وليدصالح,وليد
اموالي,امو
صقرموسي,صقر
جادالوكيل,جاد
اسراءعبدالناصر,أسراء
القابيل,الق
مسعودابو,مسعود
علاءعبدالحميد,علاء
عبدالستارعبدالحليم,عبد
البنانوني,البنا
زيادعبدالحفيظ,زياد
اميرحميد,آمير
الحوسين,الحو
خيرفرج,خير
خالدعثمان,خالد
مصراني,مصر
الدميس,الد
صابرحسانين,صابر
العترعيش,العتر
الأسداوى,الاس
ابادار,أبا
شرويدى,شرو
الفللى,الف
سعيدعبدالرازق,سعيد
منارمطريد,منار
عطاالسعيد,عطا
اليازل,ألى
ياسرايمن,ياسر
جودةمنصور,جودة
الهمدى,إله
شاكرنسيم,شاكر
الغرماوى,الغر
منارخالد,منار
عبدالعزيزرجب,عبد
النارى,آلن
عيدعبدالمقصود,عيد
جنلانه,جنل
الاهده,آلا
عدالعال,عدا
عطيةالعربى,عطية
الشنباتى,الشن
الأنورمحمد,آلا
غزلانى,غزل
نورممدوح,نور
عمرفرج,عمر
اوبالعنين,اوب
محمدقلقيله,محمد
عبدالعزيزعبدالعزيزعطيه,عبد
صابرشحاته,صابر
الريدينى,الريد
ميناوى,مين
الطنبراوى,الطن
الديمرداش,الدي
سعيداشرف,سعيد
القاقله,القا
القافلة,القا
لقافله,لقا
الجبيدى,الجب
رندهان,رند
رشادالسعيد,رشاد
رشاعبدالمنعم,رشا
عبداالناصر,عبدا
طاهرعباس,طاهر
النبدى,آلن
محمودنبيل,محمود
سليمالن,سليم
رنياعثمان,رنيا
العزيزحبة,العزيز
اسامةاحمدابو,اسأمه
سميرالنبوى,سمير
نظيرزكريا,نظير
محمدشولح,محمد
شهدعصام,شهد
القادرطنطاوى,القادر
محمدالبصراطى,محمد
الغزنونى,الغز
طاهرالجمال,طاهر
احمدالفيومي,إحمد
تامرعادل,تأمر
مسعدالخضرى,مسعد
انورعزت,أنور
نورتين,نور
طرابولى,طراب
الصيرمى,الصي
الزهراءابراهيم,الزهراء
نورهنده,نور
خالدناصر,خالد
الحميدالحسينى,الحميد
الفدله,الف
دنياعبد,دنيا
نادرالبدرى,نادر
حامدحامدحامدابراهيم,حامدحامد
فايزخليل,فايز
خاطرشرة,خاطر
السيدعوضين,السىد
ماهرمحمود,ماهر
الرازقعبد,الرازق
طاهرخريزة,طاهر
خالدالسيدالسيد,خالد
صابرفريد,صابر
محمودالعجيري,محمود
ماهرفتحي,ماهر
هبةاحمد,هبة
الديوسى,الد
السيدعقده,السىد
محمودمتيرد,محمود
المقصودسريه,المقصود
نادرفرج,نادر
احمداحمدعبدالفتاح,إحمد
الذقزوق,الذق
سمرمحمود,سمر
عمرهانى,عمر
ياسمينامحمد,ياسمين
احمدمسعد,إحمد
احمدكيوان,إحمد
طاهرحسوبة,طاهر
السيدنبيه,السىد
بكرالجوجرى,بكر
معاذمحمد,معاذ
اياداشرف,آياد
ميرناعادل,ميرنا
السيدالشريف,السىد
الخيرالبساطى,الخير
محمدالبرش,محمد
حياةعصمت,حياة
احمدالبعليط,إحمد
نادرعبد,نادر
سميرالعلاوى,سمير
سالمةعواد,سالمة
عمادالبسيونى,عماد
الزقاوي,الزق
نصرابوصالح,نصر
الزغموري,الزغ
عبدالعزيزالزيات,عبد
سعدالسويسى,سعد
السعيدالعوادلي,السعيد
القادرامام,القادر
جابرالمتولي,جابر
صالحانى,صالح
نهادرضا,نهاد
انورحبيب,أنور
المعطىماجد,المعطي
هناءعبد,هناء
محمدالسعيدالشربينى,محمدالسعيد
محمودالسيدابراهيم,محمود
الشكورعلى,الشكور
الزايدى,الز
هاجرفتحى,هاجر
القبينى,الق
الجوربحى,الجو
عبدالحميدعويس,عبد
الغرياوى,الغري
عماررمضان,عمار
العيسلى,العي
محمدخالدمحمدابراهيم,محمدخالد
بازيدي,باز
الدوادى,الد
القنوى,الق
سموربرتان,سمور
القباز,الق
بدرحماد,بدر
عمروعبدالرحمن,عمرو
احمدفرح,إحمد
مقاردوس,مقار
موزناروز,موز
السيدالسندروسى,السىد
محمدعبدالمجيدشطا,محمدعبدالمجيد
احمدالنحراوى,إحمد
ايةاحمد,إيه
البازحموده,ألباز
السعيدابوالسعود,السعيد
محمودالامام,محمود
السعيدالجوادى,السعيد
جادالشيطى,جاد
عبدالصمدالدرينى,عبد
وليدعبدالخالق,وليد
السياس,الس
البشلوى,البش
الطارونى,الطا
صابرحبيب,صابر
تغريدايمن,تغريد
محمدالسيدعطا,محمدالسيد
روميساءاحمد,روميساء
فؤادخليفه,فؤاد
الاوندي,آلا
سليسمان,سلي
علاءعماد,علاء
خلودحسن,خلود
مسلمالمغلاوي,مسلم
الابلجى,الأب
ميارصابر,ميار
محمودغزال,محمود
بكرفرج,بكر
شطاعيسى,شطا
منصورشخروبه,منصور
عمارقاسم,عمار
محمودعرابى,محمود
محمودياسر,محمود
سهرمحمد,سهر
محمدغياتى,محمد
سعيدعابد,سعيد
الهوينى,الهو
الرحجى,الر
ذكريامحمد,ذكري
رضاعبدالغنى,رضا
محمدالسؤالى,محمد
احمداحمدقريع,احمدأحمد
الطبشان,الطب
محمدمنسى,محمد
المصفاوي,المص
دعادور,دعا
العرايفي,العر
عامربدران,عامر
الصغيرعمران,الصغير
محمدصباح,محمد
محمدسبع,محمد
جريرالشامخ,جرير
الحروانى,الح
حمداللهمحمد,حمداللة
الادارة,آلا
محمدابوالعز,محمد
احمدعزازى,إحمد
حسانىن,حسا
سميرعبدالنبى,سمير
السعيدعبدالكريم,الس
الحيونى,الحي
محمدغنى,محمد
السعدوى,الس
محمدالسادات,محمد
جويانا,جوي
عبدانناصر,عبدان
عبيرعبدالبر,عبير
اسماءحمدي,إسماء
عبيرمحمدعلي,عبير
جادالكر,جاد
عبدالعظيمعبدالجواد,عبد
جابرقرنى,جابر
اسماءحمدى,إسماء
عبيرمحمدعلى,عبير
عبدالحميدراضى,عبد
عبدالعزيزالقرش,عبد
الاميرحمدى,الآمير
محمدالمنياوي,محمد
عبدالمحروس,عبد
محمدمحمدالشريف,محمد
السيدعمارة,السىد
صابرعبدالخالق,صابر
السيدصادق,السىد
محمدالبرقطاوى,محمد
عامرخربوش,عامر
احمدالجيزاوى,إحمد
عامرسلامه,عامر
الشعروى,الشع
سعدحموده,سعد
محمدرفقى,محمد
السحيني,الس
مسعددسوقى,مسعد
حامدشومان,حامد
الصغيرعبدالهادي,الصغير
السيدجزر,السىد
جمعةعمر,جمعة
احمدحلوه,إحمد
وليدعبدالحميد,وليد
السيدحبيب,السىد
عبدالتبى,عبد
محمدرسمى,محمد
عطوهداود,عطوة
عبدالمجيدالخشاب,عبد
سلامةالجزار,سلامة
محمدىحيى,محمد
جوسمين,جوس
سيدرضا,سيد
احمدالمصري,إحمد
عيدرزق,عيد
محمودالقط,محمود
احمدرمش,إحمد
محمدالاصم,محمد
محمودالخلفى,محمود
عبدالصمدشوعه,عبد
محمدالعدس,محمد
محمدبلبول,محمد
احمدالطوبجى,إحمد
عاشورموسى,عاشور
محمدالدهشوري,محمد
سيدالشاذلي,سيد
سيدابوسعودي,سيد
سميرسابق,سمير
عيدالقطامى,عيد
احمدابوعيشة,إحمد
بكرالمحاريق,بكر
عمرهارون,عمر
اعبدالمجيد,اعبد
محمدعطايا,محمد
الاسماء,آلا
الاالاتى,آلا
عبداللضيف,عبد
عبدسلام,عبد
عيدجابر,عيد
محمودعكة,محمود
عبدالقادرالخولى,عبد
نصارفراج,نصار
عبدالراوي,عبد
الدحوي,الد
عبدالجيدمحمد,عبد
سيدعبدالنبى,سيد
ايوسريع,أيو
عبدالحميدالحفناوى,عبد
سلامةالبركاوى,سلامة
سعيدالطاهر,سعيد
عبدالغباشى,عبد
محمدابوعجور,محمد
عبدالجليم,عبد
خيربربري,خير
عمرالشوري,عمر
ايميلين,أيمي
كيربوس,كير
محمدهاله,محمد
عبدالموجد,عبد
دنجلاوى,دنجل
احمدالقرش,إحمد
صابرمعوض,صابر
احمدالشينى,إحمد
احمدكساب,إحمد
سيدعمارة,سيد
الشرشيرى,الشر
عدالرازق,عدا
فرجينىا,فرجى
عبدالموهيمن,عبدالمو
عبدالمقصودالدقميرى,عبد
عمرالحداد,عمر
الطنلني,الطن
غبدالمنعم,غبد
غبدالجواد,غبد
الجعدانى,الجع
عيدالسميع,عيد
البنداوى,البن
سيدالطوخى,سيد
احمدابوسالم,إحمد
اباجوري,أبا
عبداالدايم,عبدا
عبدظاهر,عبد
رفاعىشرف,رفاعي
سيدرزق,سيد
محمدالعطاري,محمد
عبدالعزيزالعطاري,عبد
محمدابر,محمد
جعفراوي,جعفر
البطرواى,البط
العودالى,العو
مصطفىقراميط,مصطفي
اسامةمحمود,اسأمه
طاهراسعد,طاهر
الكراتى,الكر
ابراهيسم,ابرا
الوليل,الو
مصطفىدحروج,مصطفي
بدرعبدالهادى,بدر
الهلوى,إله
ميلشها,ميل
جادعرفه,جاد
البرجولى,البر
الصبانى,الصب
عبدالرحمنت,عبدالرح
مجاهدعزب,مجاهد
سميرفتحي,سمير
السيدابوالعطا,السىد
صابرعيد,صابر
سميرمهتدى,سمير
فريدالسيد,فريد
مسعدمعيوي,مسعد
حلاعزت,حلا
احمديسين,إحمد
عمرابوملوة,عمر
منيربعيله,منير
عاشورالابلق,عاشور
طاهريحيي,طاهر
سعدتعيلب,سعد
طاهرشبانه,طاهر
عاشورعيد,عاشور
طاهرطاهر,طاهر
العزيزالهيهى,العزيز
نصرالجحر,نصر
محمدالعقاد,محمد
ابرارهاشم,أبرار
سمابدران,سما
ياراعبده,يارا
مختارالداودي,مختار
عبدلاشين,عبد
القادرالكفافى,القادر
بكارعبد,بكار
سامراسامه,سامر
احمدجاهين,إحمد
اسامةالعربى,اسأمه
جابرعطية,جابر
حامدالعدوى,حامد
صابرحمد,صابر
عبدالحميدعلوى,عبد
اسماءشريف,إسماء
احمدعزيز,إحمد
رويدامحمد,رويد
جبرعبدالفتاح,جبر
سعدجبر,سعد
محمدابوالعيله,محمد
الزحلاق,الز
محمدالبسنديلى,محمد
احمدالمغازى,إحمد
احمدالشكشاكى,إحمد
الشاريدى,الشا
الورين,الو
القريفان,الق
احمدالنوبى,إحمد
سيدحلمى,سيد
محمدالمشهورخليل,محمدالمشهور
ايوالمعارف,أيو
محمدظهرى,محمد
محمدالمامون,محمد
روافئيل,رواف
عزالانصارى,عزال
السيدالنجمى,السىد
عبدلراضى,عبد
ساندريد,سان
عبدالحميدحسان,عبد
احمدمحمدالروبى,احمدمحمد
معبداسماعيل,معبد
عاشورعبدالمجيد,عاشور
عبدسيف,عبد
معبدعبدالمطلب,معبد
سيدربيع,سيد
عزيزنجيب,عزيز
عبدالصمدالروبى,عبد
جورفيان,جور
عيدراتب,عيد
عبدالصا,عبد
عبدالمعبو,عبدالم
فرحانى,فرح
سيدعبدالعليم,سيد
الزعفران,الزع
اباديرابراهيم,أبادير
معبدحمد,معبد
معبدبيومى,معبد
عبدجمعه,عبد
مخيمرعبدالقوى,مخيمر
عبدالقادرعبدالرسول,عبد
خضرعبدالحميد,خضر
عبدالستارعيسى,عبد
محمدعبدالونيس,محمد
حاملين,حام
بدرعيد,بدر
عيدغيضان,عيد
عبدالمجيدابوحمده,عبد
صابرعبدالباسط,صابر
منجودعلوانى,منجود
عطيةخميس,عطية
بكرامبارك,بكر
عبدالجوادرمضان,عبد
عبدالحميدالروبي,عبد
عمرالعادل,عمر
عبدنصر,عبد
عبدالمقصودعبدالعليم,عبد
معبدبركات,معبد
عبدالمعزعلى,عبد
عبدالمعبودسيف,عبد
عبدالمعبودعبدالرحيم,عبد
عببدالحليم,عببد
عبدعلام,عبد
محمودعبدالتواب,محمود
عبدسالم,عبد
عمارعبدالسلام,عمار
عبدزيدان,عبد
مجاورعيسى,مجاور
مشهورعبدالغنى,مشهور
النصرمصباح,النصر
عبدالجوادحميده,عبد
عمرعبدالغنى,عمر
عبدعبدالمجيد,عبد
عبدالحمي,عبد
عبدالحفي,عبد
منصورمغيره,منصور
سيدابوسيف,سيد
محمودحبيشى,محمود
خضيرصقر,خضير
عبدالممجيد,عبدالم
العيسرى,العي
عبددرينى,عبد
محمودميهوب,محمود
العبدعبدالعزيز,العبد
محمدجادالحق,محمد
القبيش,الق
شيلانى,شيل
معبدنادى,معبد
عبداللمقصود,عبد
الرايف,الر
هاشممحمد,هاشم
معبدفرج,معبد
معبدعبدالكريم,معبد
صابرالجاهل,صابر
محمدعبدا,محمد
عزوزعبدالعال,عزوز
سعيدفيض,سعيد
معبدعبدالبصير,معبد
عبدالصمدعبدالعزيز,عبد
عبدالمعبودعلى,عبد
عبدالمجيدعبدالقادر,عبد
عبدالحميدعبدالعليم,عبد
معبدعبدالمهدى,معبد
عبدالمقصودعبدالعال,عبد
سعدعبدالهادى,سعد
سعيدعبدالجليل,سعيد
عبدالمقصودخلف,عبد
السيدمصرى,السىد
عبدالجو,عبد
منصورغيضان,منصور
عبدالحميدعبدالبارى,عبد
عبدالستارعشيرى,عبد
حلبوده,حلب
ستهابى,ستة
عبدالمجيدمجاهد,عبد
عبدالمجيدحسان,عبد
عبدالستارحميده,عبد
محمداسيداحمد,محمدا
النميرىعبدالسلام,النميري
عبدالرؤفعبدالفضيل,عبد
شحتوعبدالموجود,شحتو
مناردكتور,منار
منارشمس,منار
عبدالظاهربنودى,عبد
عبدالموجوددردير,عبد
رضوىحفنى,رضوي
شاهندهعبالناصر,شاهندة
عبدالغنىاحمد,عبد
هويدابركات,هويدا
مختارناصر,مختار
مدكورعطية,مدكور
شاكرقناوى,شاكر
صابرفريج,صابر
جدالكريم,جدا
نورلدين,نور
ابرالوفا,إبر
جابرقناوى,جابر
عبدالجوادهمام,عبد
ابانون,أبا
احمدجاويد,إحمد
ناصرخيرى,ناصر
عنترعبداللاه,عنتر
جادالكرىم,جاد
جادمحمد,جاد
عيدالعليم,عيد
احمدخالدعبدالباسط,أحمدخالد
احمدبطيخ,إحمد
العزيزحسان,العزيز
النصرالسمان,النصر
فكرىمحمد,فكري
محمدابوالحمد,محمد
ندااكرم,ندا
نوراعنتر,نورا
الصاحىابوضيف,الصاحي
حربيمحي,حربي
بيومىعبدالراضى,بيومي
عبدالهادىقناوى,عبد
فتحىعبدالموجود,فتحي
مرازىابوالمكارم,مرازى
عبدالباقىعبدالنعيم,عبد
بيومىابوالحسن,بيومي
حمدىابوالمعارف,حمدي
جادالكريمابوالوفا,جادالكريم
محمخود,محم
عنترمعبد,عنتر
الاناني,آلا
محمدعبدالوحيد,محمد
منتصرعبدالواحد,منتصر
زاهرعبداللطيف,زاهر
الاسمرعبدالواحد,الأسمر
ناصرعبدالصبور,ناصر
سمرحفظي,سمر
منارعزت,منار
مايزيوسف,مايز
نوراخليفه,نورا
شاكراسماعيل,شاكر
احمدعسر,إحمد
احمدابوالرجال,إحمد
خالدمحمداحمد,خالد
جابرماجد,جابر
بشارهشنودة,بشارة
عبدالواحدعبدالباسط,عبد
سعدالملقب,سعد
مختارموسى,مختار
احمدالاكحل,إحمد
رمزىحلمى,رمزي
قرشىحمدى,قرشي
فرغلىالمرغنى,فرغلي
ازميرس,ازم
هانىفوكيه,هاني
هانىحمدى,هاني
الناصرعبد,الناصر
عبدلغنى,عبد
غبدالغنى,غبد
عبدالمزيز,عبدالم
تركاوىقناوى,تركاوى
عبدالباقىعبدالطيف,عبد
عشورفايز,عشور
منتصرعارف,منتصر
الناجىمحمد,الناجي
إبوهريرة,ابو
كيريانس,كيرى
أحمدعشرى,إحمد
النصرنور,النصر
الكبيرمحمد,الكبير
الشافىحفنى,الشافي
مصطفىالنحاس,مصطفي
النظيرعمر,النظير
زيدهلالى,زيد
إبراهيمأحمد,ابراهىم
عبدالنظيرعسران,عبد
عبدالحميدكمال,عبد
احمدحمادى,إحمد
احمدمحمدعباس,إحمد
سيدصديق,سيد
خالدعبدالحميدجادالكريم,خالدعبدالحميد
وليداكرامى,وليد
اروىرمضان,آروي
ادوارعازر,أدوار
جابرحافظ,جابر
السيدعبدالشافى,السىد
حجيرنجاتى,حجير
منصورفايز,منصور
عبدالناصرعبدالرحيم,عبد
سهاعبدالمعطى,سها
شيمىحسن,شيمي
اسمامة,اسم
المعزيوسف,المعز
الاءمحمد,ألآء
دعاءرجب,دعاء
ميارحمادة,ميار
اهداءفوزي,إهداء
جعفرالنميري,جعفر
ناصرتهامى,ناصر
برسيموس,برسي
عبدالمفتى,عبد
مليدعبدالمسيح,مليد
الصبورعلم,الصبور
عبدالناصرعبدالمعطى,عبد
عبدالمجيدمحمدعبدالمجيد,عبد
عيادزكى,عياد
فوازسامى,فواز
ميناعصام,مين
زكرىبشير,زكري
عبدالبصيرحمادة,عبد
فوازفكري,فواز
عبدالصبورعزت,عبد
السبالى,الس
نادرحنا,نادر
عبدالرحما,عبدالر
نورهلن,نور
فيضانه,فيض
الموجوديحى,الموجود
رمضاناحمد,رمضان
كيرلسناصر,كيرلس
انجليز,انج
ابرايم,إبر
جمعةعابدين,جمعة
مينازاهر,مينا
محمودين,محمو
الناصرعطيتو,الناصر
مباركعويضة,مبارك
اليمينى,اليم
اسماءيحيى,إسماء
الحرحمن,الح
الدكتورعطيتو,الدكتور
عبدالقادرى,عبد
هبدالناصر,هبد
عبدالبس,عبد
إنجليا,انج
عبيرأبوالحسن,عبير
بشيرالدكروني,بشير
جادعبد,جاد
مطيرعلى,مطير
المقصودمحمد,المقصود
أندروفرح,أندرو
محمدباشا,محمد
منتصرعيسى,منتصر
عمادفيصل,عماد
محمودعبدالغفارحسانى,محمودعبدالغفار
قرقارالطيرى,قرقار
حامدحراجى,حامد
جهادشاذلى,جهاد
ديناسيد,دين
حميدمحمد,حمي
سعادمحمدخليل,سعاد
ولاءعبد,ولآء
احمدعبدالمحسن,إحمد
عبدالناصرقاسم,عبد
عبدالمصلب,عبدالم
محمدخبير,محمد
نجارمحمد,نجار
الصغيربغدادى,الصغير
الستارأحمد,الستار
احمدبربرى,إحمد
عبدالموجودبغدادي,عبد
سيدشوقي,سيد
محمدرأفتمحمد,محمدرأفت
عبدالمفرج,عبد
عبدالناصرموسى,عبد
فالرينا,فال
احمدعكاشة,إحمد
ناصريدر,ناصر
تيموتاوس,تيمو
زيادعبدالخالق,زياد
جعفرمحمود,جعفر
ميةمحمد,مية
الباسطجاد,الباسط
سعديةحمادة,سعدية
النبىحسن,النبي
فاطمةمحمدخير,فاطمه
محمداحمدعطا,محمد
عبدالراضىاحمد,عبدالراضي
محمدشنداوى,محمد
محمدحاكم,محمد
عبداالظاهر,عبدا
رانيااحمد,راني
حسناءصلاح,حسناء
عبدالعزيزالصغير,عبد
لمجيدحلبى,لمجيد
محمدمرتضى,محمد
اميرةعصام,آميرة
بدريحامد,بدري
عبالحق,عبا
احمدعبدالشافي,إحمد
عطيتومحمد,عطيتو
اسعدحماده,أسعد
عبدالصبورمحمداحمد,عبد
عبدالناصررشيدي,عبد
سعدمحموداحمد,سعد
محمودصادق,محمود
محمودعبدالشافي,محمود
محمودقدري,محمود
محمدمحمودابراهيم,محمد
عبدالناصرعبدالسلام,عبد
سعيدفهمي,سعيد
جهادحندوق,جهاد
خالدحماده,خالد
السيدالطاهرمحمد,السىد
احمدمحمدعلي,إحمد
احمدشحات,إحمد
احمدحامدمحمد,إحمد
كوثرمحمداحمد,كوثر
منارحسني,منار
بدرعزب,بدر
محمودسعيدكمال,محمودسعيد
محمدوشهرته,محمد
محموداحمدعريان,محمودأحمد
محمدابوالقاسم,محمد
محمدعبدالناجى,محمد
الزهراءمحمد,الزهراء
سحرعبدالوهاب,سحر
محمودأبوالعدب,محمود
الحنبول,الحن
الجدرومي,الجد
نوارعبد,نوار
نظيرخليل,نظير
عبيدالعظيم,عبيد
منصورمبارك,منصور
جهاداشرف,جهاد
روفيدامحمود,روفيدا
كيرمينارومانى,كيرمينا
منصورسليم,منصور
عبدالررحيم,عبدالر
صابرنور,صابر
أحمدمحمدعثمان,إحمد
عبدالناصرسليم,عبد
بكيرحسانين,بكير
المنتصرفؤاد,المنتصر
عبدالستارعلام,عبد
نجلاءالبدرى,نجلاء
ولاءعبدالعظيم,ولآء
سهيرمحمدعبد,سهير
كوثرخلف,كوثر
علياءعبدالناصر,علىاء
أحمدالشناوي,إحمد
سلاامة,سلا
جبرالخميسي,جبر
آلاءدرويش,ألآء
مسعدأبوحجازى,مسعد
دنيامختار,دنيا
سارةإيهاب,سارة
فاطمةالزهراءمحمد,فاطمهالزهراء
محمدالإستانبولى,محمد
ماجدةحسن,ماجدة
السيدعبدالملك,السىد
محمدمحمدأحمدأبوالعنين,محمدمحمد
أحمدمحمدسامى,إحمد
محمدصابرعبد,محمد
طاهرسالم,طاهر
مختارالعزبي,مختار
حامدالفيومي,حامد
فريدالألفي,فريد
الجعبيدي,الجعب
عرفةحسن,عرفة
السيدا,الس
احمدالكحكى,إحمد
حامدالمنصورى,حامد
مسعدالجدعه,مسعد
محمدابوخيال,محمد
محمدكمالو,محمد
السعيدالبردويلى,السعيد
محمدهنيدى,محمد
محمداحمدالاتربي,محمدأحمد
سميرروفائيل,سمير
أحمدالحجار,إحمد
صابرمسعد,صابر
آلاءيحيى,ألآء
سميرأبو,سمير
عمرمسعد,عمر
أميرةعلى,آميرة
محمدالسعيدأبومحمد,محمدالسعيد
محمودالجيار,محمود
بدرالبربير,بدر
رضاعبده,رضا
شهبورمحمود,شهبور
محمدرفيع,محمد
عزيزحامد,عزيز
سهيررشاد,سهير
أميرأحمدعوض,آمير
السيدالعطوى,السىد
السيدالناغي,السىد
محمداحمدعبدالحليم,محمد
محمدعيطة,محمد
مجاهدعلي,مجاهد
المجدالمنصورى,المجد
الخيرحافظ,الخير
آلاءأحمد,ألآء
البازحسن,ألباز
رقيةعبدالرحمن,رقية
سهيلةصلاح,سهيلة
شهدعبدالحميدعبد,شهد
انورمحمدالمحلاوى,أنور
محمودسلامة,محمود
الدسوقىأبو,الدسوقي
المتولىبدر,المتولي
الخيرالمنزلاوي,الخير
اميرعبدالوهاب,آمير
عبودعبود,عبود
الحميدالبدوى,الحميد
دنياضياء,دنيا
ناصرالحسينى,ناصر
ضياءأحمد,ضياء
أنورعبدالمعطى,أنور
محمودالطاوسى,محمود
منصورعبدالهادى,منصور
مختارالتهامى,مختار
زاهرابراهيم,زاهر
أسعدأحمد,أسعد
بسملةمحمدشحاتة,بسملة
سميرالشرقاوى,سمير
محمودهلالى,محمود
نورماجدرمضان,نور
خالدمحمدحسين,خالد
ياسرإسماعيل,ياسر
عمرياسرحلمى,عمر
محمدإسلام,محمد
محمدبيضون,محمد
محمدسميرزهيرى,محمدسمير
فاطمةعبدالعزيزعيد,فاطمه
ماهرأنيس,ماهر
الجوادحماد,الجواد
احمدالزعترى,إحمد
طاهرهلالى,طاهر
ايةاسامة,إيه
أحمدعبدة,إحمد
منيرعقل,منير
ساراأحمد,سار
خالدعبدالرازق,خالد
السقااللوزى,السقا
اسماءربيع,إسماء
علىالقنيلي,علي
الاءحامد,ألآء
خالدظريف,خالد
مسعدعبدالمعطي,مسعد
فؤادعبدالمقصود,فؤاد
حيدرإبراهيم,حيدر
محمدسراج,محمد
السيدالبرعي,السىد
السعيدعشره,السعيد
الالقى,آلا
وجيةابراهيم,وجية
فايزحسانين,فايز
ياسرأبو,ياسر
منةعامرعلى,منة
صابرجابرمحمد,صابر
جبرعطيه,جبر
مختارالأديب,مختار
جادالحصرى,جاد
البارىعرام,الباري
حامدصادق,حامد
راشدالشاذلي,راشد
فوزيمحمد,فوزي
مصطفىالسيد,مصطفي
أنورالشحات,أنور
السيدالبسيوني,السىد
الشناوىبحيرى,الشناوي
حمدىمصطفى,حمدي
طاهرزكى,طاهر
خديجةعصام,خديجة
محموجد,محم
نصرالغازي,نصر
صابرفتوح,صابر
عمرجاد,عمر
خالدالشيخ,خالد
عيدالبياع,عيد
سعدالحسينى,سعد
دنياعماد,دنيا
ديناعلي,دين
محمدسعده,محمد
ياسرحمودة,ياسر
مأمونعبد,مآمون
صابرمحمودمحمدعلى,صابرمحمود
حامدالصعب,حامد
حمادةعمادأحمد,حمادة
الناصرفتحى,الناصر
البسيونيمحمد,البسيوني
الشربينىالرازقي,الشربيني
أحمدالمغازى,إحمد
عمروالقصبى,عمرو
ماهرماهر,ماهر
محمدعهدى,محمد
سيدأحمدالفار,سيدأحمد
نصرإبراهيم,نصر
طاهريوسف,طاهر
الواحدعبد,الواحد
السعيدالقطب,السعيد
محمودأبوالوفا,محمود
عبدالغفارصيام,عبد
النالي,آلن
سميرمختار,سمير
العرقوس,العر
بازالامام,باز
عمرإبراهيم,عمر
عمرهيثم,عمر
منصورمقلد,منصور
العزيزالدريني,العزيز
أبرارمحمد,أبرار
أحمدالزيات,إحمد
الرؤوفعبد,الرؤوف
هالةعبد,هالة
جادأحمد,جاد
زكرياسليمان,زكري
محمدالكفرواي,محمد
محمدهدهد,محمد
زاهرأحمد,زاهر
العزيزالردينى,العزيز
العزيزالرديني,العزيز
حامدالشافعى,حامد
منصورتوفيق,منصور
مختارمختارالعوادلي,مختارمختار
المجدالناغى,المجد
الزهور,الز
ولدعلى,ولد
البرفينى,البر
منصورعمرو,منصور
النجدىمحمود,النجدي
بيترسعيد,بيتر
احمدعزاز,إحمد
عبدالقادرهيبه,عبد
سيداجمد,سيد
النبيتى,آلن
عبيرعبدالرحيم,عبير
عمرعبدالواحد,عمر
عمرابوالنور,عمر
عبدالقادرعبدالرازق,عبد
بديرعبدالعال,بدير
عامرموسى,عامر
علىمتولى,علي
المنيرسالم,المنير
سمرعاطف,سمر
سمرعبدالسميع,سمر
سمرماهر,سمر
البازعبدالعال,ألباز
محمدغنام,محمد
العبدعبدالصادق,العبد
الشرقامى,الشرق
عبدالمجيدالحفناوى,عبد
السيدزعير,السىد
عبدالعزيزالغول,عبد
سعدالنبى,سعد
علىبخيت,علي
الاشبينى,آلا
احمدالخبير,إحمد
نصرعيد,نصر
حمدىفؤاد,حمدي
محمودابوالعز,محمود
عبدالصمدابوشريف,عبد
احمدالعقاد,إحمد
نصيرعبدالخالق,نصير
بدرعبدالكريم,بدر
حامدشاهين,حامد
الشناوىالنويهى,الشناوي
احمدابوالنصر,إحمد
احمدخضره,إحمد
سعدالزغبى,سعد
العبدالنويهى,العبد
علىابوزينه,علي
حامدالتلاوى,حامد
محمدالنويهي,محمد
موسىالجران,موسي
احمدالضوينى,إحمد
محمداحمدالخيارى,محمدأحمد
احمدابوزينه,إحمد
عبدالغفارحسانين,عبد
عبدالغفارابوزيد,عبد
علىالسنباطي,علي
سعيدالعليبى,سعيد
العماره,العم
عبدالستارعيسوى,عبد
القرامانى,القر
نصرعبدالعاطى,نصر
عبدالعزيزعبدالرحيم,عبد
اسماءعيد,إسماء
عطاابوزينه,عطا
محمدابوطبيخ,محمد
انورالمشالى,أنور
الغفارالبرلسى,الغفار
عبدالمعزعمار,عبد
سميرالنصر,سمير
ابراههيم,ابراه
الاشوق,آلا
هاجرسامح,هاجر
هايدىخالد,هايدي
محمودالنادى,محمود
السيدالسطيحه,السىد
نورابوضيف,نور
احمدوهدان,إحمد
الكابوسى,الكا
السقوس,الس
بديرابوعايد,بدير
الشرنجى,الشر
مفيدعبدالمنعم,مفيد
شكرابودنيا,شكر
صابرحماد,صابر
شيماءمسعد,شيماء
عمرالعزب,عمر
منصورعبدالحق,منصور
السيدعلم,السىد
الاءعبدالعظيم,ألآء
عبدالجواداحمدابوخطيطه,عبدالجواداحمد
عبدالناصرعبدالحميدصلاح,عبدالناصرعبدالحميد
عبدالحميدالسطوحى,عبد
عبدالحميدابوخطيطه,عبد
بديرعبدالمقصود,بدير
عبالسميع,عبا
رشادعدلان,رشاد
عمروايمن,عمرو
حناعطيه,حنا
اعبدالمعطى,اعبد
زاهرالعشماوى,زاهر
عامرالبنا,عامر
طاهرالغنيمى,طاهر
الشرنابى,الشر
محمودالجزله,محمود
النبدارى,آلن
الفلوجى,الف
الشرمبالى,الشرم
العبدابوعمو,العبد
العبدامام,العبد
القطشاوى,القطش
عبدالواحدابوصالحه,عبد
عبدالمجيدناصف,عبد
عبدالحميدالنشار,عبد
السعيدالعبد,السعيد
ابراهيمجوده,إبراهي
احمدعبدالرسول,إحمد
ماهرعبدالمنعم,ماهر
ندىايهاب,ندي
عبدالمامن,عبد
محمددراز,محمد
مظهرعبدالرحيم,مظهر
بديربدير,بدير
عبدالعزيزضيف,عبد
منارجلال,منار
عبدالقادرالدوانسى,عبد
احمدابورحمه,إحمد
عبدالمقصودالدوانسى,عبد
السيدالمرسى,السىد
عبدالقادرحلاوه,عبد
احمدتاج,إحمد
محمدمامون,محمد
العبدالنمورى,العبد
عمارعبدالغفار,عمار
هديررجب,هدير
السعيدعبدالوهاب,السعيد
العبدالزغبى,العبد
الدرموني,الدر
انورالعزب,أنور
جبرالشبراوى,جبر
فؤادخالد,فؤاد
نصرعلام,نصر
جابرالمتولى,جابر
عبدالصبورعبدالعال,عبد
سميرعبدالجليل,سمير
ياسرالمحمدى,ياسر
انورعطيه,أنور
بدرمسعد,بدر
الحنيس,الح
نورعبدالرحمن,نور
عدلىمحمد,عدلي
زكرياالحسنين,زكرىا
عطوهمحمد,عطوة
العبدالدسوقى,العبد
عمروالعجمي,عمرو
صابرعبدالجابر,صابر
بديرالطحان,بدير
عمادحمدي,عماد
جابرالنجار,جابر
السبيعه,الس
العبدابو,العبد
ابراهيمحسن,إبراهي
عبدالمنطاع,عبد
الهندامى,الهن
عدالجواد,عدا
الدشيش,الد
حامدالالفى,حامد
عبدالحميدالسعيد,عبد
القادرالمحجوب,القادر
الرودينى,الر
ياسرامان,ياسر
العبدالحبيبى,العبد
جبرشلال,جبر
محمدالدغبشى,محمد
احمدالحصرى,إحمد
محمدعيون,محمد
علاءنصرعبدالوهاب,علاء
محمدالبندارى,محمد
عبدالواحدشرف,عبد
سيداحمدعيسى,سيد
منارعدلى,منار
عبدلمنصف,عبد
فتحىطاهر,فتحي
المنشاو,المن
عبدالمقصودالعطافى,عبد
السيدالنهطاوى,السىد
دعاءاحمد,دعاء
احمدابوالحسايب,إحمد
جعفرسيداحمد,جعفر
عبدالغفارسلام,عبد
السيدهالسيد,السيدة
جبرسلام,جبر
منصورلطفى,منصور
عبدالقادرغلا,عبد
مروهاشرف,مروة
عبدالعزيزابوالغيط,عبد
السيدعاصم,السىد
صابرابوالغيط,صابر
عبدالعزيزعفان,عبد
منصورالشهابى,منصور
عبدالقادرالدعباس,عبد
الوردينى,الو
منصورابوجبل,منصور
محمدعبدالرسول,محمد
عبدالنبىابراهيم,عبد
منصورسيداحمد,منصور
محمدعبدالرءوف,محمد
عامرانور,عامر
محمدالمغورى,محمد
رنيامحمد,رنيا
احمدغتمى,إحمد
ذكىابوالعلا,ذكي
منصورعبدالغفار,منصور
المصلحىعبدالفتاح,المصلحي
عبدالعزيزعبدالسميع,عبد
ندىمجدى,ندي
منيرالزرقانى,منير
حامدالشيخ,حامد
عبدالمقصودالشعراوى,عبد
محمودسيف,محمود
شاكرعلى,شاكر
عبدالشكورعبدالمؤنس,عبد
العبدالعتريسى,العبد
فؤاداسماعبل,فؤاد
السيدالتوابتى,السىد
اسماءبسيونى,إسماء
عبدالحميدصفوت,عبد
عمادعبدالجوادالخضرى,عماد
عبدالستارابوالنور,عبد
علىاسامه,علي
مصطفىالسعيد,مصطفي
عمرالالفى,عمر
رضاحمدته,رضا
غديرعلى,غدير
السيدالبلقينى,السىد
حمادالالفى,حماد
داليامحمد,دالي
سعدعماره,سعد
زكرياابوالغيط,زكرىا
السعبدمخلوف,السعبد
سعيدهادى,سعيد
علاءعبدالرحمن,علاء
اسماءعادل,إسماء
احمدرماح,إحمد
مصطفىناصف,مصطفي
القراقى,الق
شيماءربيع,شيماء
الصفايوسف,الصفا
زكرياالخياط,زكرىا
دالياحمدى,دالي
ديناعبدالغنى,دينا
رانياعبدالشافى,رانيا
رنارسلان,رنا
زكرياشعبان,زكرىا
زكريامصباح,زكرىا
نورارشاد,نورا
هويداعبدالواحد,هويدا
رضامصطفى,رضا
ثريااشرف,ثرى
دالياطارق,داليا
ديناضياء,دينا
رانااشرف,ران
رضانصر,رضا
نوراقطب,نورا
اسراءابوالعز,أسراء
صفاءعبدالقادر,صفاء
عمرواسامه,عمرو
نصرعبدالمولى,نصر
عامرالصاوى,عامر
عبدالقادرسالمه,عبد
القابى,الق
عبدالعزيزالمدراوى,عبد
منارماهر,منار
فؤادالقيعى,فؤاد
محمودالسقا,محمود
سيداحمدعبداللطيف,سيد
عيدالصباغ,عيد
عبدالحميدالفقى,عبد
محمدالشوره,محمد
عبدالحميدالقصاص,عبد
محمدرحيل,محمد
عيدابوعبيه,عيد
عبدالمجيدغريب,عبد
عبدالعزيزهتهوت,عبد
احمدالقط,إحمد
عبدالواحدابوشنب,عبد
عبدالسيدحسن,عبد
الاءعبدالحافظ,ألآء
محمودعاصم,محمود
اسراءعبدالسلام,أسراء
اسماءهانى,إسماء
خلودعماد,خلود
عبيرعبدالستار,عبير
محمودعبدالناصر,محمود
اسماءعاشور,إسماء
عزوزالسيد,عزوز
فوزىعبدالحميد,فوزي
محمدرمزى,محمد
اسماءعبدالناصر,إسماء
الاءعبدالحليم,ألآء
السيدالديهى,السىد
نادررضا,نادر
سعبدالحواش,سعبد
احمدابوحمام,إحمد
سمراسلام,سمر
الجوهرالوشاحى,الجوهر
عبدالحميدالجيزاوى,عبد
مختارمرسى,مختار
عامرعبدالجليل,عامر
محمودالحمامى,محمود
معازسعد,معاز
صقرالبدوى,صقر
محمدالحلاج,محمد
الغنىحجازى,الغني
عبدالقادرشرف,عبد
سمرالسعيد,سمر
الدسوقىرجب,الدسوقي
العزيزمختار,العزيز
زكرياهنداوى,زكرىا
ماهرصلاح,ماهر
العزيزابوليمون,العزيز
جعفرحافظ,جعفر
الغرارى,الغر
محمدالتطاوى,محمد
عبدالحميدمطر,عبد
شكرىخيرى,شكري
شاكرعلام,شاكر
عبدالحميدالهيتى,عبد
السيدمحمدشتا,السيدمحمد
محمدالدقن,محمد
ياسرحسينى,ياسر
سعدخليل,سعد
محمدالقفاص,محمد
مخناراحمد,مخنار
عمروعبدالسلام,عمرو
فايزعبدالمنعم,فايز
امرنتين,امرن
ثناءسليمان,ثناء
ياراعاطف,يارا
السيدعنب,السىد
بدراشرف,بدر
عيدعماره,عيد
خضرالبدوى,خضر
العبدخاطر,العبد
احمدابوشندى,إحمد
بسيونىالبندراوى,بسيوني
محمدالبطاوى,محمد
خيرىابراهيم,خيري
سهانده,سها
العبدزايد,العبد
البدنجانى,البد
الربان,الر
السعيدعبدالفضيل,السعيد
احمدالرحمانى,إحمد
علىكرسون,علي
محمدابوباشا,محمد
محمدالسيدالمنصورى,محمدالسيد
محمدالهامى,محمد
احمدعبدالمطلع,إحمد
محمدعبدالخير,محمد
العبدالهلبى,العبد
محمدالبشكار,محمد
محمدالمحمدى,محمد
الشببينى,الشب
العبدبدر,العبد
شيماءصبحى,شيماء
نادرعبدالعليم,نادر
احمدالسقعان,إحمد
فريدالسوده,فريد
محمدالشرشابى,محمد
مجدىمحمود,مجدي
عبدالحميدابوحواس,عبد
دنياعبدالمقصود,دنيا
عبدالحميدجمعه,عبد
محمودعبدالمجيدعبدالوهاب,محمودعبدالمجيد
محمدابوعيد,محمد
مسعدالنواوى,مسعد
اليلاوى,ألى
عنترالجمل,عنتر
الششتاوىالسراجى,الششتاوي
صابرغازى,صابر
انورحشيش,أنور
علىسعد,علي
البشتين,البش
احمدالدكرورى,إحمد
عبدالراف,عبد
العبدحافظ,العبد
الحناينى,الحنا
العبدالسراجى,العبد
الاعسل,آلا
رشادالنقيب,رشاد
محمودالسراجى,محمود
مختارحافظ,مختار
محمداحمدالطلى,محمدأحمد
محمدالطلى,محمد
محمدالميدانى,محمد
العبدالمسيري,العبد
ناصرالبدوى,ناصر
الدسوقىعلى,الدسوق
منصورالقصراوى,منصور
منصورالسعيد,منصور
رضاالبيلى,رضا
عبدالعزيزالشرقاوى,عبد
عبدالحميدالمصرى,عبد
بديرمحمدالزمر,بديرمحمد
المغازىاماره,المغازي
البسطوي,البس
عمرالرفاعى,عمر
سيداحمدالبتانونى,سيدأحمد
منجودعابدين,منجود
احمدخضير,إحمد
محمداماره,محمد
بدرجزر,بدر
عبدالقادرصقر,عبد
المغازىخضر,المغازي
حامدشحمه,حامد
عبدالمجيدشلبى,عبد
عبدالحميدالرفاعى,عبد
حامدعنتر,حامد
عبدالعزيزشقل,عبد
عبدالحميداماره,عبد
عطادغيم,عطا
بديرالحملى,بدير
عبدالفتاحاحمد,عبد
محمودعبدالعزيزحشيش,محمودعبدالعزيز
الهاباوى,الها
عبدالقادرعبدالبارى,عبد
سميرعبدالسلام,سمير
عبدالعزيزعباده,عبد
عبدالمعطىطمان,عبد
السيدالادوش,السىد
الجبايلى,الجب
عيدمصطفى,عيد
سماءعبدالسميع,سماء
عبدالمقتدرالحسانين,عبد
العبدجرجس,العبد
محمدالبدهلى,محمد
فؤادعبدالحى,فؤاد
عنبراحمد,عنبر
السيدابويوسف,السىد
العبدالششتاوى,العبد
عبدالحميدعبدالنعيم,عبد
جابرالشاذلى,جابر
سعدابوزيد,سعد
عبدالغفارزايد,عبد
محمدابوكحله,محمد
عبدالعزيزمحمدعلى,عبد
رشدىابراهيم,رشدي
الدرمونى,الدر
بدرمحمدالمكاوى,بدرمحمد
بديرحسين,بدير
بديرالشرنوبى,بدير
محمدعامرعبدالعزيز,محمدعامر
بديرالششتاوى,بدير
عمرويوسف,عمرو
وحيدمحمديوسف,وحيد
ناصرعبدالمحسن,ناصر
عبدالمقصودراشد,عبد
الدربينى,الدر
ياراعبدالسلام,يارا
شاذاابراهيم,شاذا
محمداليزيدى,محمد
الفبشاوي,الف
العبدبركات,العبد
السيدابوالعاطى,السىد
اسماعبيل,اسماع
بديرالعرسه,بدير
السعبدشكر,السعبد
عبدالسهار,عبد
دنياعبدربه,دنيا
نصرعمران,نصر
النشبلى,آلن
العبدالليثى,العبد
فارروق,فار
مشكورعبدالرؤوف,مشكور
الزهارابراهيم,الزهار
عبدالشكورالافندى,عبد
السيدالعاملى,السىد
ياسرعبدالحميد,ياسر
احمدابوخضره,إحمد
احمدالفاضلي,إحمد
محمدميسره,محمد
محمدانيس,محمد
عبدهمحمود,عبدة
حمدىمحمود,حمدي
محمودالعجيرى,محمود
احمدالعجيرى,إحمد
عامرالحسانين,عامر
السيدابوعرب,السىد
خلوداحمد,خلود
العبدالبشبيشى,العبد
احمدالسندبسطى,إحمد
الصنبولى,الصن
عبدالعزيزعشرين,عبد
نادرعلى,نادر
نورعبدالفتاح,نور
سميرعبدالبديع,سمير
عبيرعبده,عبير
نصرالطوانسى,نصر
السيدالمنشاوى,السىد
محمدالبحار,محمد
الاءاسامه,ألآء
غبدالقادر,غبد
محمودانس,محمود
عبدالعزيزالسباعى,عبد
عبدالقادرنصر,عبد
ناصرعبدالراضى,ناصر
عبدالستارمنصور,عبد
عبدالعزيزحاتم,عبد
صابرالزعلوك,صابر
رضوانعبدالمنعم,رضوان
السعيدعفان,السعيد
احمدعفان,إحمد
سرورعبدالحميد,سرور
مجاهدعياد,مجاهد
عبدالناصرعبدالغفار,عبد
محمودعبدالقوى,محمود
احمدالزغبى,إحمد
السيدالفوال,السىد
عامرعتاب,عامر
مجاهدعبدالكريم,مجاهد
عبدالمنصفموسى,عبد
سهرانه,سهر
فتحىالطوخى,فتحي
العبدعيسى,العبد
علاشوقى,علا
احمدمنا,إحمد
عبدلعليم,عبد
عبدالحميدناجى,عبد
عبدالغفارعجلان,عبد
عبدالقادرعبدالودود,عبد
عبدالمقتدرحافظ,عبد
عبدالستارابوالمعاطى,عبد
عبدالقادرالافندى,عبد
عبدالقادرابوعشماوى,عبد
عبدالعزيزكشك,عبد
عبدالغفارراشد,عبد
محمدالحسنين,محمد
محمدالخواجه,محمد
صقرمحمود,صقر
حمادعوض,حماد
عبدالمجيدالكومي,عبد
عبدالعزيزابوزيد,عبد
عبدالعزيزالاشهب,عبد
عبدالقادرالغريب,عبد
عبدالمعزالسحيتى,عبد
سميرالضبع,سمير
عبدالقادرالارناؤطى,عبد
عبدالستارعبدالستار,عبد
الحسينىمحمد,الحسيني
حمادعصر,حماد
الاميرعبدالبصير,الآمير
صقرانور,صقر
عبدالناصرعبدالستار,عبد
السيدالميمونى,السىد
رشادالسيد,رشاد
عيدالدرديرى,عيد
نادرالمرسى,نادر
ياسرعبدالخالق,ياسر
الخضرعمار,الخضر
محمدحكيم,محمد
عبدالغفورعلى,عبد
احمدمحمودابوالعزم,احمدمحمود
عبدالظاهرابوالعلا,عبد
نوراشرف,نور
عبدالحميدالعراقى,عبد
عبدالغفارالبنا,عبد
نورصديق,نور
عبيدالغفار,عبيد
عبدالبصيرعفيفى,عبد
عيدكشك,عيد
عبدالغفارشبل,عبد
جادالرفاعى,جاد
رشدىعبدالحليم,رشدي
محمودعواض,محمود
عمرالكردى,عمر
نصرالشاذلى,نصر
عبدالعزيزدويدار,عبد
منىانور,مني
نوراعبدالعزيز,نورا
جزرعلى,جزر
بدرعبدالرازق,بدر
عبدالغفارالحو,عبد
احمدبرعى,إحمد
عمرالشحرى,عمر
عبدالعزيزالجندى,عبد
رجاءعادل,رجاء
عبدالخليل,عبد
منصورحافظ,منصور
محمودعبدالرؤوف,محمود
عبيرعبدالباسط,عبير
محمدشنيشن,محمد
احمدالاشقر,إحمد
محمدفسيخ,محمد
عبدالقادرخلفا,عبد
زكرياعيد,زكرىا
محمدالشورى,محمد
السيدالسباعى,السىد
السيدحرفوش,السىد
عبدالحميدامين,عبد
نبوىابراهيم,نبوي
سعيدعاشور,سعيد
زيدانه,زيد
مسعودالصعيدى,مسعود
عبدالستارحمد,عبد
عبدالحميدالنحراوى,عبد
عبدالغفارمبروك,عبد
خضربحيرى,خضر
المحمدىعبدالمعطى,المحمدي
منارالرافعى,منار
منارصلاح,منار
محمدرشادعبده,محمدرشاد
عبدالقادرابوالهوى,عبد
عبدالقادرحشيش,عبد
عبدالواحدغلاب,عبد
صقرالهيتى,صقر
عبدالناصرعبدالصمد,عبد
حامدعلام,حامد
نصارغلاب,نصار
عبدالوحود,عبد
سيداحمدرمضان,سيد
منارعبدالخالق,منار
احمدالحاج,إحمد
عبدالجوادعطيه,عبد
نورعبدالنبى,نور
احمدالمسلمانى,إحمد
عبدالمجيدعقاب,عبد
النتريسى,آلن
معتزعبدالمنعم,معتز
ميادهمختار,ميادة
ماهرعبدالسلام,ماهر
هاجرمحمدعبدالمنصف,هاجرمحمد
شعبانشلبى,شعبان
سميراسماعيل,سمير
جارونيا,جارو
سحرابوزيد,سحر
عبيرعيد,عبير
رشدىمحمد,رشدي
الوالمجد,الو
عرابىاحمد,عرابي
عمرعبدالرحيم,عمر
عبدالنظيرمدنى,عبد
الانورتمام,الأنور
عدالعزيزرضوان,عدالعزيز
الزاهرابراهيم,الزاهر
عبيربدرى,عبير
حميدبكرى,حميد
منارمصطفى,منار
الزازق,الز
تامرمطاوع,تأمر
سارجوس,سار
عبدالصبورمحمود,عبد
ازهارمحمداحمد,أزهار
نجلاءعادل,نجلاء
شاكرلبيب,شاكر
عمارحمدي,عمار
عببدالشافي,عببد
عبدالحافيظ,عبد
الموجودالسيد,الموجود
عبدالوحيدسليم,عبدالوحيد
محمودابوالحجاج,محمود
جعفرحسين,جعفر
ضمراتى,ضمر
العكرومى,العك
محمدعبدالحميدعبدالغنى,محمد
قدرىاحمد,قدري
ايوالحجاج,أيو
اسماءزين,إسماء
محمدابوالوفاعبدالحكيم,محمدابوالوفا
سيدفاوى,سيد
منصورحمندى,منصور
انورعبدالعليم,أنور
محمداحمدعبدالراضى,محمد
وليدخلف,وليد
تيسيرعبدالرحيم,تيسير
عبرالعزيز,عبر
دكتورعنتر,دكتور
بديرمحروص,بدير
رجاءحمدى,رجاء
فاويمرسي,فأوى
عمروجاد,عمرو
مريودة,مري
اميرايمن,آمير
حمدىعادل,حمدي
عدلىعباده,عدلي
هانىسعد,هاني
اشرفكمال,آشرف
شهدانور,شهد
توفيقحميد,توفيق
مارتينانصير,مارتين
مارىثروت,ماري
منارعبدالناصر,منار
عدالمنعم,عدا
منيرفلسطين,منير
عبدالناصرفواد,عبد
عنتردسوقي,عنتر
الشاكرمصطفي,الشاكر
عبداللكريم,عبد
عبدالفلاح,عبد
شاهدان,شاه
غنادرة,غنا
ايوالمجد,أيو
الحميدتغيان,الحميد
فؤادفهمى,فؤاد
عمروعبدالمنصف,عمرو
منصورالفولى,منصور
سهاعادل,سها
عدلىعطايت,عدلي
الليثىعبدالشافى,الليثي
السودانىعبدالمبدى,السوداني
نزاربكرى,نزار
ميرناعيد,ميرنا
محمدالوهدان,محمد
حامدوتوت,حامد
الزهراءاشرف,الزهراء
مجدىحسنين,مجدي
احمدغراب,إحمد
بوسنده,بوس
اسامةالسعيد,اسأمه
ابراهيماحمد,ابراهىم
محمدالمتبولى,محمد
دنياعمرو,دنيا
السيدالافندى,السىد
حسنىمحمد,حسني
حسونةعبده,حسونة
حنابطرس,حنا
اميرالبدراوي,آمير
مظهرابراهيم,مظهر
هديرفهمي,هدير
احمدمحمدالشربينى,إحمد
محمدمحمدسليمان,محمد
الجاردالزقيم,الجارد
عبيدجادالمولى,عبيد
عبدالنورمحمود,عبد
أحمدمغازى,إحمد
عبدالصبورحسين,عبد
أحمدوشهرته,إحمد
زيادعبد,زياد
الوالفضل,الو
ألأمين,آلا
ألأنوار,آلا
حسانىحفنى,حساني
عبادىزهرى,عبادي
دسوقىحراجى,دسوقي
خادالكريم,خاد
علىحميد,علي
عبيرشرقاوى,عبير
رنداعباس,رندا
احمدحامدحسن,إحمد
طاهركور,طاهر
نصرهلالى,نصر
محمودالقشاوى,محمود
الأبلجي,الأب
الحميدمحمدابو,الحميد
اسماءعبده,إسماء
عمادإبراهيم,عماد
ناديةعبدالرحيم,نادية
خاطرأحمد,خاطر
السيدالتابعى,السىد
محمدالخضرجى,محمد
حامدالعزبى,حامد
معاطىصبحي,معاطي
البازفهيم,ألباز
حمزةعبده,حمزة
السيدالمالحى,السىد
أحمدالعزبى,إحمد
الجوبري,الجو
الطاهرالدهشان,الطاهر
الررازق,الر
هديرفايز,هدير
محمدالحويط,محمد
الدسوقىحمودة,الدسوقي
الموجودإبراهيم,الموجود
الخيرالبساطي,الخير
أميرةأيمن,آمير
محمدمحمدمحمدالنجار,محمدمحمد
أحمدالقبيدى,إحمد
ناصرعتريس,ناصر
صابرالشويحى,صابر
العوضيى,العو
الحميدالكندوز,الحميد
حمزةمحمد,حمزة
زاهرسليمان,زاهر
عمارأحمد,عمار
بهاءمحمود,بهاء
سميردوس,سمير
السيدمحمدالشبراوى,السىد
منصورعطية,منصور
عبدالعزى,عبد
عاشورنصحى,عاشور
عبدالعزيزالقارى,عبد
عيدالجليل,عيد
رانياطلعت,رانيا
شاكرالسعيد,شاكر
عبدالعزيزعبدالمعبود,عبد
علىخليل,علي
عبدالسام,عبد
الجاعلى,الجا
عبدلحكيم,عبد
الزخير,الز
معبدعبود,معبد
مترىعوض,متري
منارايهاب,منار
بريمادونا,بري
العبدعبدالمعطى,العبد
سامىمحمد,سامي
محمودالمدبولى,محمود
قاصدالكريم,قاصد
الصادقه,الصا
الطاروحى,الطا
عبدالعزيزدياب,عبد
عكراوى,عكر
شاكركيرلس,شاكر
صابربشندي,صابر
خضيرحسين,خضير
عبدالمعزرجب,عبد
محمدأحمدعبدالعال,محمد
ناصرعبدالحكيم,ناصر
اسماءعبدالرحيم,إسماء
الجابرقدري,الجابر
القادرأحمد,القادر
حمادرياض,حماد
خالدعبدالمنعم,خالد
اميرحافظ,آمير
تهامىالغندور,تهامي
الجعوانى,الجعو
المخايلى,المخ
عمرعنتر,عمر
الضيفانى,الضيف
عمرعرفه,عمر
الهوانى,الهو
محمدالدغيدى,محمد
سميرعبدالرازق,سمير
عمرعبدالصمد,عمر
فوزىحسن,فوزي
نورعبدالعزيز,نور
انورعبدالحكيم,أنور
البحسرى,البح
عبيدابراهيم,عبيد
ناصرعبدالكريم,ناصر
عبدالشكورشبل,عبد
خيرىالدمرداش,خيري
عبدالفطيم,عبد
السيدمحمدحماد,السىد
عبددالفتاح,عبدد
نصرغمرى,نصر
هندجلال,هند
العبدسليمان,العبد
مختارمصلحى,مختار
صابرطنطاوى,صابر
الهانوف,الها
الشيخونى,الشيخ
الاءحسام,ألآء
ادراوس,ادر
سعادعاطف,سعاد
انوارمنصور,أنوار
بوالوفا,بوال
المجداحمد,المجد
سحرفكرى,سحر
عزباوىالسيد,عزباوي
اسماءنجاح,إسماء
خاطرحمادة,خاطر
خيرىنظير,خيري
عدالنبى,عدا
الطاهور,الطا
عسراحمد,عسر
عمادعلى,عماد
خيرااسطفانوس,خيرا
سعدعبدالظاهر,سعد
فيلوباتيرصافى,فيلوباتير
فيلوباتيرمنصف,فيلوباتير
محمدايمان,محمد
ادورغطاس,إدور
جيرائيل,جيرا
سميرشنودة,سمير
عبيدابو,عبيد
فلوبتيرملاك,فلوبتير
الدعبيس,الد
نوراسراج,نورا
سميرصابر,سمير
مشهورمحمد,مشهور
عبدكريم,عبد
الامتى,آلا
اعبدالكريم,اعبد
عبدالناصريوسف,عبد
ادرىسعيد,ادري
النجيمى,آلن
والايمان,وال
الديدامونىاسماعيل,الديداموني
منصورصلاح,منصور
ابرارمسعود,أبرار
نصارعبدالعظيم,نصار
سلالامه,سلا
احمدعمرعبدالحي,أحمدعمر
محمدالقعقاعي,محمد
منصورسمير,منصور
سليمام,سلي
طاهرالشربيني,طاهر
السنيهوى,السنى
عبدالعزبزعلى,عبد
عبيرعبدالناصر,عبير
عمرشاكر,عمر
منارعبدالغنى,منار
عبدالفاتح,عبد
صابرهلال,صابر
اموجود,امو
محمدالحقى,محمد
جادالملى,جاد
محمدالكحلاوي,محمد
الحافيظ,الحا
غبدالهادى,غبد
عدالرؤف,عدال
ابيتناغو,أبي
الحميدحسنى,الحميد
اسعدابو,أسعد
الدسوقىسيد,الدسوقي
الموجودسرحان,الموجود
فؤادابو,فؤاد
النبىابراهيم,النبي
احمدطايع,إحمد
اليذيد,ألى
علاءابو,علاء
حسنمحمد,حسن
سعيدهلال,سعيد
كاشورجيلو,كاشور
توتمحمد,توت
اسعدسامح,أسعد
دنياشورى,دنيا
الحمدقرش,الحمد
قاعودنصر,قاعود
عمراحمدخليفه,عمرأحمد
خلودخميس,خلود
منتصربركات,منتصر
الناصرلطفى,الناصر
بوسفينا,بوس
الاءمحسن,ألآء
لدياعهدى,لديا
عمرحرب,عمر
مرعىمنصور,مرعي
فيلباتير,فيل
عطيتوسعيد,عطيتو
عبدالبرحمن,عبد
هندعيد,هند
حسنعلى,حسن
رشادان,رشا
عبدالشكورحماد,عبد
الوفاءابو,الوفاء
غراباوى,غراب
بركسمان,برك
الحرسول,الح
الدرفلى,الدر
عبداللطيفاسماعيل,عبد
السيدمحمدرزق,السىد
العزيزكمال,العزيز
ساجدحلمى,ساجد
نوراشهر,نور
نداسعيد,ندا
محمدعبدالرزاق,محمد
احمدعيدخليل,احمدعيد
محمدالوفائى,محمد
ساهرمحمود,ساهر
محمودكيلانى,محمود
السيدمحمدابراهيم,السىد
عبدالحميدعبدالمجيد,عبد
سحرنجاح,سحر
احمدمحمدحافظ,إحمد
عبدالفنى,عبد
محمدالسيدمتولى,محمد
محمدعبدالحسيب,محمد
ماهرسليمان,ماهر
عبدالرحمنى,عبدالرح
العزيزجابر,العزيز
ثابتخلف,ثابت
بشيرمحمود,بشير
ميارعبد,ميار
هديرعرفة,هدير
عبيدعبد,عبيد
عمرشحات,عمر
عبدالوالناصر,عبدالو
عبدالناصرالضوى,عبد
رمضانيوسف,رمضان
محمدعبدالفهيم,محمد
عيدالصغير,عيد
أميرةأحمد,آمير
عبدالحجاج,عبد
عبدالكميل,عبد
احمدابوعمره,إحمد
اميربدرى,آمير
صابرفؤاد,صابر
صابرصغير,صابر
الموجودبشير,الموجود
عمرمحمدالأمين,عمر
محمودحسانى,محمود
نهادعبدالناصر,نهاد
خيرمحمد,خير
الدرازي,الد
محمدسعدي,محمد
عاذرجيد,عاذر
فايزفايز,فايز
جوهرديمتري,جوهر
سميرعزمي,سمير
الجوادجودة,الجواد
العطامصطفى,العطا
محمودعرفة,محمود
محمدالعويل,محمد
حامدزاهر,حامد
القليمي,الق
الاصقر,آلا
السعيدعادل,السعيد
نادرعبدالوهاب,نادر
الهيندي,الهى
العربىعلى,العرب
الطواشليمى,الطواش
محمدمحمدالشناوى,محمد
محمدمحمدشومان,محمدمحمد
عمرالزغوى,عمر
مختارعوضين,مختار
الشاويشي,الشا
انوردعبس,أنور
الوريدى,الو
احمدزرد,إحمد
الننعم,آلن
السيدمحمدعلي,السىد
فريدتوفيق,فريد
السدمحمد,الس
احمدمحمدابوسعده,احمدمحمد
عمروعدلى,عمرو
وفاعلي,وفا
شهدالتابعى,شهد
الطواشليمي,الطواش
الشكورمحمد,الشكور
أنورأنور,أنور
احمدشافع,إحمد
الغفارمنجود,الغفار
محمدالدلاش,محمد
الجعاوي,الجع
محمدالعايق,محمد
مختارفياض,مختار
احمدالبدويهى,إحمد
سمررشاد,سمر
البصيرعبدالفتاح,البصير
اسامةعبدالحميد,اسأمه
منيرعبدالهادى,منير
عبدالعزيزالراعى,عبد
زاهرعبدالهادى,زاهر
خالدعبدالرحمن,خالد
عبدالجوادالخواجة,عبد
جبرعبدالوهاب,جبر
جبرعبدالحق,جبر
عبدالمجيدعطية,عبد
عبدالهادىأبو,عبد
عبدالحميدالهلالى,عبد
عبدالستارالبهنسى,عبد
رضاعبدالباسط,رضا
عبدالحميدبدر,عبد
عبدالحميدصابر,عبد
القادرعبدالرحمن,القادر
النليس,آلن
أنورعلى,أنور
الغفورعربي,الغفور
سعيدزين,سعيد
الهولى,إله
بازيدحامد,بازيد
عبدالحميدالسمان,عبد
الصغيرشاهين,الصغير
عبدالعزيزعبدالقادرعبدالعزيز,عبد
محمدسلمان,محمد
سيدميزار,سيد
اصالةوائل,آصالة
سارةمحمد,سارة
شهدمحمد,شهد
شيماءغريب,شيماء
محمودشحاته,محمود
فؤادمحمداحمد,فؤاد
محمودوهبه,محمود
جابرعرفات,جابر
عمروعصام,عمرو
سيدعامر,سيد
ماهرانيس,ماهر
جابرحزين,جابر
سماهيثم,سما
سويليم,سوى
احمدحربى,إحمد
رومندة,روم
شاكرزيدان,شاكر
صابرإبراهيم,صابر
عطاالكريمشعبان,عطاالكريم
احمدعبدالمالك,إحمد
عبدالراض,عبد
عبدلنعيم,عبد
القمصمتى,القمص
فايزالياس,فايز
أنجليانا,انج
عبدالملى,عبد
عيدعبدالستار,عيد
سعدابوالدهب,سعد
الاستاذمحسن,الاستاذ
فيلوباتيرعيد,فيلوباتير
احمدالنادى,إحمد
محمدبشار,محمد
محمدابوالعيون,محمد
سيدعبدالناصر,سيد
عدالتواب,عدا
عدالقادر,عدا
محمدبيه,محم
علاءجمال,علاء
نصرعبدالنبي,نصر
عبدالظاهرعثمان,عبد
روماندة,روما
غبدالعظيم,غبد
عدالسيد,عدا
شاكرايوب,شاكر
عزيزحنين,عزيز
انجىجندى,أنجي
قرجانى,قرج
لوسيانامنير,لوسيان
عبدالحميدمفتاح,عبد
عبدالمعظي,عبد
محمدالشماع,محمد
الرحسم,الر
لوستينا,لوس
الصلاحين,الصلا
سموانى,سمو
العيزيز,العي
عيدالعاطى,عيد
عيدالحفيظ,عيد
عبداليارى,عبد
محمدتهامي,محمد
الحوباب,الحو
محمودضياء,محمود
عبدالمتوسل,عبدالم
عبدالاوهاب,عبد
زيدالحمد,زيد
الدرداش,الدر
الزاهرحسين,الزاهر
شريينى,شري
عاشورعادل,عاشور
عاشورعمر,عاشور
عزمحمد,عزم
الستارسعيد,الستار
جابرصديق,جابر
عزالين,عزا
يسراعادل,يسرا
عطااكريم,عطا
عبدالمغيت,عبد
معبدالداخلي,معبد
احمدصبيح,إحمد
مؤيدعصام,مؤيد
حنادوس,حنا
عدالحكيم,عدا
زهاران,زها
هلاريه,هلا
عبدامهيمن,عبدا
محمودالأنصارى,محمود
البحفيظ,البح
اسمرانى,اسم
القادير,القا
آلاءسعدأحمد,ألآء
روميساءمحمد,روميساء
البصيرعبد,البصير
اسامةعبد,اسأمه
الياربى,إليا
منهمحمد,منهم
ندىاسامه,ندي
العزيزالراعى,العزيز
الجوادالخواجة,الجواد
الهادىأبو,إلهادى
الحميدالهلالى,الحميد
الستارالبهنسى,الستار
العزيزطلبة,العزيز
الحميدبدر,الحميد
الحميدصابر,الحميد
رناحمادة,رنا
علاءعبدالرحيم,علاء
بكرمحروس,بكر
عبدألله,عبد
شاكرعجايبى,شاكر
احمدسعيدعطا,احمدسعيد
مسعودعبدالفضيل,مسعود
حامدمصطفي,حامد
زيادمحمودمحمد,زياد
منصوربسيوني,منصور
محمدعبدالحميدسيد,محمد
محمدمحمودعبدالجليل,محمدمحمود
عزازسليم,عزاز
نورمحمدعيسي,نور
فهدرمضان,فهد
محمديه,محم
محمداياد,محمد
لمياءعلى,لمياء
جعفرعمر,جعفر
أحمدبربرى,إحمد
السمكي,الس
بحراني,بحر
عمروحمدي,عمرو
نظيرمنوفي,نظير
بحرانى,بحر
منتصرسعيد,منتصر
نورالشريف,نور
الكلانى,الكل
محمدمقبولى,محمد
العبدعلى,العبد
عبدالناصرانور,عبد
العبدفهيم,العبد
عبدالغفارعبدالراضي,عبد
عبدالستارعمران,عبد
حفصةاحمد,حفص
ماهرمكين,ماهر
نصرباخوم,نصر
اسكندرفهمي,إسكندر
ذكرياعبدالنافع,ذكريا
الجيدمحمد,الجيد
الزبنى,الز
احمدابوالحمد,إحمد
عبدالناصرعباس,عبد
محمدالذاكر,محمد
الاميرعبدالمحسن,الآمير
ماهرثابت,ماهر
منتصرعبدالرحمن,منتصر
مختارعبدالوهاب,مختار
عمرعبدالنعيم,عمر
عبدالذاكى,عبد
محمدوافى,محمد
عبداالصبور,عبدا
عدالنعيم,عدا
عبدالشكوراسماعيل,عبد
عبدالنظيرمراجع,عبد
عبدالنظيراحمد,عبد
الصغيرعبدالواحد,الصغير
رشادابوالمعاطى,رشاد
درديرخليفة,دردير
فكوراسكندر,فكور
المعزانس,المعز
سقاوعبدالموجود,سقاو
محمدعبدالستارعبدالحميد,محمدعبدالستار
عبدالناصرعبدالوهاب,عبد
عبدالصبورعمر,عبد
محمودسنجاب,محمود
عبدالحميدعبدالراضى,عبد
ماهرحنس,ماهر
فايزعبدالراضى,فايز
مختاررشدى,مختار
عبدالصبورحسن,عبد
الصابرين,الصا
كوثرعبدالمنعم,كوثر
منارعطيه,منار
الواحدابراهيم,الواحد
محمدجادالكريم,محمد
عبدالنظيرسليم,عبد
السيوف,الس
عبدالبسط,عبد
عبدالراضىابوالمجد,عبدالراضي
حسناءسيد,حسناء
مايزعبدالعال,مايز
خالدعبدالعاطي,خالد
راشدرضوان,راشد
داودعبدالعظيم,دأود
محمودبهنساوي,محمود
شلفامى,شلف
حربىشعبان,حربي
الرووفمحمد,الرووف
مصطفىمحموديوسف,مصطفي
معتزاشرف,معتز
الدباى,الد
العبدسباق,العبد
عمروعوض,عمرو
خليلين,خلي
الاميرهاشم,الآمير
عبدالستارخلف,عبد
اسماءعبدالنعيم,إسماء
رانياعبدالعاطى,رانيا
اسكاعيل,اسكا
الصغيرموسى,الصغير
عبدالعاعطى,عبدالع
عبادالسلام,عباد
معبدصدق,معبد
نظيرمهدى,نظير
بدرىحسين,بدري
مسعودعبدالرازق,مسعود
وليدعصام,وليد
احمدوزيرى,إحمد
لستارعبداللاه,لستار
العبدابوالمجد,العبد
شاكرابوسحلى,شاكر
علداللطيف,علد
عبدااللاهى,عبدا
سعدسمان,سعد
ابالمجد,أبا
احمدالاسد,إحمد
احمدعايش,إحمد
صابرعبدالنعيم,صابر
العبداسماعيل,العبد
فاروقسليمان,فاروق
عبدالجوادسعد,عبد
الصغيردسوقى,الصغير
عبدالمقصد,عبد
محمدطايع,محمد
بكيرعبادى,بكير
السعوداحمد,السعود
ايوالسعود,أيو
الضوىصديق,الضوي
هاجرعبدالستارمحمد,هاجر
عببداللاه,عببد
عبدالقادرطواب,عبد
عمروعبدالرازق,عمرو
عبدالصبوركمال,عبد
سيدابوالحسن,سيد
محمحمود,محم
جادلرب,جاد
عبداباسط,عبدا
انورفتحي,أنور
غديرنظمى,غدير
احمدصبره,إحمد
جعفرصابر,جعفر
عبدالجبارحسن,عبد
عبدالعزيزحامد,عبد
عدالحق,عدا
عبدالزاهرعباس,عبد
النجارابراهيم,النجار
عايدله,عاي
العبدعبدالهادى,العبد
حميدعبدالسيد,حميد
القيمانى,الق
العبدالصغير,العبد
اسماءحماده,إسماء
عبدالناصرابوالنجا,عبد
عبدالمريم,عبد
نعيمةعبدالروف,نعيمة
عمروالديب,عمرو
عشورمحمود,عشور
سيدخيرى,سيد
عبدالموجودعبدالقادر,عبد
رزقلله,رزق
تداروس,تدا
شيماءحمدان,شيماء
سميرعبيد,سمير
العبدسعيد,العبد
ناصرفهيم,ناصر
عبدالحميدمحروص,عبد
محسباحمد,محسب
بدوىابوبكر,بدوي
بوالحمد,بوال
عبدالتين,عبدا
عبدالاسلام,عبد
علىمطاوع,علي
خالدعزت,خالد
محمدابوغالى,محمد
سعدالبهنسى,سعد
سيداحمدابو,سيد
جابرمطاوع,جابر
محمدالزنطاوى,محمد
احمدالحمضى,إحمد
اليزيدبسيونى,اليزيد
رناعبدالقادر,رنا
حمدعبدالوهاب,حمد
عبدالمجيدحنيش,عبد
وليدابراهيم,وليد
السيدموافى,السىد
عبدالمجيدالبدراوى,عبد
احمدضبيش,إحمد
عبدالحميدمحمدربيع,عبد
محمدالجارحى,محمد
احمدالموصل,إحمد
البعجينى,البع
عبدالعزيزحمود,عبد
احمدالسبكي,إحمد
اسراءربيع,أسراء
اسراءعابد,أسراء
اسماءرمضان,إسماء
اسماءزاهر,إسماء
اسماءعبدالعاطى,إسماء
الاءابراهيم,ألآء
الاءسامى,ألآء
الاءسميرعلى,ألآء
الاءعبدالباسط,ألآء
الاءعلى,ألآء
الاءمصطفى,ألآء
رضاعبدالواحد,رضا
الدريكلى,الدري
محمدابواحمد,محمد
خلودوائل,خلود
دعاءعيد,دعاء
دينااشرف,دين
رانياعبدالعزيز,رانيا
رناحاتم,رنا
السعيدعبدالقادر,السعيد
رناحسين,رنا
رناممدوح,رنا
مختارجوده,مختار
سهيرمحمد,سهير
فيولانشات,فيولا
ياراايمن,يارا
احمدالفلاوي,إحمد
السيدالجويني,السىد
زكرياغلوش,زكرىا
محمودالسويسي,محمود
عبدالواحدعبدالحليم,عبد
مسعودابراهيم,مسعود
عبدالعزيزعنتر,عبد
عيدحتحوت,عيد
نمرعبدالباقى,نمر
عبدالمقصودعثمان,عبد
احمدالمنشاوي,إحمد
الزهراءعبدالفتاح,الزهراء
اسماءعاطف,إسماء
عبدالمجيدصبحى,عبد
عبدالناصرمصباح,عبد
النوسان,النو
عبدالجيدعلام,عبد
السعيدعبداللطيف,السعيد
محمدالشيشتاوي,محمد
عيدعبدالمنعم,عيد
شيماءفوزى,شيماء
سعدمحمدعلى,سعد
شيماءمرسى,شيماء
احمدمحمدعبدالنبى,إحمد
علياءعلاءعلى,علىاء
فرحاتسعداوي,فرحات
الخيرميخائيل,الخير
عبيروائل,عبير
البشناجى,البش
الاءفتح,ألآء
الهميس,إله
العزيزابواحمد,العزيز
السيدالسيدعامر,السىد
عبدالغفارابوالفضل,عبد
عبدالغفارشلبى,عبد
سوسوعماد,سوسو
حامدالبريدى,حامد
السنهور,السن
عمرغريب,عمر
نصرخضر,نصر
الفرنوا,الف
محمدالشقاوى,محمد
السعيدمحمدعامر,السعيد
عبدالحميدابوالفتح,عبد
عنبرالحلو,عنبر
محمودالبرماوي,محمود
فايدعيسى,فايد
سعدالصاوى,سعد
العزيزالديهى,العزيز
المجيداسماعيل,المجيد
السيداحمدالطنجه,السيدأحمد
زكرياالدشاش,زكرىا
سناءمحمد,سناء
السيدابوفول,السىد
عبدالستارالسعيد,عبد
هديرسعد,هدير
فداءالاسلام,فداء
سيدروجه,سيد
محمدانورعبدالغني,محمدا
احمدالسيدعلي,إحمد
السيدغزال,السىد
احمدعبدالحميدعبدالسلام,أحمدعبدالحميد
منيرعمران,منير
احمدالصوفاني,إحمد
عبدالناصرعبدالمجيد,عبد
عبدالحميدعسكر,عبد
محمدالدجوي,محمد
محمودمحمدالسيد,محمود
محمدمحمودمحمدسالم,محمدمحمود
الساكرجمعه,الساكر
محمدعبدالمجيدهندي,محمدعبدالمجيد
طاهرعبدالحميد,طاهر
هديرعبدالنبي,هدير
رشاابراهيم,رشا
شاكرالسيدعلي,شاكر
عبدالجوادعبده,عبد
مندورالطحان,مندور
عبدالصمدعبدالخالق,عبد
وفااحمد,وفا
محمدسيداحمدابراهيم,محمد
راشدزيدان,راشد
محمدبندق,محمد
الزغره,الز
برهانه,بره
خاطرعبدالقادر,خاطر
اسراءعصام,أسراء
القبيه,الق
علىالقصاص,علي
محمودخريصه,محمود
جابردرويش,جابر
محمدحجر,محمد
محمدالشبيه,محمد
احمدالجربيد,إحمد
زهيرمحمد,زهير
عبدالعزيزالسعيد,عبد
السيدابوالعينين,السىد
بكرعاطف,بكر
نصركريم,نصر
محمودابونار,محمود
عبدالقادرهنداوى,عبد
جبرابومحمود,جبر
منارعبدالعليم,منار
ناصرعمر,ناصر
اسراءالدسوقى,أسراء
السيدحشاد,السىد
فؤادعابدين,فؤاد
سعيدناصر,سعيد
السيدالبيلى,السىد
السيدالعيسوى,السىد
السيدالمرسي,السىد
السيداحمدالعشرى,السىد
زكرياعلي,زكري
السعيدغالي,السعيد
دويدارعبدالعزيزمحمد,دويدار
معبدحجازى,معبد
السنباتى,السن
اسراءحماده,أسراء
يارارفعت,يارا
القفال,الق
نجلاءالسيد,نجلاء
عبدالمديم,عبدالم
محمودالطاهر,محمود
محمودالطنطاوى,محمود
الشيماءعلى,الشيماء
ابهنان,ابة
محمدعتش,محمد
اسراءمصطفى,أسراء
محمدخضره,محمد
دمرعلى,دمر
الدهمش,الد
خلودعبدالرحمن,خلود
الزغنى,الز
الجوادالمنسى,الجواد
سعدمسلم,سعد
مسعدجمعه,مسعد
السبار,الس
نصرعبدالباسط,نصر
عبدالغفارعبدالعواض,عبد
البلينى,البل
ديناعطوه,دينا
الشعنوبى,الشع
الحياتى,الحي
عبددالرحمن,عبدد
سعيدصالح,سعيد
عبدالقادرجميل,عبد
احمدمحروس,إحمد
جلفدان,جلف
الفهاد,الف
بلعاوى,بلع
بابيرس,باب
السملي,الس
الرقاق,الر
اندروعماد,أندرو
ميراعادل,ميرا
الجعويني,الجعو
محمودوافى,محمود
عبدالقادرسليم,عبد
محمدفولى,محمد
محمودالنقراشي,محمود
عمرسرحان,عمر
محمدملاحظ,محمد
عبدالمنجلي,عبدالم
عبدالجوادفزاع,عبد
عبودتغيان,عبود
عبدالشارف,عبد
حامدعبدالامام,حامد
محمدوصفى,محمد
السيدحمدي,السىد
عبدالشاقي,عبد
عبدالتاصر,عبد
عبداالرشيد,عبدا
اسكندرايوب,إسكندر
سمواتى,سمو
احمدشوكت,إحمد
مايانا,ماى
عيدالناصر,عيد
غلانوس,غلا
احمدطاهر,إحمد
عبدالمعزعبدالحافظ,عبد
محمداصيل,محمد
احمدالسنوسي,إحمد
عبدالناصرالجنادى,عبد
شمشمون,شمش
كرستبنا,كرست
جادالسبد,جاد
عبدالبرى,عبد
اوالعلا,اوال
الاربانى,آلا
خيرعبدالهادى,خير
جرائيل,جرا
اسرئيل,أسر
عبدالمنتسب,عبد
السانوس,الس
عايداحمد,عايد
ابانوس,أبا
شيماءاسماعيل,شيماء
محمداحمداحمد,محمد
هاجراحمدابو,هاجر
خلوداشرف,خلود
مصطفىاحمداحمد,مصطفي
احمدابوزيداحمد,إحمد
الحمور,الح
محمدابوسالم,محمد
دنياسيد,دنيا
عبدالستارعبدالعال,عبد
ورداتي,ورد
عبدالغفورابراهيم,عبد
انيانوس,انى
جادعبدالمولى,جاد
احمدالغول,إحمد
عبدالصبورعماره,عبد
انورعبدالملاك,أنور
المريعزى,المري
خاطرابراهيم,خاطر
محمدعلوى,محمد
بشارهعوض,بشارة
سرجاني,سرج
عبدالحميدعبدالتواب,عبد
الفقارمحمد,الفقار
صالحاحمد,صالح
عبدالناصرعبدالنبى,عبد
عبدالستاراحمدعبدالوهاب,عبد
مروهحمد,مروة
ماهرسيد,ماهر
عبدالجيار,عبد
عيدالمطلب,عيد
مسعوداندراوس,مسعود
معازسامى,معاز
عبداللمنعم,عبد
علاعفيفى,علا
وحيدحسن,وحيد
محمدالصغيرعباس,محمدالصغير
عيدعبدالصادق,عيد
انورصادق,أنور
عبيدالتواب,عبيد
حميدهحسن,حميدة
عبدالسبد,عبد
اميرهمحمود,آميرة
شلبىاحمد,شلبي
سميرربيع,سمير
عبدالباقىعبدالرحمن,عبد
حامدعبدالرازق,حامد
سيدعبدالحليم,سيد
رانداحسونه,راندا
نصرمطيريد,نصر
عشرىمحمود,عشري
عيسىعبدالجواد,عيسي
السروانى,الس
عيدعبدالوهاب,عيد
عبدالحميداحمدعبدالحميد,عبد
عبدالناصرعويس,عبد
جابرعبدالفضيل,جابر
احمدشاكر,إحمد
عبدالرحمنمرجان,عبد
عيدعبدالفتاح,عيد
سعودىمحمد,سعودي
ناروزاسعد,ناروز
صادقحسين,صادق
علاءشعبان,علاء
عبدالناصرحسين,عبد
دعاءنجاتى,دعاء
هاجرغيضان,هاجر
خالدعويس,خالد
محمدالسرسناوي,محمد
معتزعرفات,معتز
عبداللعظيم,عبد
حميدهعلى,حميدة
الهشيري,إله
عبدالناصرمحمدوجيه,عبد
سمرعامر,سمر
عمرعبدالعظيم,عمر
نمرعبده,نمر
جابرعبدالنبى,جابر
بدرعلاء,بدر
جابرعبدالحميدصاوى,جابرعبدالحميد
بشيرعطا,بشير
صابرعلىعبدالحليم,صابرعلي
محموسمير,محمو
محمودمحمدمحمود,محمود
عبدالحميدبطران,عبد
سيدرجب,سيد
نورامسعود,نورا
بكرعبدالرازق,بكر
الجيوشىعبدالغنى,الجيوشي
عبدالعزيزنصر,عبد
اللبدوي,الل
محمدتمام,محمد
رشانبهان,رشا
سيدعبدالواحد,سيد
اسكندروجيه,إسكندر
مختارفايزى,مختار
هاجروهدان,هاجر
رشدىخليفه,رشدي
عبدالهادىحزين,عبد
الجزارسيد,الجزار
وزيرعبدالفتاح,وزير
اسماءعصام,إسماء
غبدالتواب,غبد
جابرعبدالكبير,جابر
ناصرعباس,ناصر
عبدالصمدعبدالمنعم,عبد
عبدلحليم,عبد
مريانوس,مري
حلمىخلف,حلمي
عبدالظاهرعبدالمقصود,عبد
جادالولى,جاد
فتحىالقرنى,فتحي
بيترسعد,بيتر
فتحىابوالعلا,فتحي
فتحىعادل,فتحي
قرنىعبدالعظيم,قرني
سيدعبدالسميع,سيد
انورهندي,أنور
قمرالحسينى,قمر
سميرعبدالباسط,سمير
عبدالناصرشحاته,عبد
مصطفىعبدالفتاح,مصطفي
مصطفىعبدالحميد,مصطفي
عيسىعلى,عيس
زكىعبدالصمد,زكي
انورعبدالتواب,أنور
خضرعبدالحفيظ,خضر
امينةاحمد,آمين
انورعبدالوهاب,أنور
علىعزوز,علي
السعدعلى,السعد
ياسمىن,ياس
عمرراضي,عمر
عامرعبدالعظيم,عامر
عبدالقادرطلبه,عبد
بكيرمنصور,بكير
مسعودعبدالجواد,مسعود
عبدالجوادعبدالعال,عبد
سيدالسنوسي,سيد
عبدالموجودعبدالوهاب,عبد
محمدالقرني,محمد
اللعربى,الل
محمودالمرسى,محمود
اسماءعلاء,إسماء
التربينى,الترب
الستارسالم,الستار
رنااحمدالتابعى,رنا
فؤادحسان,فؤاد
خالدفياض,خالد
رشاعبده,رشا
وحيدعبدالحكم,وحيد
البلجاوى,البل
طاهرحسانين,طاهر
سيداحمدسويدى,سيدأحمد
عبدالحسنين,عبد
ماهيهاب,ماهي
داوودالملقي,داوود
بيدقدار,بيدق
وليدمحمود,وليد
الرجحي,الر
الزغمورى,الزغ
النصربصره,النصر
حمدىامين,حمد
سارةحجاج,سارة
مدثرسعيد,مدثر
لبوالوفا,لبو
المجدعامر,المجد
اسماءصلاتة,إسماء
زرزورشحات,زرزور
محموده,محم
سعيدعبدالشافى,سعيد
مسعودعلى,مسعود
عمرعبدالعاطى,عمر
عمروعبدالوهاب,عمرو
عنترعبدالوهاب,عنتر
حجاجىابراهيم,حجاجي
احمدعبدالمنطلب,إحمد
محمداحمداسماعيل,محمد
اسراءعبدالعاطى,أسراء
ابراهيممحمود,إبراهي
خيرحسين,خير
ماريللا,ماري
عمادعاصم,عماد
مارتيناعاطف,مارتينا
عاشورالري,عاشور
نورعادل,نور
نورياسر,نور
يسرعبد,يسر
عمرهلالي,عمر
خيريوساب,خير
الزهراءحسين,الزهراء
عبدالستارعبدالحفيظ,عبد
هاجرعارف,هاجر
ايماعيل,ايما
عبدالصبورالسيد,عبد
محمدمرضى,محمد
عنترسعيد,عنتر
السيدغيث,السىد
عازرغبريال,عازر
منصورغنيمى,منصور
محمدالزغاوى,محمد
منيرصادق,منير
سعيدعبدالظاهر,سعيد
مروةعاطف,مروة
القادرالألفى,القادر
عبدالغفارعبدالعزيز,عبد
خالدعبدالحكيم,خالد
منتصرابوهاشم,منتصر
الصمدعبدالرشيد,الصمد
محمدعبدالعزيزعبدالسلام,محمد
محمدزينه,محمد
ربةاحمد,ربة
القادرعزب,القادر
خالدعبدالغفار,خالد
أحمدخيره,إحمد
احمدالبط,إحمد
محمدعجاج,محمد
عبدالعزيزالعويدي,عبد
عمرأسامة,عمر
عبيرعصام,عبير
جودةالبلاط,جودة
احمدسابق,إحمد
عطاعباس,عطا
العزيزالشحات,العزيز
احمدشهاب,إحمد
محمدأحمدمحمد,محمد
القادرالسعيد,القادر
أنورسالم,أنور
المعبودمحمود,المعبود
خالدمسعود,خالد
محمدالحضرى,محمد
محمدالرخ,محمد
منارسعيد,منار
ياسرعاطف,ياسر
سعيدعراقى,سعيد
سعيدعبدالواحد,سعيد
محمدمصلحي,محمد
العزيزحامد,العزيز
محمودعاد,محمو
نهادعلاء,نهاد
محمودأبوشوشة,محمود
عبدالقادرمشعل,عبد
محمداحمدعوض,محمد
عيدالونيس,عيد
عبدالستارشكرى,عبد
انورجادالرب,أنور
زهورعبدالحميداحمد,زهور
سعبدمحمود,سعبد
عبدالنورعبدالعزيز,عبد
عطيةعبدالخالق,عطية
سعيدبدر,سعيد
عبدالعزيزوهبة,عبد
السيدعبدالصادق,السىد
سعيدكامل,سعيد
عبدالقادرالبصيلى,عبد
عبدالعزيزالخيال,عبد
العبدعبد,العبد
عبدالعزيزرفعت,عبد
زيدعيسى,زيد
اميرعدنان,آمير
عبدالناصرمهدى,عبد
بهاءبلال,بهاء
مروةالسيد,مروة
غديرالشافعى,غدير
حمادةعلى,حمادة
السيدغمرى,السىد
ألهامي,إله
المعزعبد,المعز
هناءمحمد,هناء
العزيزمحمود,العزيز
السيدعقيده,السىد
صابرصالح,صابر
السيدحجازى,السىد
احمدحمادة,إحمد
خالدحمادة,خالد
ندىمحمد,ندي
هديررمضان,هدير
محمودوصفى,محمود
عبيرمحمود,عبير
أحمدالسيدشعبان,إحمد
الحميدخالدعبدالحميد,الحميد
دالوهاب,دال
مصطفىالشافعى,مصطفي
نوراالشحات,نورا
ألحسين,الح
علوىمحمد,علوي
عبدالستارعبدالعزيز,عبد
مهدىعبدالعزيز,مهدي
اسماعيلمحمد,أسماعيل
ياسرابراهيم,ياسر
نادرعبدالحميد,نادر
عبدالعزيزاحمدحسن,عبد
عبدالحميدابوساطى,عبد
هبةجميل,هبة
السيدأحمدعطية,السىد
احمدالعساسي,إحمد
محمودكرم,محمود
نوراعبدالفتاح,نورا
أسماءصالح,إسماء
شحاتةمحمد,شحاتة
عبدالمعزمطاوع,عبد
خيرىمحمدعبدالغنى,خيري
سمرحسن,سمر
موسىمحمد,موسي
عطيةرمضان,عطية
الهادىالسيد,إلهادى
وجدىحسام,وجدي
عمروابراهيم,عمرو
عبدلمقصود,عبد
احمدعبدالعزيزمحمد,إحمد
هديرهانى,هدير
اميرممدوح,آمير
محمودعشماوى,محمود
آلاءالسيد,ألآء
شاهينازعبدالجليل,شاهيناز
صابرعليوه,صابر
ياسريوسف,ياسر
عبداالمحسن,عبدا
فايزالفضالى,فايز
انورابو,أنور
سميرهنري,سمير
رنامحمد,رنا
منيرشحاتة,منير
عبدالمدثر,عبد
الارية,آلا
عبدالعتال,عبد
مديحةاسماعيل,مديحة
شيماءمحمود,شيماء
سريهان,سري
عبدالحابر,عبد
نصرعبدالظاهر,نصر
خضرعبدالعزيز,خضر
حسينمليجى,حسين
لليانه,للي
اسراءابو,أسراء
ميرىيعقوب,ميري
جابرنجيب,جابر
اسكندرذكى,إسكندر
ليفنيا,ليف
مادوناعزيز,مادونا
عبدالعزيزعبدالجابر,عبد
المعزسلطان,المعز
عبدالجابري,عبد
شيماءسيد,شيماء
مختارهاني,مختار
نادراسحق,نادر
عبدالقادرطنطاوى,عبد
ياسرعبدالصابور,ياسر
عبدالجبارمحمد,عبد
انسيموس,أنسي
ابراراحمد,أبرار
عبدالبصيرعبدالرازق,عبد
عبداللتواب,عبد
مجدىزغلول,مجدي
عيدحسب,عيد
دنياعرفات,دنيا
بدرعاشور,بدر
بيلاجين,بيلا
صابراسماعيل,صابر
احمدعيون,إحمد
سميرعبدالمالك,سمير
عيدابوسمره,عيد
متولىعلى,متول
محمداحمدالبدوى,محمد
خالدعماد,خالد
عبدالعزيزاحمدعبدالعزيز,عبد
عمرواشرف,عمرو
محمدمنصورمحمد,محمد
محمدعبدالستارعثمان,محمدعبدالستار
النبىحسانين,النبي
مصطفىالغزالى,مصطفي
السيدحافظ,السىد
اسراءحسام,أسراء
سعدالاهوانى,سعد
نورسعيد,نور
عبدالعزيزعبدالخالق,عبد
سعيدفتحي,سعيد
حمدىجمال,حمدي
جابرعماد,جابر
احمدالكبير,إحمد
سعيدعبدالرحمن,سعيد
سحرماجدى,سحر
احمدعمرمحمد,إحمد
بشيرحسين,بشير
خالدعبدالحليم,خالد
ياسرعبدالمجيد,ياسر
رضاعبدالمنعم,رضا
نصرجودة,نصر
احمدرافت,إحمد
احمدصابرحجازى,احمدصابر
فهدمحمد,فهد
محمدصابرعبدالسميع,محمدصابر
محمودحجاب,محمود
منصورصبره,منصور
محمداابراهيم,محمد
عمرعبدالقادر,عمر
عمروليد,عمر
القادرحجاب,القادر
الاحمدية,آلا
الاشكر,آلا
عبدالناصراشرف,عبد
محمدأبوالعلا,محمد
جابرعيد,جابر
فايزذكرى,فايز
سيدعبداعال,سيد
هناءمحمود,هناء
اماعيل,أما
ديناعاطف,دينا
رانياعز,راني
يارانبيل,يارا
غبدالعال,غبد
اشرفعصمت,آشرف
صموئيلرزق,صموئيل
ماهريسى,ماهر
سميرصدقى,سمير
عبدالظاهرنصير,عبد
روفبده,روف
نداملاك,ندا
ابادرسعيد,ابادر
الجابرحسن,الجابر
فايزيوسف,فايز
عبدالهدى,عبد
مختارزكى,مختار
اسراءرمضان,أسراء
عبالحافظ,عبا
صدقىحسن,صدقي
سيدابوالغيط,سيد
جابرعبدالغنى,جابر
عبدالصبورعبد,عبد
عبدالصبورعبدالرازق,عبد
شاكرمحمود,شاكر
عمروبخيت,عمرو
احمدعبدة,إحمد
سميرهلال,سمير
محمودخشبه,محمود
محمدالرزق,محمد
سمرعرفه,سمر
عبدالنلصر,عبد
سحرعبدالمعز,سحر
علاءحسن,علاء
محمودمحمدعبداللطيف,محمود
الرحيمبدوي,الرحيم
شيماءعبدالعزيزحسن,شيماء
هناءمصطفى,هناء
ولاءعصام,ولآء
فايزملك,فايز
العزيزجلال,العزيز
صابرحمدان,صابر
محمدخشبة,محمد
صابربسطا,صابر
عمرحازم,عمر
عمرعبداللطيف,عمر
صابرميهوب,صابر
صابرابوالمجد,صابر
ايةاحمدتوفيق,إيه
سعدجاب,سعد
عاشورسيد,عاشور
سحراحمد,سحر
رضازعفرانى,رضا
عامرسلامة,عامر
روضةفتحى,روضة
الماجدابراهيم,الماجد
عبدالجبارعبد,عبد
عبدالصمدابو,عبد
الصمدابو,الصمد
دامرداش,دامر
عبداالشافي,عبدا
احمدرامى,إحمد
سعيدسيد,سعيد
مصطفىمحمود,مصطفي
رانياابو,راني
شاهينازمحسن,شاهيناز
نصارعبد,نصار
عيدعبدالعليم,عيد
احمدمدين,إحمد
سيدحامد,سيد
مختارسيد,مختار
عبدالحفيظسيد,عبد
أحمدمؤمن,إحمد
مهاعطا,مها
اسماءعمرون,إسماء
عمروعبدالحميد,عمرو
عبيرسيد,عبير
عبدالستارقرنى,عبد
عمادعلي,عماد
عيدشريف,عيد
عبيدعبدالتواب,عبيد
عبدالظاهرعبدالباقى,عبد
مختارجابر,مختار
العاطىسيد,العاطي
مختارعبدالمقصود,مختار
رفاعىابراهيم,رفاعي
سميرعويس,سمير
أميرشعبان,آمير
ولاءاسماعيل,ولآء
سيدعبدالمحسن,سيد
عمروأسامه,عمرو
احمدغيضان,إحمد
بدرأبوسيف,بدر
عبدالقادرمحمدعبدالنعيم,عبد
محمودأمين,محمو
منارحميد,منار
سراءتوفيق,سراء
سراءربيع,سراء
سراءرجب,سراء
سراءعماد,سراء
جابرقرني,جابر
صابرعويس,صابر
الناصرسعد,الناصر
أرماني,ارم
منيرصديق,منير
عيدالغني,عيد
نداحسن,ندا
عمارعبدالمنعم,عمار
هاجرعمار,هاجر
ناصرمحمدعبدالحميد,ناصر
بسمةعادل,بسمة
نمرمحمد,نمر
احمدتايب,إحمد
سيدعبدالعاطى,سيد
محمدسيدامام,محمدسيد
سيدمحموداحمد,سيد
سيدذكى,سيد
جهادرجب,جهاد
بدارثابت,بدار
الستارمحمدين,الستار
سعيدمحمدمجاهد,سعيد
عمروزيدان,عمرو
عمروعشرى,عمرو
كرستيناجرجس,كرستينا
السيدعبدالبديع,السىد
عبدالجوادعبدالعليم,عبد
هندمحمدسالم,هند
جابرجمعه,جابر
العيدشتيوي,العيد
وليدعبدالعظيم,وليد
المعزسعد,المعز
مصطفىرياض,مصطفي
هانىحسن,هاني
سميرةعماد,سميرة
شاكرفهمي,شاكر
صابرذكا,صابر
ناصرفتحي,ناصر
تامرسليمان,تأمر
السامرى,الس
نورةعيد,نورة
عزيزبباوى,عزيز
اللةعبد,اللة
عبدالستارامين,عبد
بكرعبدالمنعم,بكر
احمدكرم,إحمد
أميمةرجب,آميمه
سميةعبد,سمية
منارسيد,منار
عاشوررمضان,عاشور
احمدبكري,إحمد
السخيلاتي,السخيل
سميرفتحى,سمير
عبدالبنبي,عبد
سيدالشيمى,سيد
ضحىشعبان,ضحي
الخيرمنصور,الخير
خضرعزمى,خضر
سمرفرج,سمر
دينارىعلى,دينار
مخيمرإسماعيل,مخيمر
ناصرسيد,ناصر
ياسرعويس,ياسر
الخيرفاروق,الخير
ديناجبر,دينا
تامرشعبان,تأمر
عبيرحسين,عبير
احمدحمدي,إحمد
ميناغطاس,مينا
مجدىرمزى,مجدي
اسراءصالح,أسراء
اسماءصبحى,إسماء
صبحىسيد,صبحي
فكرىعبد,فكري
عبدالظاهرسليمان,عبد
اسراءعبدالفتاح,أسراء
صابرفتحى,صابر
عبيرجمعه,عبير
محمدخالدسليمان,محمدخالد
محمدصابرفراج,محمدصابر
جابراحمدعبدالغفار,جابر
خالدجمعه,خالد
عيدمرسى,عيد
هندحسين,هند
هاجرشاكر,هاجر
زاخرحبيش,زاخر
الاءعبد,ألآء
حبيبةالرحمن,حبيبة
مهرابيل,مهر
معازمحمد,معاز
منارابراهبم,منار
جابرعبدالرسول,جابر
هاجرحجازي,هاجر
علىحرب,علي
احمدسلامةعبدالنبى,أحمدسلامة
سيدمبروك,سيد
احمدمحمودعبدالعاطى,إحمد
جودةابراهيم,جودة
عيدمحمدعبدالمنعم,عيد
خالدقرنى,خالد
جودةعلى,جودة
احمدمحمدالسبع,إحمد
عزوزمحمدرجب,عزوز
عوادابوحامد,عواد
عمادعيدحسن,عماد
محمدسيدقرنى,محمدسيد
سيدوهبة,سيد
احمديحي,إحمد
الحميدجمعة,الحميد
علياءمحموداحمد,علىاء
ولاءمحمودعلي,ولآء
انجىحمادة,أنجي
أحمدمحمودعبد,إحمد
عبدالهادىابوعلوه,عبد
عبدعزيز,عبد
الحميدأبو,الحميد
الحميدابوسيف,الحميد
نداحسين,ندا
عيدعبدالتواب,عيد
عبدالسيدمحمد,عبد
عمارقناوى,عمار
علوانىراشد,علواني
محمدمحمدالخولي,محمد
البصيرعبدالعاطى,البصير
حبراره,حبر
احمدسيدعلى,إحمد
اسماءمحى,إسماء
استيفيانى,أستيف
اروىمصطفى,آروي
استرعادل,أستر
الاءجابر,ألآء
الاءسيد,ألآء
الاءمحمودعبد,ألآء
اميرةعادل,آميرة
شيماءعصام,شيماء
مادونااشرف,مادونا
عبدااله,عبدا
سلامةعوض,سلامة
جابرعلاء,جابر
تمرياس,تمر
علاسامي,علا
فايزميخائيل,فايز
منارممدوح,منار
عبدالمتكل,عبدالم
إبرايم,إبر
اسماءمناف,إسماء
اميرةمحمدابراهيم,آميرة
احمدجودة,إحمد
احمدمحمداحمد,إحمد
جمعةمحمدعيسى,جمعة
جودةكامل,جودة
محمودمحمدطه,محمود
خديجةحسين,خديجة
دنياادريس,دنيا
شيماءايوب,شيماء
جودةعبدالحفيظ,جودة
جودةاحمدعلي,جودة
عيدبكري,عيد
جمعةمحمدعبدالحفيظ,جمعة
هاجرصالح,هاجر
هديرعلي,هدير
وزيرصالح,وزير
هاجرعيد,هاجر
خالدعيد,خالد
اسماءهلال,إسماء
المشبرة,المش
عبدالفتح,عبد
خالدعياد,خالد
محمودعشرى,محمود
صابرجلال,صابر
عمروعاشور,عمرو
ديناعلى,دين
صابررويعى,صابر
عبدالمعتمداحمد,عبد
مجدىيحيى,مجدي
طرطورفراج,طرطور
سعيدجنيدى,سعيد
جابرمرزوق,جابر
طاهرعادل,طاهر
ياسرجادالمولى,ياسر
جابرزكي,جابر
فوزىحامد,فوزي
معازعبد,معاز
علياءعبدالغفار,علىاء
نادرعيد,نادر
محفوظعبدالعظيم,محفوظ
وليدسيد,وليد
جلالجمعه,جلال
زيادعويس,زياد
رشيدعبدالباقى,رشيد
عبدالمعزاحمد,عبد
ايةعلى,إيه
ايةخلف,إيه
أحمدالبطل,إحمد
عمرفهمى,عمر
شيلاني,شيل
خضرجاد,خضر
خالدعبدالعال,خالد
شحاتةعبد,شحاتة
عمرويحيى,عمرو
العاطىشحاته,العاطي
عبدالحميدرجب,عبد
عبدالعزيزعبداللهي,عبد
عبدالجوادحسين,عبد
محمدمحمودشيمى,محمدمحمود
اميرابراهيم,آمير
بدرمجدى,بدر
عزوزحسن,عزوز
صابرسعدعبدالوهاب,صابر
سعيدعثمان,سعيد
عيدعثمان,عيد
خالدمحمدعبدالوهاب,خالد
عبدالعزيزمحمدرجب,عبد
سعيدمحمدعبدالعظيم,سعيد
عمرمحمدعبدالعظيم,عمر
محمدابوبكرعبدالحافظ,محمدابوبكر
محمدجابرزكى,محمدجابر
محمدمحمدشعبان,محمد
محمودسعدعبدالعظيم,محمودسعد
محمودسعيدحسب,محمودسعيد
محمودمحمدعبدالعظيم,محمود
محمودمحمدفتحى,محمود
محمودنشأت,محمود
اسراءخطيب,أسراء
اسماءمبروك,إسماء
عبدالمجيدصالح,عبد
تيسيرصالح,تيسير
خلودخطيب,خلود
دعاءسيدابراهيم,دعاء
دعاءعشرى,دعاء
دعاءقياتى,دعاء
رانياابراهيم,راني
رجاءشعيب,رجاء
سميرسيدمحمود,سمير
سيدحميده,سيد
سعادمحمدحسين,سعاد
سمررشدى,سمر
شيماءمحمدرجب,شيماء
عبيرشعبان,عبير
علياءجمعه,علىاء
عبدالبرعبدالحميد,عبد
محمدابوهشيمه,محمد
سيدعبدالحميدعبدالنبى,سيدعبدالحميد
عبدالبرصالح,عبد
سعدمحمدمحمد,سعد
نورارجب,نورا
نوراعلى,نور
هاجرربيع,هاجر
جمعةعبدالسلام,جمعة
عبدالمجيدسلامه,عبد
عبدالبصيرخضر,عبد
نصرابوبكر,نصر
ناصرعبدالغنى,ناصر
داليامصطفي,داليا
احمدصياح,إحمد
خضرفوزى,خضر
عامرحامد,عامر
عيادحميده,عياد
دشطوطىابراهيم,دشطوطي
وليدرأفت,وليد
وزيرغيضان,وزير
أحمدعليان,إحمد
انتصارجابر,أنتصار
ماهرفؤاد,ماهر
مرادعبد,مراد
العزيزمسلم,العزيز
أحمدسعيدأبوهشيمه,احمدسعيد
يسرىحبيب,يسري
أحمدمحمدمحى,إحمد
منتصرعبدالمعز,منتصر
سيدفضالى,سيد
ياسرعشرى,ياسر
عبدعلوانى,عبد
سامىيعقوب,سامي
عمروفتحى,عمرو
ماهرجابر,ماهر
احمدخالدعبد,إحمد
عبدالايم,عبد
عبيرأشرف,عبير
عبدالناصركليب,عبد
أحمدعبدالستار,إحمد
محمدهواري,محمد
منجداحمد,منجد
بسمةياسين,بسمة
اسماءعبدالتواب,إسماء
عبيرجمال,عبير
محمدراتب,محمد
الآقطش,آلا
فايزحسين,فايز
عبيرمهيدى,عبير
أسماءأحمدمصطفى,إسماء
ديناأحمدمصطفى,دينا
شيماءنزيه,شيماء
نظلةعويس,نظلة
احمدزكي,إحمد
نورامصطفي,نورا
يسرعلواني,يسر
احمدابوهريرة,إحمد
مختارعطااللة,مختار
سيدابوهشيمة,سيد
عبدالحميدعبدالهادى,عبد
سيدعبدالدائم,سيد
سحرعبدالعاطى,سحر
نصرعبدالسلام,نصر
قرنىعيد,قرني
ثروتمحمود,ثروت
عاشورعبدالعاطى,عاشور
مياركامل,ميار
عبدالناصرجاهين,عبد
محمدجودة,محمد
عبدالحميدعادل,عبد
شحاتةعدوي,شحاتة
عمرومحروس,عمرو
عبدالصبورياسين,عبد
عبدالبصيرياسين,عبد
الهدىرمضان,الهدي
علىخلف,علي
عيداللطيف,عيد
محمدعبدالمهيمن,محمد
اللقاتي,اللق
رشادخطاب,رشاد
صابرعبدالسميع,صابر
السيدالاسود,السىد
سحرحسن,سحر
سميرخالد,سمير
عبدالرشيدعبدالعزيز,عبد
ناصرالطوخى,ناصر
ايوالغيط,أيو
ياسرحسين,ياسر
محمدمحمدرشاد,محمد
عمرنبيل,عمر
احمدهدهد,إحمد
خالدجلال,خالد
احمدالطبال,إحمد
برعىابو,برعي
خالدعدلى,خالد
عبدالستارسلامة,عبد
خليفةعبدالحميد,خليفة
هديرفتحى,هدير
محمودالزهوى,محمود
محمدالحبشاوى,محمد
عيدالعطار,عيد
عطيةعبدالمعطى,عطية
سميرحسانين,سمير
زاهرعبدالفتاح,زاهر
اميرومحمد,أميرو
عبدالبارىالدسوقى,عبد
عبدالستارعبدالمقصود,عبد
عمررضا,عمر
ياسرابوالهدى,ياسر
احمدالشع,إحمد
عبدالمقصودالتلبانى,عبد
نصرجاب,نصر
عبدالعزيزالتهامى,عبد
ضياءمحمد,ضياء
عبدالحميدالنمر,عبد
الصافتي,الصا
علىسعداوى,علي
عمرالكاشف,عمر
السيدالزامك,السىد
جابرمحمدعبدالدايم,جابر
هبةالحسين,هبة
السيدالسعيدابوالحسن,السيدالسعيد
رشادأحمد,رشاد
عمرهجام,عمر
ناصرمختار,ناصر
عمروسمير,عمرو
محمودزعتر,محمود
براهيمالمخشن,براهيم
الهيندى,الهى
عبدهزكريا,عبدة
الأبلجى,الأب
السعيدالعتال,السعيد
سهيلةالسعيد,سهيلة
أحمدالتابعى,إحمد
محمودالدمياطى,محمود
الكرارني,الكر
اميرةمحمد,آميرة
السيدحلمى,السىد
تابراهيم,تابر
وهبةدبور,وهبة
الانون,آلا
محمدمحمدسلامة,محمد
محمدمحمدأبومحمود,محمدمحمد
الزبدة,الز
معتزحامد,معتز
مسعدالشطوي,مسعد
عبدهربه,عبدة
جمعةعلي,جمعة
زكرياالفار,زكرىا
منارعبده,منار
منارإبراهيم,منار
آيةأحمد,إيه
العزيزبركات,العزيز
الغيطاتى,الغيط
الفنوح,الف
الاءعيد,ألآء
السعيدرأفت,السعيد
العزيزالمنزلاوى,العزيز
بشيرزكريا,بشير
أنورعبده,أنور
محمودصبح,محمود
محمدعماشة,محمد
العزيزأنور,العزيز
أمنيةأحمد,آمنية
محمدالغيطانىمحمد,محمدالغيطانى
أحمدفريد,إحمد
محمداللطيف,محمد
محمدالعيوطى,محمد
اليزيدعبد,اليزيد
النورأبو,النور
صابرفرح,صابر
عبدالقادرالمسرى,عبد
حمدأبو,حمد
المجيدشطا,المجيد
عاشورالبرمة,عاشور
الإخطابى,آلا
سميرأحمد,سمير
محمدالحوتي,محمد
المقصودالشافعي,المقصود
المقصودالسيد,المقصود
صابررزق,صابر
محمودمحمدعلى,محمود
محمدنوارش,محمد
عبدالحميدالدهشان,عبد
محمدالسيدعويضة,محمدالسيد
السعيدمعوض,السعيد
السعيدأبوالعينين,السعيد
السعيدفارس,السعيد
أحمدرمزى,إحمد
الظاهرشحاته,الظاهر
أحمدأحمدعياد,احمدأحمد
السعيدنوفل,السعيد
محمدالمرشدي,محمد
زيادعبده,زياد
سعدالمتولى,سعد
محمودمحمودالمعصرانى,محمودمحمود
عبدالغفارأبوالشافعي,عبد
مسعدالشربينى,مسعد
محمدالبسىونى,محمد
محمدالناغي,محمد
محمدمحمدالغريب,محمد
الشرنونى,الشر
مصطفىابراهيم,مصطفي
محمدبلال,محمد
دينافتحى,دينا
دينامجدى,دين
ديناعلاء,دينا
طاهرالشرباصى,طاهر
قدرىمحمد,قدري
أحمدحواس,إحمد
محمدأبوعبده,محمد
محمدمحمودالشرقاوى,محمدمحمود
محمودالعشرى,محمود
المجيدالمنزلاوى,المجيد
الخالقسليمان,الخالق
عيدالشخيبى,عيد
الخيرفوزى,الخير
طاهرمصطفى,طاهر
السعيدالعساس,السعيد
أحمددعيبس,إحمد
المتولىخير,المتولي
السيدعجيز,السىد
جبرالنحاس,جبر
الحسينىالاسود,الحسيني
المعاطىالعزب,المعاطي
خضرسلطان,خضر
السعيدحسنى,السعيد
فايزمجاهد,فايز
الغفارزهران,الغفار
اسماءجمال,إسماء
اسماءحسام,إسماء
روميساءابراهيم,روميساء
اميرابو,آمير
شيماءوائل,شيماء
احمدهلاليه,إحمد
بديرأبوالنجا,بدير
ناصررئيس,ناصر
عبدالغفارعماشة,عبد
الجوادسيد,الجواد
صابرأيوب,صابر
السيدالمسيرى,السىد
أميرةابراهيم,آميرة
والعوض,وال
المرسىخليل,المرسي
سميرحسب,سمير
وفاءأحمد,وفاء
حامدممدوح,حامد
علىدسوقى,علي
صابرمحمدسالم,صابر
الموجودابو,الموجود
محمدمحمدطه,محمد
رانيافرج,رانيا
سعدعبدالحليم,سعد
محمودعماد,محمود
شاهدنه,شاه
حلمىمحمد,حلمي
الحيسنى,الحي
مصطفىالجزيري,مصطفي
العقاديمحمود,العقادي
جودةإسماعيل,جودة
السعيدالدنجاوى,السعيد
حامدهويدي,حامد
العزيزالجمل,العزيز
النصربدوى,النصر
الإبابى,الأب
خضرعوده,خضر
الكتاني,الكت
جابرفتحي,جابر
نورصبري,نور
منيرالبربرى,منير
ياسرعبده,ياسر
محمدالأعصر,محمد
اللآوندى,اللا
ظافرسعد,ظافر
الاءمدكور,ألآء
ديناهشام,دينا
المهدىالشربينى,المهدي
محمدمعاطى,محمد
شيماءظريف,شيماء
نصرشرف,نصر
سميرأبوالمعاطى,سمير
محمدالسيدالسعيد,محمد
مسلمالحنفى,مسلم
رجاءجبر,رجاء
حامدالباروجى,حامد
الدسوى,الد
يحيىالسعيد,يحىي
ياسركامل,ياسر
عزيزخالد,عزيز
ياسردرويش,ياسر
سارةاحمد,سار
محمدعدنان,محمد
الزهراءحامد,الزهراء
علىالشربينى,علي
أحمدالزميتى,إحمد
بدرأحمد,بدر
فوازالإدلبى,فواز
