misspelled_surface_form,canonical_ar_name
آسـر,آسر
آلاء الرحمن,آلاءالرحمن
آلاء الله,آلاءالله
آمان الدين,آمانالدين
آمان الله,آمانالله
آمة الله,آمةالله
آمر الله,آمرالله
آمن بالله,آمنبالله
آى الدين,آىالدين
آيات الله,آياتالله
آ ية,آية
آيــــة,آية
آية اللـه,آيةالله
آية الله,آيةالله
آيةاللـه,آيةالله
آ يه,آيه
آيه اللـه,آيهالله
آيه الله,آيهالله
آيهاللـه,آيهالله
أبا بكر,أبابكر
أبو آمنه,أبوآمنه
أبو أحمد,أبوأحمد
أبو أربعة,أبوأربعة
أبو أصبع,أبوأصبع
أبو أمنه,أبوأمنه
أبو أيوبه,أبوأيوبه
أبو إبراهيم,أبوإبراهيم
أبو إدريس,أبوإدريس
أبو إسماعيل,أبوإسماعيل
أبو ابراهيم,أبوابراهيم
أبو احمد,أبواحمد
أبو اخوات,أبواخوات
أبو ادريس,أبوادريس
أبو اردب,أبواردب
أبو اسماعيل,أبواسماعيل
أبو الأسرار,أبوالأسرار
أبو الأسعاد,أبوالأسعاد
أبو الأنوار,أبوالأنوار
أبو الاسرار,أبوالاسرار
أبو الاسعاد,أبوالاسعاد
أبو البركات,أبوالبركات
أبو التنا,أبوالتنا
أبو الثنا,أبوالثنا
أبو الثناء,أبوالثناء
أبو الجدايل,أبوالجدايل
أبو الجوخ,أبوالجوخ
أبو الجود,أبوالجود
أبو الحاج,أبوالحاج
أبو الحارث,أبوالحارث
أبو الحارس,أبوالحارس
أبو الحجاج,أبوالحجاج
أبو الحديد,أبوالحديد
أبو الحرب,أبوالحرب
أبو الحسن,أبوالحسن
أبو الحسنين,أبوالحسنين
أبو الحسين,أبوالحسين
أبو الحلقان,أبوالحلقان
أبو الحمايد,أبوالحمايد
أبو الحمايل,أبوالحمايل
أبو الحمد,أبوالحمد
أبو الحمل,أبوالحمل
أبو الحمول,أبوالحمول
أبو الحيل,أبوالحيل
أبو الخشب,أبوالخشب
أبو الخضير,أبوالخضير
أبو الخير,أبوالخير
أبو الدبل,أبوالدبل
أبو الدرداء,أبوالدرداء
أبو الدهب,أبوالدهب
أبو الديار,أبوالديار
أبو الذهب,أبوالذهب
أبو الرجال,أبوالرجال
أبو الرخا,أبوالرخا
أبو الركب,أبوالركب
أبو الرو,أبوالرو
أبو الروس,أبوالروس
أبو الرى,أبوالرى
أبو الريات,أبوالريات
أبو الريش,أبوالريش
أبو الزين,أبوالزين
أبو السادات,أبوالسادات
أبو السباع,أبوالسباع
أبو السعادات,أبوالسعادات
أبو السعد,أبوالسعد
أبو السعدات,أبوالسعدات
أبو السعود,أبوالسعود
أبو السعيد,أبوالسعيد
أبو السمان,أبوالسمان
أبو السيد,أبوالسيد
أبو الشافعى,أبوالشافعى
أبو الشراب,أبوالشراب
أبو الشربينى,أبوالشربينى
أبو الشعيشع,أبوالشعيشع
أبو الشيخ,أبوالشيخ
أبو الصفا,أبوالصفا
أبو الطاهر,أبوالطاهر
أبو الطيب,أبوالطيب
أبو العباس,أبوالعباس
أبو العز,أبوالعز
أبو العزايم,أبوالعزايم
أبو العزب,أبوالعزب
أبو العزم,أبوالعزم
أبـو الـعطـا,أبوالعطا
أبـوالـعطـا,أبوالعطا
أبو العطا,أبوالعطا
أبو العلا,أبوالعلا
أبو العلاء,أبوالعلاء
أبو العلامحمد,أبوالعلامحمد
أبو العمايم,أبوالعمايم
أبو العنيـن,أبوالعنين
أبو العنين,أبوالعنين
أبوالعنيـن,أبوالعنين
أبو العيد,أبوالعيد
أبو العيش,أبوالعيش
أبو العيلة,أبوالعيلة
أبو العيله,أبوالعيله
أبو العينين,أبوالعينين
أبو العيون,أبوالعيون
أبو الغار,أبوالغار
أبو الغيط,أبوالغيط
أبو الفتح,أبوالفتح
أبو الفتوح,أبوالفتوح
أبو الفرج,أبوالفرج
أبو الفرح,أبوالفرح
أبو الفضل,أبوالفضل
أبو القاسم,أبوالقاسم
أبو القمصان,أبوالقمصان
أبو القور,أبوالقور
أبو الكرم,أبوالكرم
أبو الكمال,أبوالكمال
أبو اللبن,أبواللبن
أبو الليف,أبوالليف
أبو الليل,أبوالليل
أبو المجد,أبوالمجد
أبو المحاسن,أبوالمحاسن
أبو المرسى,أبوالمرسى
أبو المشط,أبوالمشط
أبو المعارف,أبوالمعارف
أبو المعاطى,أبوالمعاطى
أبو المعاطي,أبوالمعاطي
أبو المعاني,أبوالمعاني
أبو المكارم,أبوالمكارم
أبو المنا,أبوالمنا
أبو المندور,أبوالمندور
أبو المنصور,أبوالمنصور
أبو المواهب,أبوالمواهب
أبو المى,أبوالمى
أبو النازع,أبوالنازع
أبو النبايل,أبوالنبايل
أبو النجا,أبوالنجا
أبو النجاة,أبوالنجاة
أبو النجاه,أبوالنجاه
أبو النصر,أبوالنصر
أبو النصرسلامه,أبوالنصرسلامه
أبو النضر,أبوالنضر
أبو النعمان,أبوالنعمان
أبو النفايل,أبوالنفايل
أبو النها,أبوالنها
أبو النواس,أبوالنواس
أبو النور,أبوالنور
أبو النوم,أبوالنوم
أبو النى,أبوالنى
أبو النيل,أبوالنيل
أبو الهدى,أبوالهدى
أبو الهدي,أبوالهدي
أبو الهنا,أبوالهنا
أبو الهوايل,أبوالهوايل
أبو الهوى,أبوالهوى
أبو الهيثم,أبوالهيثم
أبو الهيس,أبوالهيس
أبو الوفا,أبوالوفا
أبو الوفي,أبوالوفي
أبو اليزيد,أبواليزيد
أبو اليسر,أبواليسر
أبو اليمن,أبواليمن
أبو اليمين,أبواليمين
أبو ايوبه,أبوايوبه
أبو باشا,أبوباشا
أبو باكى,أبوباكى
أبو باكي,أبوباكي
أبو بدوى,أبوبدوى
أبو بدوية,أبوبدوية
أبو بدير,أبوبدير
أبو بركة,أبوبركة
أبو بكر,أبوبكر
أبو بكرحماد,أبوبكرحماد
أبو بلطه,أبوبلطه
أبو بيه,أبوبيه
أبو ترك,أبوترك
أبو تركى,أبوتركى
أبو تركيه,أبوتركيه
أبو تريتى,أبوتريتى
أبو تمر,أبوتمر
أبو تيت,أبوتيت
أبو تيم,أبوتيم
أبو جاد,أبوجاد
أبو جاد الله,أبوجادالله
أبو جادالله,أبوجادالله
أبوجاد الله,أبوجادالله
أبو جازيه,أبوجازيه
أبو جاموس,أبوجاموس
أبو جبل,أبوجبل
أبو جحشة,أبوجحشة
أبو جحشه,أبوجحشه
أبو جراد,أبوجراد
أبو جرادة,أبوجرادة
أبو جريده,أبوجريده
أبو جرير,أبوجرير
أبو جلال,أبوجلال
أبو جلالة,أبوجلالة
أبو جلاله,أبوجلاله
أبو جلوة,أبوجلوة
أبو جلوه,أبوجلوه
أبو جليل,أبوجليل
أبو جمره,أبوجمره
أبو جمعة,أبوجمعة
أبو جمعه,أبوجمعه
أبو جميل,أبوجميل
أبو جميلة,أبوجميلة
أبو جندى,أبوجندى
أبو جنديه,أبوجنديه
أبو جنينه,أبوجنينه
أبو جهل,أبوجهل
أبو جوده,أبوجوده
أبو جوهر,أبوجوهر
أبو جوهرى,أبوجوهرى
أبو حاج,أبوحاج
أبو حامد,أبوحامد
أبو حبل,أبوحبل
أبو حبيب,أبوحبيب
أبو حبيبة,أبوحبيبة
أبو حبيبه,أبوحبيبه
أبو حتة,أبوحتة
أبو حج,أبوحج
أبو حجاج,أبوحجاج
أبو حجازى,أبوحجازى
أبو حجازي,أبوحجازي
أبو حجر,أبوحجر
أبو حجيل,أبوحجيل
أبو حدايه,أبوحدايه
أبو حديد,أبوحديد
أبو حديدة,أبوحديدة
أبو حرب,أبوحرب
أبو حريرة,أبوحريرة
أبو حسانين,أبوحسانين
أبو حسب,أبوحسب
أبو حسن,أبوحسن
أبو حسنين,أبوحسنين
أبو حسيبة,أبوحسيبة
أبو حسيبه,أبوحسيبه
أبو حسين,أبوحسين
أبو حسينه,أبوحسينه
أبو حشاد,أبوحشاد
أبو حشيش,أبوحشيش
أبو حصوه,أبوحصوه
أبو حطب,أبوحطب
أبو حفناوى,أبوحفناوى
أبو حفيشه,أبوحفيشه
أبو حلاوة,أبوحلاوة
أبو حلاوه,أبوحلاوه
أبو حلو,أبوحلو
أبو حلوه,أبوحلوه
أبو حليقه,أبوحليقه
أبو حليمه,أبوحليمه
أبو حماد,أبوحماد
أبو حمامة,أبوحمامة
أبو حمامه,أبوحمامه
أبو حمد,أبوحمد
أبو حمدة,أبوحمدة
أبو حمده,أبوحمده
أبو حمر,أبوحمر
أبو حمرة,أبوحمرة
أبو حمره,أبوحمره
أبو حمزة,أبوحمزة
أبو حمص,أبوحمص
أبو حموده,أبوحموده
أبو حميد,أبوحميد
أبو حميده,أبوحميده
أبو حنفى,أبوحنفى
أبو حنه,أبوحنه
أبو حنيفه,أبوحنيفه
أبو حواس,أبوحواس
أبو حوه,أبوحوه
أبو حويه,أبوحويه
أبو حيا الله,أبوحياالله
أبو حيطة,أبوحيطة
أبو خاطرة,أبوخاطرة
أبو خاطره,أبوخاطره
أبو خبر,أبوخبر
أبو خد,أبوخد
أبو خرج,أبوخرج
أبو خزيم,أبوخزيم
أبو خزيمة,أبوخزيمة
أبو خشبة,أبوخشبة
أبو خشيم,أبوخشيم
أبو خص,أبوخص
أبو خضر,أبوخضر
أبو خضرة,أبوخضرة
أبو خضره,أبوخضره
أبو خطاب,أبوخطاب
أبو خطوة,أبوخطوة
أبو خطوه,أبوخطوه
أبو خف,أبوخف
أبو خفاجى,أبوخفاجى
أبو خلاف,أبوخلاف
أبو خلبه,أبوخلبه
أبو خلعه,أبوخلعه
أبو خلف,أبوخلف
أبو خليفة,أبوخليفة
أبو خليفه,أبوخليفه
أبو خليل,أبوخليل
أبو خوصه,أبوخوصه
أبو خيال,أبوخيال
أبو خيشة,أبوخيشة
أبو خيشه,أبوخيشه
أبو داغر,أبوداغر
أبو دالى,أبودالى
أبو دبش,أبودبش
أبو دخان,أبودخان
أبو دخيل,أبودخيل
أبو دراز,أبودراز
أبو دراع,أبودراع
أبو درويش,أبودرويش
أبو دريع,أبودريع
أبو دسوقى,أبودسوقى
أبو دشيش,أبودشيش
أبو دعبس,أبودعبس
أبو دغيد,أبودغيد
أبو دقة,أبودقة
أبو دقه,أبودقه
أبو دقيق,أبودقيق
أبو دلال,أبودلال
أبو دنيا,أبودنيا
أبو دهب,أبودهب
أبو دوح,أبودوح
أبو دور,أبودور
أبو دومه,أبودومه
أبو دياب,أبودياب
أبو ديب,أبوديب
أبو ديبه,أبوديبه
أبو ديه,أبوديه
أبو ذكرى,أبوذكرى
أبو ذكري,أبوذكري
أبو ذهب,أبوذهب
أبو ذيد,أبوذيد
أبو رابح,أبورابح
أبو راشد,أبوراشد
أبو راضى,أبوراضى
أبو راضي,أبوراضي
أبو رافع,أبورافع
أبو رامون,أبورامون
أبو رباح,أبورباح
أبو ربع,أبوربع
أبو ربيع,أبوربيع
أبو رجب,أبورجب
أبو رجيله,أبورجيله
أبو رحاب,أبورحاب
أبو رحمة,أبورحمة
أبو رحمه,أبورحمه
أبو رحيل,أبورحيل
أبو رحيم,أبورحيم
أبو رزق,أبورزق
أبو رزه,أبورزه
أبو رزيق,أبورزيق
أبو رضا,أبورضا
أبو رفاعى,أبورفاعى
أبو رفاعي,أبورفاعي
أبو رقبه,أبورقبه
أبو رقعه,أبورقعه
أبو ركيبه,أبوركيبه
أبو رمضان,أبورمضان
أبو رواش,أبورواش
أبو رواى,أبورواى
أبو روميه,أبوروميه
أبو رويس,أبورويس
أبو ريا,أبوريا
أبو رية,أبورية
أبو ريشه,أبوريشه
أبو ريه,أبوريه
أبو زايد,أبوزايد
أبو زبادى,أبوزبادى
أبو زريبة,أبوزريبة
أبو زعيمه,أبوزعيمه
أبو زغاليل,أبوزغاليل
أبو زكرى,أبوزكرى
أبو زلفه,أبوزلفه
أبو زلمه,أبوزلمه
أبو زمزم,أبوزمزم
أبو زناتى,أبوزناتى
أبو زنة,أبوزنة
أبو زهر,أبوزهر
أبو زهرة,أبوزهرة
أبو زهره,أبوزهره
أبو زور,أبوزور
أبو زياده,أبوزياده
أبو زيت,أبوزيت
أبو زيتحار,أبوزيتحار
أبو زيد,أبوزيد
أبو زين,أبوزين
أبو زينة,أبوزينة
أبو زينه,أبوزينه
أبو سابح,أبوسابح
أبو سارى,أبوسارى
أبو ساطى,أبوساطى
أبو ساطي,أبوساطي
أبو سالم,أبوسالم
أبو سالمه,أبوسالمه
أبو سباطه,أبوسباطه
أبو سبع,أبوسبع
أبو ستة,أبوستة
أبو سته,أبوسته
أبو ستيته,أبوستيته
أبو سحير,أبوسحير
أبو سديرة,أبوسديرة
أبو سريع,أبوسريع
أبو سريه,أبوسريه
أبو سعد,أبوسعد
أبو سعدة,أبوسعدة
أبو سعده,أبوسعده
أبو سعيد,أبوسعيد
أبو سعيده,أبوسعيده
أبو سكر,أبوسكر
أبو سكينه,أبوسكينه
أبو سلام,أبوسلام
أبو سلامة,أبوسلامة
أبو سلامه,أبوسلامه
أبو سلمة,أبوسلمة
أبو سليم,أبوسليم
أبو سليمان,أبوسليمان
أبو سليمة,أبوسليمة
أبو سليمه,أبوسليمه
أبو سماحه,أبوسماحه
أبو سمرة,أبوسمرة
أبو سمره,أبوسمره
أبو سمك,أبوسمك
أبو سنة,أبوسنة
أبو سند,أبوسند
أبو سنه,أبوسنه
أبو سودى,أبوسودى
أبو سويلم,أبوسويلم
أبو سيد,أبوسيد
أبو سيدأحمد,أبوسيدأحمد
أبو سيف,أبوسيف
أبو شادى,أبوشادى
أبو شادي,أبوشادي
أبو شارب,أبوشارب
أبو شارود,أبوشارود
أبو شال,أبوشال
أبو شامه,أبوشامه
أبو شاهين,أبوشاهين
أبو شب,أبوشب
أبو شبانه,أبوشبانه
أبو شبكة,أبوشبكة
أبو شبكه,أبوشبكه
أبو شتا,أبوشتا
أبو شتيه,أبوشتيه
أبو شحاته,أبوشحاته
أبو شحاط,أبوشحاط
أبو شرابية,أبوشرابية
أبو شراره,أبوشراره
أبو شرخ,أبوشرخ
أبو شرديه,أبوشرديه
أبو شرف,أبوشرف
أبو شرق,أبوشرق
أبو شرمه,أبوشرمه
أبو شريبه,أبوشريبه
أبو شريخ,أبوشريخ
أبو شريف,أبوشريف
أبو شريفه,أبوشريفه
أبو شعبان,أبوشعبان
أبو شعر,أبوشعر
أبو شعرة,أبوشعرة
أبو شعله,أبوشعله
أبو شعيب,أبوشعيب
أبو شعيشع,أبوشعيشع
أبو شقه,أبوشقه
أبو شكر,أبوشكر
أبو شل,أبوشل
أبو شلباية,أبوشلباية
أبو شلبايه,أبوشلبايه
أبو شلبى,أبوشلبى
أبو شلبي,أبوشلبي
أبو شلش,أبوشلش
أبو شلق,أبوشلق
أبو شلوع,أبوشلوع
أبو شليل,أبوشليل
أبو شما,أبوشما
أبو شمعه,أبوشمعه
أبو شمه,أبوشمه
أبو شناف,أبوشناف
أبو شنب,أبوشنب
أبو شهاب,أبوشهاب
أبو شهبة,أبوشهبة
أبو شهبه,أبوشهبه
أبو شهده,أبوشهده
أبو شهله,أبوشهله
أبو شهيه,أبوشهيه
أبو شوارب,أبوشوارب
أبو شور,أبوشور
أبو شوره,أبوشوره
أبو شوش,أبوشوش
أبو شوشة,أبوشوشة
أبو شوشـــــه,أبوشوشه
أبو شوشه,أبوشوشه
أبوشوشـــــه,أبوشوشه
أبو شوق,أبوشوق
أبو شويبة,أبوشويبة
أبو شيبة,أبوشيبة
أبو صابر,أبوصابر
أبو صالح,أبوصالح
أبو صالحة,أبوصالحة
أبو صبح,أبوصبح
أبو صبيحه,أبوصبيحه
أبو صبيع,أبوصبيع
أبو صفيه,أبوصفيه
أبو صقر,أبوصقر
أبو صوان,أبوصوان
أبو صيام,أبوصيام
أبو ضاوى,أبوضاوى
أبو ضلام,أبوضلام
أبو ضلع,أبوضلع
أبو ضهر,أبوضهر
أبو ضويه,أبوضويه
أبو ضيف,أبوضيف
أبو طاحون,أبوطاحون
أبو طافش,أبوطافش
أبو طاقيه,أبوطاقيه
أبو طالب,أبوطالب
أبو طالـب,أبوطالب
أبوطالـب,أبوطالب
أبو طايل,أبوطايل
أبو طبل,أبوطبل
أبو طبيخ,أبوطبيخ
أبو طريه,أبوطريه
أبو طعيمة,أبوطعيمة
أبو طعيمه,أبوطعيمه
أبو طلاس,أبوطلاس
أبو طمر,أبوطمر
أبو طه,أبوطه
أبو طور,أبوطور
أبو طويلة,أبوطويلة
أبو طويله,أبوطويله
أبو طيبه,أبوطيبه
أبو طير,أبوطير
أبو طيرة,أبوطيرة
أبو طيره,أبوطيره
أبو عاشور,أبوعاشور
أبو عاصى,أبوعاصى
أبو عاصي,أبوعاصي
أبو عاليه,أبوعاليه
أبو عامر,أبوعامر
أبو عايد,أبوعايد
أبو عباه,أبوعباه
أبو عبد,أبوعبد
أبو عبد اللـه,أبوعبدالله
أبو عبد الله,أبوعبدالله
أبو عبدالله,أبوعبدالله
أبوعبداللـه,أبوعبدالله
أبو عبده,أبوعبده
أبو عبيد,أبوعبيد
أبو عبيه,أبوعبيه
أبو عتاب,أبوعتاب
أبو عتمان,أبوعتمان
أبو عتيق,أبوعتيق
أبو عثمان,أبوعثمان
أبو عجلة,أبوعجلة
أبو عجم,أبوعجم
أبو عجوة,أبوعجوة
أبو عجور,أبوعجور
أبو عجوه,أبوعجوه
أبو عجيزة,أبوعجيزة
أبو عجيزه,أبوعجيزه
أبو عجيلة,أبوعجيلة
أبو عجيله,أبوعجيله
أبو عجيمي,أبوعجيمي
أبو عدس,أبوعدس
أبو عدسة,أبوعدسة
أبو عرام,أبوعرام
أبو عرب,أبوعرب
أبو عريان,أبوعريان
أبوعريـبـه,أبوعريبه
أبو عريش,أبوعريش
أبو عريشة,أبوعريشة
أبو عريشه,أبوعريشه
أبو عريضه,أبوعريضه
أبو عز,أبوعز
أبو عزيز,أبوعزيز
أبو عسل,أبوعسل
أبو عشيبة,أبوعشيبة
أبو عشير,أبوعشير
أبو عصر,أبوعصر
أبو عطا الله,أبوعطاالله
أبو عطاالله,أبوعطاالله
أبو عطايا,أبوعطايا
أبو عطية,أبوعطية
أبو عطيه,أبوعطيه
أبو عظمة,أبوعظمة
أبو عظمه,أبوعظمه
أبو عفان,أبوعفان
أبو عفر,أبوعفر
أبو عفش,أبوعفش
أبو عقده,أبوعقده
أبو عقيل,أبوعقيل
أبو علام,أبوعلام
أبو علفه,أبوعلفه
أبو علم,أبوعلم
أبو علو,أبوعلو
أبو علوان,أبوعلوان
أبو على,أبوعلى
أبو علي,أبوعلي
أبو عليان,أبوعليان
أبو عليبه,أبوعليبه
أبو عليو,أبوعليو
أبو عليوة,أبوعليوة
أبو عليوه,أبوعليوه
أبو عمارة,أبوعمارة
أبو عماره,أبوعماره
أبو عماشه,أبوعماشه
أبو عمايم,أبوعمايم
أبو عمر,أبوعمر
أبو عمرة,أبوعمرة
أبو عمره,أبوعمره
أبو عمريه,أبوعمريه
أبو عمه,أبوعمه
أبو عميره,أبوعميره
أبو عميش,أبوعميش
أبو عنانى,أبوعنانى
أبو عنز,أبوعنز
أبو عواجه,أبوعواجه
أبو عواض,أبوعواض
أبو عوض,أبوعوض
أبو عوف,أبوعوف
أبو عوكل,أبوعوكل
أبو عونه,أبوعونه
أبو عويضة,أبوعويضة
أبو عياد,أبوعياد
أبو عياشة,أبوعياشة
أبو عيانه,أبوعيانه
أبو عيد,أبوعيد
أبو عـيده,أبوعيده
أبو عيده,أبوعيده
أبوعـيده,أبوعيده
أبو عيسى,أبوعيسى
أبو عيشة,أبوعيشة
أبو عيشه,أبوعيشه
أبو عيطة,أبوعيطة
أبو عيطه,أبوعيطه
أبو عيله,أبوعيله
أبو غابه,أبوغابه
أبو غادى,أبوغادى
أبو غازى,أبوغازى
أبو غازي,أبوغازي
أبو غالب,أبوغالب
أبو غالى,أبوغالى
أبو غالي,أبوغالي
أبو غالية,أبوغالية
أبو غاليه,أبوغاليه
أبو غانم,أبوغانم
أبو غبينه,أبوغبينه
أبو غتمة,أبوغتمة
أبو غتمه,أبوغتمه
أبو غرارة,أبوغرارة
أبو غراره,أبوغراره
أبو غربى,أبوغربى
أبو غربية,أبوغربية
أبو غربيه,أبوغربيه
أبو غرفه,أبوغرفه
أبو غريقانة,أبوغريقانة
أبو غزالة,أبوغزالة
أبو غزاله,أبوغزاله
أبو غضبان,أبوغضبان
أبو غضة,أبوغضة
أبو غنيم,أبوغنيم
أبو غنيمة,أبوغنيمة
أبو غنيمه,أبوغنيمه
أبو غنيه,أبوغنيه
أبو غوجر,أبوغوجر
أبو غياتى,أبوغياتى
أبو غيط,أبوغيط
أبو فارس,أبوفارس
أبو فاطمة,أبوفاطمة
أبو فاطمه,أبوفاطمه
أبو فايد,أبوفايد
أبو فدان,أبوفدان
أبو فراج,أبوفراج
أبو فراخ,أبوفراخ
أبو فرج,أبوفرج
أبو فرو,أبوفرو
أبو فوده,أبوفوده
أبو فيوض,أبوفيوض
أبو قاوى,أبوقاوى
أبو قدح,أبوقدح
أبو قديحة,أبوقديحة
أبو قديحه,أبوقديحه
أبو قربانه,أبوقربانه
أبو قرن,أبوقرن
أبو قريش,أبوقريش
أبو قرين,أبوقرين
أبو قفص,أبوقفص
أبو قفه,أبوقفه
أبو قمر,أبوقمر
أبو قميحة,أبوقميحة
أبو قنديل,أبوقنديل
أبو قورة,أبوقورة
أبو قوره,أبوقوره
أبو قوطة,أبوقوطة
أبو قوطه,أبوقوطه
أبو كامل,أبوكامل
أبو كبشة,أبوكبشة
أبو كبشه,أبوكبشه
أبو كحلة,أبوكحلة
أبو كرات,أبوكرات
أبو كرم,أبوكرم
أبو كريشة,أبوكريشة
أبو كريم,أبوكريم
أبو كساب,أبوكساب
أبو كل,أبوكل
أبو كليل,أبوكليل
أبو كليله,أبوكليله
أبو كوهيه,أبوكوهيه
أبو لبن,أبولبن
أبو لبهان,أبولبهان
أبو لطيفه,أبولطيفه
أبو ليلة,أبوليلة
أبو ليله,أبوليله
أبو ماجد,أبوماجد
أبو مايله,أبومايله
أبو مبارك,أبومبارك
أبو محجوب,أبومحجوب
أبو محسن,أبومحسن
أبو محمد,أبومحمد
أبو محمود,أبومحمود
أبو مدين,أبومدين
أبو مدينه,أبومدينه
أبو مسلم,أبومسلم
أبو مصطفى,أبومصطفى
أبو مضاوى,أبومضاوى
أبو مقدم,أبومقدم
أبو ملحه,أبوملحه
أبو مندور,أبومندور
أبو منصور,أبومنصور
أبو مهدى,أبومهدى
أبو مهرة,أبومهرة
أبو مهني,أبومهني
أبو موسى,أبوموسى
أبو موسي,أبوموسي
أبو ميره,أبوميره
أبو ميز,أبوميز
أبو نابت,أبونابت
أبو ناجى,أبوناجى
أبو نار,أبونار
أبو ناسو,أبوناسو
أبو ناشى,أبوناشى
أبو ناصر,أبوناصر
أبو ناعم,أبوناعم
أبو نجله,أبونجله
أبو نجم,أبونجم
أبو نحاس,أبونحاس
أبو نده,أبونده
أبو نسب,أبونسب
أبو نشار,أبونشار
أبو نصار,أبونصار
أبو نصارى,أبونصارى
أبو نصير,أبونصير
أبو نعمة,أبونعمة
أبو نعمه,أبونعمه
أبو نعيم,أبونعيم
أبو نعيمه,أبونعيمه
أبو نقايه,أبونقايه
أبو نوارج,أبونوارج
أبو نوايه,أبونوايه
أبو نوح,أبونوح
أبو نور الدين,أبونورالدين
أبو نوير,أبونوير
أبو نيدة,أبونيدة
أبو هاشم,أبوهاشم
أبو هانى,أبوهانى
أبو هاني,أبوهاني
أبو هبش,أبوهبش
أبو هبل,أبوهبل
أبو هبه,أبوهبه
أبو هجار,أبوهجار
أبو هجم,أبوهجم
أبو هرجه,أبوهرجه
أبو هشهش,أبوهشهش
أبو هشيمة,أبوهشيمة
أبو هشيمه,أبوهشيمه
أبو هلال,أبوهلال
أبو هنا,أبوهنا
أبو هند,أبوهند
أبو هندى,أبوهندى
أبو هنديه,أبوهنديه
أبو هنيدى,أبوهنيدى
أبو هواش,أبوهواش
أبو هوله,أبوهوله
أبو هيبه,أبوهيبه
أبو هيسه,أبوهيسه
أبو هيف,أبوهيف
أبو هيفه,أبوهيفه
أبو هيكل,أبوهيكل
أبو وافى,أبووافى
أبو وافي,أبووافي
أبو والى,أبووالى
أبو ورده,أبوورده
أبو وهدان,أبووهدان
أبو يحيـي,أبويحيي
أبويحيـي,أبويحيي
أبو يمن,أبويمن
أبو يوسف,أبويوسف
أبو يونس,أبويونس
أبى محمد,أبىمحمد
أ حمد,أحمد
أحـمـد,أحمد
أحمـد,أحمد
أحمــد,أحمد
أحمدأبومسلم,أحمد أبومسلم
أحمدأحمد,أحمد أحمد
أحمدابراهيم,أحمد ابراهيم
أحمداسماعيل,أحمد اسماعيل
أحمدالجمل,أحمد الجمل
أحمدالجندى,أحمد الجندى
أحمدالجوهرى,أحمد الجوهرى
أحمدالحداد,أحمد الحداد
أحمدالخولى,أحمد الخولى
أحمدالشافعى,أحمد الشافعى
أحمدالصاوى,أحمد الصاوى
أحمدالطيب,أحمد الطيب
أحمدالعزب,أحمد العزب
أحمدالعوضى,أحمد العوضى
أحمدالفقى,أحمد الفقى
أحمدبخيت,أحمد بخيت
أحمدبدر,أحمد بدر
أحمدبدوي,أحمد بدوي
أحمدحامد,أحمد حامد
أحمدحسان,أحمد حسان
أحمدحسن,أحمد حسن
أحمدحسين,أحمد حسين
أحمدحلمى,أحمد حلمى
أحمدحماد,أحمد حماد
أحمدحموده,أحمد حموده
أحمدحميده,أحمد حميده
أحمدزايد,أحمد زايد
أحمدزيد,أحمد زيد
أحمدسالم,أحمد سالم
أحمدسرحان,أحمد سرحان
أحمدسعيد,أحمد سعيد
أحمدسليمان,أحمد سليمان
أحمدسويلم,أحمد سويلم
أحمدسيف,أحمد سيف
أحمدشحاته,أحمد شحاته
أحمدشرف,أحمد شرف
أحمدشعبان,أحمد شعبان
أحمدشلبى,أحمد شلبى
أحمدصبح,أحمد صبح
أحمدطلعت,أحمد طلعت
أحمدعاطف,أحمد عاطف
أحمدعامر,أحمد عامر
أحمدعباس,أحمد عباس
أحمدعبدالحافظ,أحمد عبدالحافظ
أحمدعبدالحميد,أحمد عبدالحميد
أحمدعبدالخالق,أحمد عبدالخالق
أحمدعبدالعاطى,أحمد عبدالعاطى
أحمدعبدالعال,أحمد عبدالعال
أحمدعبدالغنى,أحمد عبدالغنى
أحمدعبداللطيف,أحمد عبداللطيف
أحمدعبدالمجيد,أحمد عبدالمجيد
أحمدعبده,أحمد عبده
أحمدعثمان,أحمد عثمان
أحمدعزب,أحمد عزب
أحمدعطا,أحمد عطا
أحمدعكاشه,أحمد عكاشه
أحمدعلى,أحمد على
أحمدعلي,أحمد علي
أحمدعماره,أحمد عماره
أحمدعمر,أحمد عمر
أحمدعوض,أحمد عوض
أحمدعيد,أحمد عيد
أحمدغريب,أحمد غريب
أحمدفؤاد,أحمد فؤاد
أحمدفايد,أحمد فايد
أحمدقدرى,أحمد قدرى
أحمدكامل,أحمد كامل
أحمدكمال,أحمد كمال
أحمدمحمد,أحمد محمد
أحمدمختار,أحمد مختار
أحمدمرسي,أحمد مرسي
أحمدمعوض,أحمد معوض
أحمدمنصور,أحمد منصور
أحمدموسى,أحمد موسى
أحمدناجى,أحمد ناجى
أحمدهلال,أحمد هلال
أحمد بدر الدين,أحمدبدرالدين
أحمد جمال الدين,أحمدجمالالدين
أحمدعبد الرحمن,أحمدعبدالرحمن
أحمدعبداللـه,أحمدعبدالله
أحمد عز الدين,أحمدعزالدين
أحمد نور الدين,أحمدنورالدين
أدهـم,أدهم
ألاء الرحمن,ألاءالرحمن
ألاء الله,ألاءالله
أم الخير,أمالخير
أم الهنا,أمالهنا
أمـان,أمان
أمان الدين,أمانالدين
أمان الله,أمانالله
أمر الله,أمرالله
أم كلثوم,أمكلثوم
أمن بالله,أمنبالله
أم هاشم,أمهاشم
أمه اللـه,أمهالله
أمه الله,أمهالله
أمهاللـه,أمهالله
أمية الله,أميةالله
أمير على الدين,أميرعلىالدين
أميـن,أمين
أمين علي الدين,أمينعليالدين
أنـس,أنس
أنورحسن,أنور حسن
أنورعبدالمنعم,أنور عبدالمنعم
أنورمصطفى,أنور مصطفى
أى الدين,أىالدين
أيات الله,أياتالله
أية الله,أيةالله
أيـمـن,أيمن
أّيه,أيه
أيه الله,أيهالله
إ برا هيم,إبراهيم
إبراهيــم,إبراهيم
إبراهيم علم الدين,إبراهيمعلمالدين
إتمام الدين,إتمامالدين
إسـراء,إسراء
ابا بكر,ابابكر
ابا زيد,ابازيد
ابا ظه,اباظه
اّبانوب,ابانوب
ابا هور,اباهور
ابتســام,ابتسام
ابـر,ابر
ابراهيــم,ابراهيم
ابراهيـم,ابراهيم
ابراهيم--,ابراهيم
ابراهيم_x000D_,ابراهيم
ابراهيم‏,ابراهيم
ابراهٍيم,ابراهيم
ابـراهـيـم,ابراهيم
ابـراهيـم,ابراهيم
ابراهيم آى الدين,ابراهيمآىالدين
ابراهيم أى الدين,ابراهيمأىالدين
ابراهيم الدين,ابراهيمالدين
ابن جاد,ابنجاد
ابن على,ابنعلى
ابن عمر,ابنعمر
ابن عوف,ابنعوف
ابـو,ابو
ابو آمنه,ابوآمنه
ابو أحمد,ابوأحمد
ابو أدره,ابوأدره
ابو أدريس,ابوأدريس
ابو ابراهيم,ابوابراهيم
ابو احمد,ابواحمد
ابو اخوات,ابواخوات
ابو ادريس,ابوادريس
ابو اربعه,ابواربعه
ابو اربى,ابواربى
ابو اردب,ابواردب
ابو ارشيد,ابوارشيد
ابو استيته,ابواستيته
ابو اسخرون,ابواسخرون
ابو اسماعيل,ابواسماعيل
ابو اشقر,ابواشقر
ابو اصبع,ابواصبع
ابو اصيله,ابواصيله
ابو اقرع,ابواقرع
ابو ال,ابوال
ابو الأجراس,ابوالأجراس
ابو الأسعاد,ابوالأسعاد
ابو الاجراس,ابوالاجراس
ابو الاسرار,ابوالاسرار
ابو الاسعاد,ابوالاسعاد
ابو الامصان,ابوالامصان
ابو الانوار,ابوالانوار
ابو البركات,ابوالبركات
ابو البطيخ,ابوالبطيخ
ابو البعر,ابوالبعر
ابو البقا,ابوالبقا
ابو البها,ابوالبها
ابو البهجى,ابوالبهجى
ابو التنا,ابوالتنا
ابو الثنا,ابوالثنا
ابو الجار,ابوالجار
ابو الجالي,ابوالجالي
ابو الجبين,ابوالجبين
ابو الجدايل,ابوالجدايل
ابو الجدود,ابوالجدود
ابو الجراد,ابوالجراد
ابو الجريد,ابوالجريد
ابو الجلاجل,ابوالجلاجل
ابو الجلب,ابوالجلب
ابو الجمل,ابوالجمل
ابو الجملين,ابوالجملين
ابو الجنب,ابوالجنب
ابو الجواد,ابوالجواد
ابو الجوخ,ابوالجوخ
ابو الجود,ابوالجود
ابو الحاج,ابوالحاج
ابو الحارث,ابوالحارث
ابو الحارد,ابوالحارد
ابو الحارس,ابوالحارس
ابو الحاقه,ابوالحاقه
ابو الحج,ابوالحج
ابو الحجاج,ابوالحجاج
ابو الحجاح,ابوالحجاح
ابو الحداد,ابوالحداد
ابو الحديد,ابوالحديد
ابو الحسانين,ابوالحسانين
ابو الحسايب,ابوالحسايب
ابو الحسب,ابوالحسب
ابو الحسن,ابوالحسن
ابو الحسنين,ابوالحسنين
ابو الحسون,ابوالحسون
ابو الحسين,ابوالحسين
ابو الحصون,ابوالحصون
ابو الحصين,ابوالحصين
ابو الحظ,ابوالحظ
ابو الحفنى,ابوالحفنى
ابو الحكم,ابوالحكم
ابو الحلقان,ابوالحلقان
ابو الحلو,ابوالحلو
ابو الحمايد,ابوالحمايد
ابو الحمايل,ابوالحمايل
ابو الحمد,ابوالحمد
ابو الحمدعبد,ابوالحمدعبد
ابو الحمدعزب,ابوالحمدعزب
ابو الحمل,ابوالحمل
ابو الحمول,ابوالحمول
ابو الحيح,ابوالحيح
ابو الحيل,ابوالحيل
ابو الخرص,ابوالخرص
ابو الخشب,ابوالخشب
ابو الخل,ابوالخل
ابو الخواص,ابوالخواص
ابو الخير,ابوالخير
ابوالخيرعبدالحى,ابوالخير عبدالحى
ابو الخيرابو,ابوالخيرابو
ابو الخيراسماعيل,ابوالخيراسماعيل
ابو الخيرجابر,ابوالخيرجابر
ابو الخيررزق الله,ابوالخيررزقالله
ابو الخيرمحمد,ابوالخيرمحمد
ابو الدبوس,ابوالدبوس
ابو الدرداء,ابوالدرداء
ابو الدردار,ابوالدردار
ابو الدريج,ابوالدريج
ابو الدعاس,ابوالدعاس
ابو الدقائر,ابوالدقائر
ابو الدقيق,ابوالدقيق
ابو الدلايل,ابوالدلايل
ابو الدهب,ابوالدهب
ابو الدوش,ابوالدوش
ابو الديار,ابوالديار
ابو الذهب,ابوالذهب
ابو الرايات,ابوالرايات
ابو الرايه,ابوالرايه
ابو الرجال,ابوالرجال
ابو الرجاله,ابوالرجاله
ابو الرخا,ابوالرخا
ابو الرداد,ابوالرداد
ابو الرضا,ابوالرضا
ابو الرفاعي,ابوالرفاعي
ابو الركب,ابوالركب
ابو الروح,ابوالروح
ابو الروس,ابوالروس
ابو الرى,ابوالرى
ابو الري,ابوالري
ابو الريات,ابوالريات
ابو الريش,ابوالريش
ابو الزلف,ابوالزلف
ابو الزهر,ابوالزهر
ابو الزين,ابوالزين
ابو السادات,ابوالسادات
ابو السباع,ابوالسباع
ابو السبح,ابوالسبح
ابو السبع,ابوالسبع
ابو السرور,ابوالسرور
ابو السعادات,ابوالسعادات
ابو السعد,ابوالسعد
ابو السعدات,ابوالسعدات
ابو السعود,ابوالسعود
ابو السعودحجاب,ابوالسعودحجاب
ابو السعودحسن,ابوالسعودحسن
ابو السعودعبد,ابوالسعودعبد
ابو السعودعبدالله,ابوالسعودعبدالله
ابو السعودى,ابوالسعودى
ابو السعيد,ابوالسعيد
ابو السفيان,ابوالسفيان
ابو السمان,ابوالسمان
ابو السمح,ابوالسمح
ابو السنون,ابوالسنون
ابو السهم,ابوالسهم
ابو السيد,ابوالسيد
ابو السيعود,ابوالسيعود
ابو الشافعى,ابوالشافعى
ابو الشبايك,ابوالشبايك
ابو الشحات,ابوالشحات
ابو الشدايد,ابوالشدايد
ابو الشربينى,ابوالشربينى
ابو الشربيني,ابوالشربيني
ابو الشعور,ابوالشعور
ابو الشهود,ابوالشهود
ابو الشواشى,ابوالشواشى
ابو الشوايد,ابوالشوايد
ابو الشيخ,ابوالشيخ
ابو الصفا,ابوالصفا
ابو الصيد,ابوالصيد
ابو الضراير,ابوالضراير
ابو الضيفان,ابوالضيفان
ابو الطاهر,ابوالطاهر
ابو الطرابيش,ابوالطرابيش
ابو الطور,ابوالطور
ابو الطيب,ابوالطيب
ابو الطيور,ابوالطيور
ابو الظاهر,ابوالظاهر
ابو العادات,ابوالعادات
ابو العارف,ابوالعارف
ابو العاص,ابوالعاص
ابو العاطى,ابوالعاطى
ابو العاطي,ابوالعاطي
ابو العالمين,ابوالعالمين
ابو العباس,ابوالعباس
ابو العباسى,ابوالعباسى
ابو العبيد,ابوالعبيد
ابو العدب,ابوالعدب
ابو العدل,ابوالعدل
ابو العدوى,ابوالعدوى
ابو العرايا,ابوالعرايا
ابو العرب,ابوالعرب
ابو العرفان,ابوالعرفان
ابو العز,ابوالعز
ابو العزائم,ابوالعزائم
ابو العزايم,ابوالعزايم
ابو العزب,ابوالعزب
ابو العزم,ابوالعزم
ابو العزيم,ابوالعزيم
ابو العسل,ابوالعسل
ابو العطا,ابوالعطا
ابو العطف,ابوالعطف
ابو العطوف,ابوالعطوف
ابو العلا,ابوالعلا
ابوالعلاابوالعلا,ابوالعلا ابوالعلا
ابو العلاء,ابوالعلاء
ابو العلامحمد,ابوالعلامحمد
ابو العلامين,ابوالعلامين
ابو العلاهريدى,ابوالعلاهريدى
ابو العلمين,ابوالعلمين
ابو العله,ابوالعله
ابو العلى,ابوالعلى
ابو العمايم,ابوالعمايم
ابو العمایم,ابوالعمایم
ابو العمران,ابوالعمران
ابو العنين,ابوالعنين
ابو العنيين,ابوالعنيين
ابو العوافى,ابوالعوافى
ابو العودين,ابوالعودين
ابو العوض,ابوالعوض
ابو العوضى,ابوالعوضى
ابو العوف,ابوالعوف
ابو العون,ابوالعون
ابو العيال,ابوالعيال
ابو العيد,ابوالعيد
ابو العيس,ابوالعيس
ابو العيسوى,ابوالعيسوى
ابو العيسوي,ابوالعيسوي
ابو العيش,ابوالعيش
ابو العيص,ابوالعيص
ابو العيلة,ابوالعيلة
ابو العيله,ابوالعيله
ابو العينين,ابوالعينين
ابو العيون,ابوالعيون
ابو الغار,ابوالغار
ابو الغرانيق,ابوالغرانيق
ابو الغنايم,ابوالغنايم
ابو الغول,ابوالغول
ابو الغيث,ابوالغيث
ابو الغيط,ابوالغيط
ابو الغيظ,ابوالغيظ
ابو الفا,ابوالفا
ابو الفتاح,ابوالفتاح
ابو الفتح,ابوالفتح
ابو الفتوح,ابوالفتوح
ابو الفتيان,ابوالفتيان
ابو الفحم,ابوالفحم
ابو الفرج,ابوالفرج
ابو الفرح,ابوالفرح
ابو الفصاد,ابوالفصاد
ابو الفضل,ابوالفضل
ابو الفول,ابوالفول
ابو الفيض,ابوالفيض
ابو الفيلات,ابوالفيلات
ابو القاسم,ابوالقاسم
ابو القرون,ابوالقرون
ابو القمبز,ابوالقمبز
ابو القمصان,ابوالقمصان
ابو القور,ابوالقور
ابو القيود,ابوالقيود
ابو الكرام,ابوالكرام
ابو الكرامات,ابوالكرامات
ابو الكرمات,ابوالكرمات
ابو الكل,ابوالكل
ابو الكلام,ابوالكلام
ابو الكمال,ابوالكمال
ابو اللابد,ابواللابد
ابو اللبن,ابواللبن
ابو الليالى,ابوالليالى
ابو الليف,ابوالليف
ابو الليل,ابوالليل
ابو المال,ابوالمال
ابو المتولى,ابوالمتولى
ابو المج,ابوالمج
ابو المجد,ابوالمجد
ابو المجدعبده,ابوالمجدعبده
ابو المجدعلى,ابوالمجدعلى
ابو المحاسـن,ابوالمحاسن
ابو المحاسن,ابوالمحاسن
ابوالمحاسـن,ابوالمحاسن
ابو المحجوب,ابوالمحجوب
ابو المرعز,ابوالمرعز
ابو المطامير,ابوالمطامير
ابو المعارف,ابوالمعارف
ابو المعاطى,ابوالمعاطى
ابو المعاطي,ابوالمعاطي
ابو المعالى,ابوالمعالى
ابو المعانى,ابوالمعانى
ابو المعروف,ابوالمعروف
ابو المعز,ابوالمعز
ابو المعطى,ابوالمعطى
ابو المكارم,ابوالمكارم
ابو المناصر,ابوالمناصر
ابو المنام,ابوالمنام
ابو المندور,ابوالمندور
ابو المنصور,ابوالمنصور
ابو المهدى,ابوالمهدى
ابو المهدي,ابوالمهدي
ابو الموافى,ابوالموافى
ابو المواهب,ابوالمواهب
ابو الميله,ابوالميله
ابو النازع,ابوالنازع
ابو الناس,ابوالناس
ابو الناصر,ابوالناصر
ابو النبايل,ابوالنبايل
ابو النبي,ابوالنبي
ابو النجا,ابوالنجا
ابو النجاة,ابوالنجاة
ابو النجاح,ابوالنجاح
ابو النجاعبد الله,ابوالنجاعبدالله
ابو النجاه,ابوالنجاه
ابو النجد,ابوالنجد
ابو النجدى,ابوالنجدى
ابو النجى,ابوالنجى
ابو النصر,ابوالنصر
ابو النصيف,ابوالنصيف
ابو النضر,ابوالنضر
ابو النظر,ابوالنظر
ابو النعاج,ابوالنعاج
ابو النعاس,ابوالنعاس
ابو النعمان,ابوالنعمان
ابو النهى,ابوالنهى
ابو النهي,ابوالنهي
ابو النواس,ابوالنواس
ابو النور,ابوالنور
ابو النوراحمد,ابوالنوراحمد
ابو النوم,ابوالنوم
ابو النوى,ابوالنوى
ابو النى,ابوالنى
ابو النيل,ابوالنيل
ابو الهارون,ابوالهارون
ابو الهجات,ابوالهجات
ابو الهدى,ابوالهدى
ابو الهدي,ابوالهدي
ابو الهل,ابوالهل
ابو الهمل,ابوالهمل
ابو الهمم,ابوالهمم
ابو الهموم,ابوالهموم
ابو الهنا,ابوالهنا
ابو الهوا,ابوالهوا
ابو الهوايل,ابوالهوايل
ابو الهول,ابوالهول
ابو الهون,ابوالهون
ابو الهوى,ابوالهوى
ابو الهوي,ابوالهوي
ابو الهيتم,ابوالهيتم
ابو الهيثم,ابوالهيثم
ابو الهيجات,ابوالهيجات
ابو الهيسى,ابوالهيسى
ابو الورد,ابوالورد
ابو الوردى,ابوالوردى
ابو الوفا,ابوالوفا
ابو الوفاء,ابوالوفاء
ابو الوفي,ابوالوفي
ابو الويفه,ابوالويفه
ابو اليازيد,ابواليازيد
ابو اليامين,ابواليامين
ابو اليتمين,ابواليتمين
ابو اليزيد,ابواليزيد
ابواليزيدعبدالعظيم,ابواليزيد عبدالعظيم
ابو اليزيدالقسط,ابواليزيدالقسط
ابواليزيد على الدين,ابواليزيدعلىالدين
ابو اليزيدقرقر,ابواليزيدقرقر
ابو اليسر,ابواليسر
ابو اليمن,ابواليمن
ابو اليمون,ابواليمون
ابو اليمين,ابواليمين
ابو امام,ابوامام
ابو امانه,ابوامانه
ابو امباركه,ابوامباركه
ابو امنه,ابوامنه
ابو امين,ابوامين
ابو ايوبه,ابوايوبه
ابو باشا,ابوباشا
ابو بدر,ابوبدر
ابو بدوى,ابوبدوى
ابو بدوي,ابوبدوي
ابو بدير,ابوبدير
ابو برعى,ابوبرعى
ابو بركة,ابوبركة
ابو بركه,ابوبركه
ابو بريك,ابوبريك
ابو بريكة,ابوبريكة
ابو بريكه,ابوبريكه
ابو بسخرون,ابوبسخرون
ابو بسيونى,ابوبسيونى
ابو بشت,ابوبشت
ابو بطيحه,ابوبطيحه
ابو بك,ابوبك
ابو بكر,ابوبكر
ابوبكرعبدالدايم,ابوبكر عبدالدايم
ابوبكرعبدالفتاح,ابوبكر عبدالفتاح
ابو بكرالسيد,ابوبكرالسيد
ابو بكرالصديق,ابوبكرالصديق
ابوبكر الصغير,ابوبكرالصغير
ابو بكرحسن,ابوبكرحسن
ابو بكرعبد,ابوبكرعبد
ابو بكرعبدالرحمن,ابوبكرعبدالرحمن
ابو بكرمحمود,ابوبكرمحمود
ابو بكره,ابوبكره
ابو بنات,ابوبنات
ابو بنيامين,ابوبنيامين
ابو بيه,ابوبيه
ابو بيومى,ابوبيومى
ابو تايه,ابوتايه
ابو تجار,ابوتجار
ابو ترعه,ابوترعه
ابو ترك,ابوترك
ابو تركى,ابوتركى
ابوتـركى,ابوتركى
ابو تركية,ابوتركية
ابو تركيه,ابوتركيه
ابو تريعه,ابوتريعه
ابو تريكه,ابوتريكه
ابو تعيلب,ابوتعيلب
ابو تقى الدين,ابوتقىالدين
ابوتقى الدين,ابوتقىالدين
ابو تليس,ابوتليس
ابو تميم,ابوتميم
ابو تيجو,ابوتيجو
ابوجاب الـله,ابوجابالله
ابوجاب الله,ابوجابالله
ابوجابالـله,ابوجابالله
ابو جابر,ابوجابر
ابو جاد,ابوجاد
ابو جاد الله,ابوجادالله
ابو جادالله,ابوجادالله
ابوجاد الله,ابوجادالله
ابو جادو,ابوجادو
ابو جازية,ابوجازية
ابو جازيه,ابوجازيه
ابو جاسر,ابوجاسر
ابو جاعور,ابوجاعور
ابو جالوص,ابوجالوص
ابو جامع,ابوجامع
ابو جاموس,ابوجاموس
ابو جانب,ابوجانب
ابو جاهين,ابوجاهين
ابو جباره,ابوجباره
ابو جبة,ابوجبة
ابو جبر,ابوجبر
ابو جبل,ابوجبل
ابو جبه,ابوجبه
ابو جبين,ابوجبين
ابو جحش,ابوجحش
ابو جحشه,ابوجحشه
ابو جديله,ابوجديله
ابو جرابيع,ابوجرابيع
ابو جرادة,ابوجرادة
ابو جرز,ابوجرز
ابو جريدة,ابوجريدة
ابو جريده,ابوجريده
ابو جريرة,ابوجريرة
ابو جريشة,ابوجريشة
ابو جريشه,ابوجريشه
ابو جزر,ابوجزر
ابو جزه,ابوجزه
ابو جعفر,ابوجعفر
ابو جفيمان,ابوجفيمان
ابو جلاب,ابوجلاب
ابو جلال,ابوجلال
ابو جلالة,ابوجلالة
ابو جلاله,ابوجلاله
ابو جلع,ابوجلع
ابو جلهوم,ابوجلهوم
ابو جلوه,ابوجلوه
ابو جليل,ابوجليل
ابو جليلة,ابوجليلة
ابو جليله,ابوجليله
ابو جمال,ابوجمال
ابو جمره,ابوجمره
ابو جمعة,ابوجمعة
ابو جمعه,ابوجمعه
ابو جميعان,ابوجميعان
ابو جميعه,ابوجميعه
ابو جميل,ابوجميل
ابو جميله,ابوجميله
ابو جناح,ابوجناح
ابو جنبه,ابوجنبه
ابو جندى,ابوجندى
ابو جندي,ابوجندي
ابو جندية,ابوجندية
ابو جنديه,ابوجنديه
ابو جنينه,ابوجنينه
ابو جهامه,ابوجهامه
ابو جهرة,ابوجهرة
ابو جهل,ابوجهل
ابو جهيم,ابوجهيم
ابو جوخ,ابوجوخ
ابو جوخه,ابوجوخه
ابو جودة,ابوجودة
ابو جوده,ابوجوده
ابو جوهر,ابوجوهر
ابو جوهرة,ابوجوهرة
ابو جويده,ابوجويده
ابو جويلة,ابوجويلة
ابو جويله,ابوجويله
ابو جويلى,ابوجويلى
ابو حاتى,ابوحاتى
ابو حاج,ابوحاج
ابو حادش,ابوحادش
ابو حافظ,ابوحافظ
ابو حام,ابوحام
ابو حامد,ابوحامد
ابو حاموله,ابوحاموله
ابو حانى,ابوحانى
ابو حاويل,ابوحاويل
ابو حاويه,ابوحاويه
ابو حايس,ابوحايس
ابو حبسة,ابوحبسة
ابو حبسه,ابوحبسه
ابو حبشى,ابوحبشى
ابو حبل,ابوحبل
ابو حبيب,ابوحبيب
ابو حبيبة,ابوحبيبة
ابو حبيبه,ابوحبيبه
ابو حبيل,ابوحبيل
ابو حته,ابوحته
ابو حج,ابوحج
ابو حجاب,ابوحجاب
ابو حجاج,ابوحجاج
ابو حجاره,ابوحجاره
ابو حجازى,ابوحجازى
ابو حجازي,ابوحجازي
ابو حجازيه,ابوحجازيه
ابو حجر,ابوحجر
ابو حجله,ابوحجله
ابو حجى,ابوحجى
ابو حجيل,ابوحجيل
ابو حداية,ابوحداية
ابو حدايد,ابوحدايد
ابو حدايه,ابوحدايه
ابو حدبة,ابوحدبة
ابو حديد,ابوحديد
ابو حديده,ابوحديده
ابو حراز,ابوحراز
ابو حرب,ابوحرب
ابو حربه,ابوحربه
ابو حربية,ابوحربية
ابو حربيه,ابوحربيه
ابو حرز,ابوحرز
ابو حريبه,ابوحريبه
ابو حريره,ابوحريره
ابو حريش,ابوحريش
ابو حريشه,ابوحريشه
ابو حريصر,ابوحريصر
ابو حزيبه,ابوحزيبه
ابو حساب,ابوحساب
ابو حسان,ابوحسان
ابو حسانين,ابوحسانين
ابوحسب الله,ابوحسبالله
ابو حسن,ابوحسن
ابو حسنين,ابوحسنين
ابو حسوب,ابوحسوب
ابو حسونه,ابوحسونه
ابو حسى,ابوحسى
ابو حسيب,ابوحسيب
ابو حسيبة,ابوحسيبة
ابو حسيبه,ابوحسيبه
ابو حسين,ابوحسين
ابو حشاد,ابوحشاد
ابو حشـيش,ابوحشيش
ابو حشيش,ابوحشيش
ابوحشـيش,ابوحشيش
ابو حصوة,ابوحصوة
ابو حصوه,ابوحصوه
ابو حصيه,ابوحصيه
ابو حطب,ابوحطب
ابو حفناوي,ابوحفناوي
ابو حفيضة,ابوحفيضة
ابو حلاوة,ابوحلاوة
ابو حلاوه,ابوحلاوه
ابو حلفايه,ابوحلفايه
ابو حلقة,ابوحلقة
ابو حلقه,ابوحلقه
ابو حلمى,ابوحلمى
ابو حلو,ابوحلو
ابو حلوة,ابوحلوة
ابو حلوه,ابوحلوه
ابو حليقة,ابوحليقة
ابو حليقه,ابوحليقه
ابو حليمة,ابوحليمة
ابو حليمه,ابوحليمه
ابو حم,ابوحم
ابو حماد,ابوحماد
ابو حمادة,ابوحمادة
ابو حماده,ابوحماده
ابو حمادى,ابوحمادى
ابو حمام,ابوحمام
ابو حمامة,ابوحمامة
ابو حمامه,ابوحمامه
ابو حمد,ابوحمد
ابو حمده,ابوحمده
ابو حمر,ابوحمر
ابو حمرة,ابوحمرة
ابو حمره,ابوحمره
ابو حمزة,ابوحمزة
ابو حمزه,ابوحمزه
ابو حمص,ابوحمص
ابو حمود,ابوحمود
ابو حموده,ابوحموده
ابو حميد,ابوحميد
ابو حميدة,ابوحميدة
ابو حميده,ابوحميده
ابو حنا,ابوحنا
ابو حنفى,ابوحنفى
ابو حنه,ابوحنه
ابو حنيفه,ابوحنيفه
ابو حواس,ابوحواس
ابو حواله,ابوحواله
ابو حوة,ابوحوة
ابو حوت,ابوحوت
ابو حوران,ابوحوران
ابو حوسه,ابوحوسه
ابو حوش,ابوحوش
ابو حوه,ابوحوه
ابو حوية,ابوحوية
ابو حويطه,ابوحويطه
ابو حويل,ابوحويل
ابو حى,ابوحى
ابو حيا,ابوحيا
ابو حياالله,ابوحياالله
ابو حيره,ابوحيره
ابو حيله,ابوحيله
ابو خاطر,ابوخاطر
ابو خاطره,ابوخاطره
ابو خالد,ابوخالد
ابو خبر,ابوخبر
ابو خد,ابوخد
ابو خدوج,ابوخدوج
ابو خديجة,ابوخديجة
ابو خديجه,ابوخديجه
ابو خراصى,ابوخراصى
ابو خربوش,ابوخربوش
ابو خربيه,ابوخربيه
ابو خرج,ابوخرج
ابو خرس,ابوخرس
ابو خرص,ابوخرص
ابو خريبة,ابوخريبة
ابو خريبه,ابوخريبه
ابو خريزة,ابوخريزة
ابو خريزه,ابوخريزه
ابو خريس,ابوخريس
ابو خريص,ابوخريص
ابو خزام,ابوخزام
ابو خزيم,ابوخزيم
ابو خزيمة,ابوخزيمة
ابو خزيمه,ابوخزيمه
ابو خسكيه,ابوخسكيه
ابو خشبة,ابوخشبة
ابو خشبه,ابوخشبه
ابو خشم,ابوخشم
ابو خشيم,ابوخشيم
ابو خص,ابوخص
ابو خضر,ابوخضر
ابو خضرالسريس,ابوخضرالسريس
ابو خضرة,ابوخضرة
ابو خضره,ابوخضره
ابو خضير,ابوخضير
ابو خضيرى,ابوخضيرى
ابو خطاب,ابوخطاب
ابو خطو,ابوخطو
ابو خطوة,ابوخطوة
ابو خطوه,ابوخطوه
ابو خطى,ابوخطى
ابو خطيب,ابوخطيب
ابو خطيطة,ابوخطيطة
ابو خطيطه,ابوخطيطه
ابو خفاجى,ابوخفاجى
ابو خفيلة,ابوخفيلة
ابو خلبه,ابوخلبه
ابو خلعة,ابوخلعة
ابو خلعه,ابوخلعه
ابو خلف,ابوخلف
ابو خله,ابوخله
ابو خليف,ابوخليف
ابو خليفة,ابوخليفة
ابو خليفه,ابوخليفه
ابو خليل,ابوخليل
ابو خليوة,ابوخليوة
ابو خليوه,ابوخليوه
ابو خمير,ابوخمير
ابو خميس,ابوخميس
ابو خناصر,ابوخناصر
ابو خنجر,ابوخنجر
ابو خوات,ابوخوات
ابو خواجه,ابوخواجه
ابو خوار,ابوخوار
ابو خوت,ابوخوت
ابو خوخ,ابوخوخ
ابو خوخة,ابوخوخة
ابو خوخه,ابوخوخه
ابو خود,ابوخود
ابو خوده,ابوخوده
ابو خوصة,ابوخوصة
ابو خيار,ابوخيار
ابو خيال,ابوخيال
ابو خير,ابوخير
ابو خيرة,ابوخيرة
ابو خيره,ابوخيره
ابو خيشة,ابوخيشة
ابو خيشه,ابوخيشه
ابو داعس,ابوداعس
ابو داغر,ابوداغر
ابو دافع,ابودافع
ابو دالي,ابودالي
ابو داه,ابوداه
ابو داهش,ابوداهش
ابو داوب,ابوداوب
ابو داود,ابوداود
ابو دايرة,ابودايرة
ابو دبارة,ابودبارة
ابو دباره,ابودباره
ابو دبش,ابودبش
ابو دحيل,ابودحيل
ابو دخان,ابودخان
ابو دخل الله,ابودخلالله
ابودخل الله,ابودخلالله
ابو دراز,ابودراز
ابو دراع,ابودراع
ابو دراهم,ابودراهم
ابو درب,ابودرب
ابو دربالة,ابودربالة
ابو درباله,ابودرباله
ابو دره,ابودره
ابو دريح,ابودريح
ابو دريس,ابودريس
ابو دريع,ابودريع
ابو دسوقى,ابودسوقى
ابو دسوقي,ابودسوقي
ابو دشيش,ابودشيش
ابو دعلة,ابودعلة
ابو دعمه,ابودعمه
ابو دغار,ابودغار
ابو دغش,ابودغش
ابو دغيد,ابودغيد
ابو دغيدى,ابودغيدى
ابو دغيدي,ابودغيدي
ابو دفيه,ابودفيه
ابو دقن,ابودقن
ابو دقه,ابودقه
ابو دقيقة,ابودقيقة
ابو دقيقه,ابودقيقه
ابو دلال,ابودلال
ابو دميس,ابودميس
ابو دنقل,ابودنقل
ابو دنيا,ابودنيا
ابو دهب,ابودهب
ابو دهينه,ابودهينه
ابو دوابه,ابودوابه
ابو دوح,ابودوح
ابو دور,ابودور
ابو دوره,ابودوره
ابو دومه,ابودومه
ابو دويب,ابودويب
ابو دياب,ابودياب
ابو ديب,ابوديب
ابو ديبة,ابوديبة
ابو ديبه,ابوديبه
ابو دية,ابودية
ابو ديغم,ابوديغم
ابو دينا,ابودينا
ابو ديه,ابوديه
ابو ديوان,ابوديوان
ابو ذر,ابوذر
ابو ذكرى,ابوذكرى
ابو ذكري,ابوذكري
ابو ذهب,ابوذهب
ابو ذور,ابوذور
ابو رابح,ابورابح
ابو رابيه,ابورابيه
ابو راجح,ابوراجح
ابو راس,ابوراس
ابو راسم,ابوراسم
ابو راشد,ابوراشد
ابو راضى,ابوراضى
ابو راضي,ابوراضي
ابو رافع,ابورافع
ابو رامه,ابورامه
ابو رامون,ابورامون
ابو راوى,ابوراوى
ابو رايبه,ابورايبه
ابو رايه,ابورايه
ابو ربع,ابوربع
ابو ربى,ابوربى
ابو ربيع,ابوربيع
ابو رجب,ابورجب
ابو رجل,ابورجل
ابو رجوح,ابورجوح
ابو رجيلة,ابورجيلة
ابو رجيله,ابورجيله
ابو رحاب,ابورحاب
ابو رحال,ابورحال
ابو رحامه,ابورحامه
ابو رحمة,ابورحمة
ابو رحمه,ابورحمه
ابو رحيم,ابورحيم
ابو رخا,ابورخا
ابو رخيصه,ابورخيصه
ابو ردن,ابوردن
ابو رده,ابورده
ابو رزق,ابورزق
ابو رزقه,ابورزقه
ابو رزه,ابورزه
ابو رسلان,ابورسلان
ابو رشيد,ابورشيد
ابو رضا,ابورضا
ابو رضوان,ابورضوان
ابو رعب,ابورعب
ابو رغيف,ابورغيف
ابو رفاعى,ابورفاعى
ابو رفاعي,ابورفاعي
ابو رقبان,ابورقبان
ابو رقية,ابورقية
ابو رقيقة,ابورقيقة
ابو رقيه,ابورقيه
ابو ركبة,ابوركبة
ابو ركبه,ابوركبه
ابو ركوه,ابوركوه
ابو ركيبة,ابوركيبة
ابو ركيبه,ابوركيبه
ابو رماد,ابورماد
ابو رمان,ابورمان
ابو رمانه,ابورمانه
ابو رمضان,ابورمضان
ابو رمية,ابورمية
ابو رميلة,ابورميلة
ابو رميله,ابورميله
ابو رهيف,ابورهيف
ابو رواش,ابورواش
ابو روضة,ابوروضة
ابو رومية,ابورومية
ابو روميه,ابوروميه
ابو رويحه,ابورويحه
ابو رى,ابورى
ابو ريا,ابوريا
ابو رياح,ابورياح
ابو ريان,ابوريان
ابو رية,ابورية
ابو ريحان,ابوريحان
ابو ريد,ابوريد
ابو ريده,ابوريده
ابو ريزه,ابوريزه
ابو ريشة,ابوريشة
ابو ريشه,ابوريشه
ابو ريه,ابوريه
ابو زارع,ابوزارع
ابو زامل,ابوزامل
ابو زاهر,ابوزاهر
ابو زاهيه,ابوزاهيه
ابو زايد,ابوزايد
ابو زايده,ابوزايده
ابو زبله,ابوزبله
ابو زبيده,ابوزبيده
ابو زر,ابوزر
ابو زراع,ابوزراع
ابو زرد,ابوزرد
ابو زرقتين,ابوزرقتين
ابو زريبه,ابوزريبه
ابو زعفان,ابوزعفان
ابو زعل,ابوزعل
ابو زعيمه,ابوزعيمه
ابو زغل,ابوزغل
ابو زغلي,ابوزغلي
ابو زقالى,ابوزقالى
ابو زقالي,ابوزقالي
ابو زكايب,ابوزكايب
ابو زكرى,ابوزكرى
ابو زكري,ابوزكري
ابو زلاط,ابوزلاط
ابو زلط,ابوزلط
ابو زمزم,ابوزمزم
ابو زناتى,ابوزناتى
ابو زنادة,ابوزنادة
ابو زنار,ابوزنار
ابو زنه,ابوزنه
ابو زهاد,ابوزهاد
ابو زهده,ابوزهده
ابو زهر,ابوزهر
ابو زهرة,ابوزهرة
ابو زهره,ابوزهره
ابو زهرى,ابوزهرى
ابو زهو,ابوزهو
ابو زوبع,ابوزوبع
ابو زور,ابوزور
ابو زويد,ابوزويد
ابو زويل,ابوزويل
ابو زوين,ابوزوين
ابو زى,ابوزى
ابو زي,ابوزي
ابو زيادة,ابوزيادة
ابو زياده,ابوزياده
ابو زيان,ابوزيان
ابو زيت,ابوزيت
ابو زيتحار,ابوزيتحار
ابو زيد,ابوزيد
ابوزيدعبدالفتاح,ابوزيد عبدالفتاح
ابو زيدابراهيم,ابوزيدابراهيم
ابو زيدابوصوار,ابوزيدابوصوار
ابو زيدامين,ابوزيدامين
ابو زيدان,ابوزيدان
ابو زيدة,ابوزيدة
ابو زيده,ابوزيده
ابو زين,ابوزين
ابو زينب,ابوزينب
ابو زينة,ابوزينة
ابو زينه,ابوزينه
ابو ساطور,ابوساطور
ابو ساطى,ابوساطى
ابو ساطي,ابوساطي
ابو سالم,ابوسالم
ابو سالمه,ابوسالمه
ابو سامان,ابوسامان
ابو سبع,ابوسبع
ابو سبعه,ابوسبعه
ابو سبيب,ابوسبيب
ابو سبيع,ابوسبيع
ابو ستة,ابوستة
ابو سته,ابوسته
ابو ستو,ابوستو
ابو ستيت,ابوستيت
ابو ستيتة,ابوستيتة
ابو ستيته,ابوستيته
ابو ستين,ابوستين
ابو سحلى,ابوسحلى
ابو سحلي,ابوسحلي
ابو سخرون,ابوسخرون
ابو سداح,ابوسداح
ابو سدر,ابوسدر
ابو سدير,ابوسدير
ابو سديرة,ابوسديرة
ابو سديره,ابوسديره
ابو سرارى,ابوسرارى
ابو سرحه,ابوسرحه
ابو سرور,ابوسرور
ابو سريع,ابوسريع
ابو سريه,ابوسريه
ابو سريوه,ابوسريوه
ابو سعد,ابوسعد
ابو سعدة,ابوسعدة
ابو سعده,ابوسعده
ابو سعدية,ابوسعدية
ابو سعديه,ابوسعديه
ابو سعودي,ابوسعودي
ابو سعيد,ابوسعيد
ابو سعيدة,ابوسعيدة
ابو سعيده,ابوسعيده
ابو سعيفة,ابوسعيفة
ابو سعيفه,ابوسعيفه
ابو سفيان,ابوسفيان
ابو سقاية,ابوسقاية
ابو سقايه,ابوسقايه
ابو سقيرة,ابوسقيرة
ابو سقيره,ابوسقيره
ابو سكر,ابوسكر
ابو سكين,ابوسكين
ابو سكينة,ابوسكينة
ابو سكينه,ابوسكينه
ابو سلام,ابوسلام
ابو سلامة,ابوسلامة
ابو سلامه,ابوسلامه
ابو سلطان,ابوسلطان
ابو سلطوح,ابوسلطوح
ابو سلمه,ابوسلمه
ابو سلمون,ابوسلمون
ابو سليم,ابوسليم
ابو سليمان,ابوسليمان
ابو سليمة,ابوسليمة
ابو سليمه,ابوسليمه
ابو سماحة,ابوسماحة
ابو سماحه,ابوسماحه
ابو سمرة,ابوسمرة
ابو سمره,ابوسمره
ابو سمرى,ابوسمرى
ابو سمك,ابوسمك
ابو سمهدانه,ابوسمهدانه
ابو سن,ابوسن
ابو سنة,ابوسنة
ابو سند,ابوسند
ابو سنه,ابوسنه
ابو سنون,ابوسنون
ابو سوده,ابوسوده
ابو سودى,ابوسودى
ابو سويد,ابوسويد
ابو سويف,ابوسويف
ابو سويلم,ابوسويلم
ابو سيد,ابوسيد
ابو سيدأحمد,ابوسيدأحمد
ابو سيداحمد,ابوسيداحمد
ابو سيدو,ابوسيدو
ابو سيف,ابوسيف
ابو سيفين,ابوسيفين
ابو شادى,ابوشادى
ابو شادي,ابوشادي
ابو شارب,ابوشارب
ابو شافع,ابوشافع
ابو شال,ابوشال
ابو شام,ابوشام
ابو شامة,ابوشامة
ابو شامه,ابوشامه
ابو شاميه,ابوشاميه
ابو شاهين,ابوشاهين
ابو شاور,ابوشاور
ابو شايبه,ابوشايبه
ابو شباك,ابوشباك
ابو شبانة,ابوشبانة
ابو شبانه,ابوشبانه
ابو شبايك,ابوشبايك
ابو شبك,ابوشبك
ابو شبكة,ابوشبكة
ابو شبكه,ابوشبكه
ابو شبيكه,ابوشبيكه
ابو شتى,ابوشتى
ابو شتية,ابوشتية
ابو شتيه,ابوشتيه
ابو شجاع,ابوشجاع
ابو شجر,ابوشجر
ابو شجره,ابوشجره
ابو شحاتة,ابوشحاتة
ابو شحاته,ابوشحاته
ابو شحاط,ابوشحاط
ابو شحمه,ابوشحمه
ابو شحيمه,ابوشحيمه
ابو شديد,ابوشديد
ابو شديدة,ابوشديدة
ابو شر,ابوشر
ابو شرارة,ابوشرارة
ابو شراره,ابوشراره
ابو شربى,ابوشربى
ابو شربي,ابوشربي
ابو شربينى,ابوشربينى
ابو شرخ,ابوشرخ
ابو شرديه,ابوشرديه
ابو شرف,ابوشرف
ابو شرق,ابوشرق
ابو شرقاوى,ابوشرقاوى
ابو شرمه,ابوشرمه
ابو شريبة,ابوشريبة
ابو شريحه,ابوشريحه
ابو شريده,ابوشريده
ابو شريف,ابوشريف
ابو شريفة,ابوشريفة
ابو شريفه,ابوشريفه
ابو شعبان,ابوشعبان
ابو شعر,ابوشعر
ابو شعرة,ابوشعرة
ابو شعره,ابوشعره
ابو شعلة,ابوشعلة
ابو شعله,ابوشعله
ابو شعيب,ابوشعيب
ابو شعير,ابوشعير
ابو شعيره,ابوشعيره
ابو شعيشع,ابوشعيشع
ابو شعيفه,ابوشعيفه
ابو شقرة,ابوشقرة
ابو شقره,ابوشقره
ابو شقفه,ابوشقفه
ابو شقه,ابوشقه
ابو شكر,ابوشكر
ابو شلال,ابوشلال
ابو شلباية,ابوشلباية
ابو شلبايه,ابوشلبايه
ابو شلبى,ابوشلبى
ابو شلبيه,ابوشلبيه
ابو شلش,ابوشلش
ابو شله,ابوشله
ابو شلهوب,ابوشلهوب
ابو شلوع,ابوشلوع
ابو شلوف,ابوشلوف
ابو شليب,ابوشليب
ابو شليتة,ابوشليتة
ابو شليته,ابوشليته
ابو شليف,ابوشليف
ابو شماله,ابوشماله
ابو شمر,ابوشمر
ابو شمس,ابوشمس
ابو شمعه,ابوشمعه
ابو شملة,ابوشملة
ابو شمله,ابوشمله
ابو شمه,ابوشمه
ابو شنادى,ابوشنادى
ابو شناف,ابوشناف
ابو شنب,ابوشنب
ابو شند,ابوشند
ابو شندى,ابوشندى
ابو شنه,ابوشنه
ابو شنى,ابوشنى
ابو شنيشن,ابوشنيشن
ابو شنيف,ابوشنيف
ابو شها,ابوشها
ابو شهاب,ابوشهاب
ابو شهاوى,ابوشهاوى
ابو شهبة,ابوشهبة
ابو شهبه,ابوشهبه
ابو شهده,ابوشهده
ابو شهلا,ابوشهلا
ابو شهله,ابوشهله
ابو شهيه,ابوشهيه
ابو شوارب,ابوشوارب
ابو شوالى,ابوشوالى
ابو شوالي,ابوشوالي
ابو شوشة,ابوشوشة
ابو شوشه,ابوشوشه
ابو شوفه,ابوشوفه
ابو شوق,ابوشوق
ابو شوك,ابوشوك
ابو شوم,ابوشوم
ابو شومر,ابوشومر
ابو شويكه,ابوشويكه
ابو شويه,ابوشويه
ابو شيت,ابوشيت
ابو شيته,ابوشيته
ابو شيحة,ابوشيحة
ابو شيخ,ابوشيخ
ابو شيخة,ابوشيخة
ابو شيخه,ابوشيخه
ابو شيلان,ابوشيلان
ابو صابر,ابوصابر
ابو صافى,ابوصافى
ابو صال,ابوصال
ابو صالح,ابوصالح
ابو صالحة,ابوصالحة
ابو صالحه,ابوصالحه
ابو صايمه,ابوصايمه
ابو صباح,ابوصباح
ابو صبح,ابوصبح
ابو صبره,ابوصبره
ابو صبيح,ابوصبيح
ابو صبيحة,ابوصبيحة
ابو صبيحه,ابوصبيحه
ابو صخرون,ابوصخرون
ابو صدر,ابوصدر
ابو صدقى,ابوصدقى
ابو صديره,ابوصديره
ابو صره,ابوصره
ابو صغير,ابوصغير
ابو صفية,ابوصفية
ابو صفيه,ابوصفيه
ابو صقر,ابوصقر
ابو صلاح,ابوصلاح
ابو صليب,ابوصليب
ابوصُليب,ابوصليب
ابو صمادة,ابوصمادة
ابو صماده,ابوصماده
ابو صندوق,ابوصندوق
ابو صهيون,ابوصهيون
ابو صوان,ابوصوان
ابو صوفه,ابوصوفه
ابو صيام,ابوصيام
ابو صير,ابوصير
ابو صيره,ابوصيره
ابو صيرى,ابوصيرى
ابو ضابية,ابوضابية
ابو ضاحى,ابوضاحى
ابو ضاهر,ابوضاهر
ابو ضاوى,ابوضاوى
ابو ضبة,ابوضبة
ابو ضبعان,ابوضبعان
ابو ضبه,ابوضبه
ابو ضحوه,ابوضحوه
ابو ضعن,ابوضعن
ابو ضلع,ابوضلع
ابو ضلمه,ابوضلمه
ابو ضهر,ابوضهر
ابو ضوه,ابوضوه
ابو ضياء,ابوضياء
ابو ضيف,ابوضيف
ابو طا,ابوطا
ابو طابيخ,ابوطابيخ
ابو طاجن,ابوطاجن
ابو طاحون,ابوطاحون
ابو طافش,ابوطافش
ابو طاقة,ابوطاقة
ابو طاقه,ابوطاقه
ابو طاقيه,ابوطاقيه
ابو طالب,ابوطالب
ابو طاهرة,ابوطاهرة
ابو طاهره,ابوطاهره
ابو طايش,ابوطايش
ابو طايع,ابوطايع
ابو طايل,ابوطايل
ابو طبل,ابوطبل
ابو طبلة,ابوطبلة
ابو طبيخ,ابوطبيخ
ابو طراد,ابوطراد
ابو طرفايه,ابوطرفايه
ابو طرفه,ابوطرفه
ابو طريف,ابوطريف
ابو طريه,ابوطريه
ابو طعيمه,ابوطعيمه
ابو طقيه,ابوطقيه
ابو طلاس,ابوطلاس
ابو طلب,ابوطلب
ابو طلبه,ابوطلبه
ابو طماعه,ابوطماعه
ابو طمر,ابوطمر
ابو طه,ابوطه
ابو طواله,ابوطواله
ابو طور,ابوطور
ابو طوق,ابوطوق
ابو طويط,ابوطويط
ابو طويلة,ابوطويلة
ابو طويله,ابوطويله
ابو طيبه,ابوطيبه
ابو طير,ابوطير
ابو طيره,ابوطيره
ابو ظريفه,ابوظريفه
ابو ظهره,ابوظهره
ابو عائشه,ابوعائشه
ابو عابد,ابوعابد
ابو عابده,ابوعابده
ابو عادى,ابوعادى
ابو عارف,ابوعارف
ابو عاشور,ابوعاشور
ابو عاصى,ابوعاصى
ابو عاصي,ابوعاصي
ابو عاطى,ابوعاطى
ابو عافية,ابوعافية
ابو عافيه,ابوعافيه
ابو عاقله,ابوعاقله
ابو عالية,ابوعالية
ابو عاليه,ابوعاليه
ابو عامر,ابوعامر
ابو عامرالصغير,ابوعامرالصغير
ابو عامريه,ابوعامريه
ابو عامود,ابوعامود
ابو عايد,ابوعايد
ابو عايشه,ابوعايشه
ابوعبــا,ابوعبا
ابو عباء,ابوعباء
ابو عباد,ابوعباد
ابو عباده,ابوعباده
ابو عبد اللـه,ابوعبدالله
ابو عبد الله,ابوعبدالله
ابو عبدالـلـه,ابوعبدالله
ابو عبدالـله,ابوعبدالله
ابو عبدالله,ابوعبدالله
ابوعبد الله,ابوعبدالله
ابوعبدالـلـه,ابوعبدالله
ابوعبدالـله,ابوعبدالله
ابوعبداللـه,ابوعبدالله
ابو عبدة,ابوعبدة
ابو عبده,ابوعبده
ابو عبدون,ابوعبدون
ابو عبسه,ابوعبسه
ابو عبل,ابوعبل
ابو عبلة,ابوعبلة
ابو عبية,ابوعبية
ابو عبيد,ابوعبيد
ابو عبيدة,ابوعبيدة
ابو عبيده,ابوعبيده
ابو عبيه,ابوعبيه
ابو عتاب,ابوعتاب
ابو عتاقى,ابوعتاقى
ابو عتله,ابوعتله
ابو عتمان,ابوعتمان
ابو عتيق,ابوعتيق
ابو عتيله,ابوعتيله
ابو عثمان,ابوعثمان
ابو عجاج,ابوعجاج
ابو عجاجة,ابوعجاجة
ابو عجاجه,ابوعجاجه
ابو عجب,ابوعجب
ابو عجبه,ابوعجبه
ابو عجل,ابوعجل
ابو عجلان,ابوعجلان
ابو عجلة,ابوعجلة
ابو عجله,ابوعجله
ابو عجم,ابوعجم
ابو عجمى,ابوعجمى
ابو عجوة,ابوعجوة
ابو عجور,ابوعجور
ابو عجوه,ابوعجوه
ابو عجيز,ابوعجيز
ابو عجيزة,ابوعجيزة
ابو عجيزه,ابوعجيزه
ابو عجيلة,ابوعجيلة
ابو عجيله,ابوعجيله
ابو عجين,ابوعجين
ابو عجينه,ابوعجينه
ابو عدب,ابوعدب
ابو عدس,ابوعدس
ابو عدسه,ابوعدسه
ابو عرابى,ابوعرابى
ابو عرابي,ابوعرابي
ابو عرام,ابوعرام
ابو عرايس,ابوعرايس
ابو عرب,ابوعرب
ابو عرفه,ابوعرفه
ابو عريان,ابوعريان
ابو عريبة,ابوعريبة
ابو عريش,ابوعريش
ابو عريشة,ابوعريشة
ابو عريشه,ابوعريشه
ابو عريض,ابوعريض
ابو عريضة,ابوعريضة
ابو عريضه,ابوعريضه
ابو عريف,ابوعريف
ابو عزازي,ابوعزازي
ابو عزام,ابوعزام
ابو عزبى,ابوعزبى
ابو عزة,ابوعزة
ابو عزيز,ابوعزيز
ابو عزيزة,ابوعزيزة
ابو عزيزه,ابوعزيزه
ابو عساكر,ابوعساكر
ابو عسران,ابوعسران
ابو عسكر,ابوعسكر
ابو عسكريه,ابوعسكريه
ابو عسل,ابوعسل
ابو عسله,ابوعسله
ابو عش,ابوعش
ابو عشماوى,ابوعشماوى
ابو عشيبة,ابوعشيبة
ابو عشيش,ابوعشيش
ابو عصا,ابوعصا
ابو عصب,ابوعصب
ابو عصر,ابوعصر
ابو عصوه,ابوعصوه
ابو عضمة,ابوعضمة
ابو عضمه,ابوعضمه
ابو عطا,ابوعطا
ابو عطا الله,ابوعطاالله
ابوعطا الله,ابوعطاالله
ابو عطالله,ابوعطالله
ابو عطايا,ابوعطايا
ابو عطوان,ابوعطوان
ابو عطى,ابوعطى
ابو عطية,ابوعطية
ابو عطيه,ابوعطيه
ابو عظمة,ابوعظمة
ابو عظمه,ابوعظمه
ابو عفر,ابوعفر
ابو عفش,ابوعفش
ابو عفصة,ابوعفصة
ابو عفصه,ابوعفصه
ابو عفيفى,ابوعفيفى
ابو عفيفي,ابوعفيفي
ابو عقادة,ابوعقادة
ابو عقدة,ابوعقدة
ابو عقده,ابوعقده
ابو عقر,ابوعقر
ابو عقرب,ابوعقرب
ابو عقل,ابوعقل
ابو عقله,ابوعقله
ابو عقيده,ابوعقيده
ابو عقيل,ابوعقيل
ابو عقيله,ابوعقيله
ابو عكاز,ابوعكاز
ابو عكر,ابوعكر
ابو علام,ابوعلام
ابو علامه,ابوعلامه
ابو علفة,ابوعلفة
ابو علفه,ابوعلفه
ابو علم,ابوعلم
ابو علو,ابوعلو
ابو علوان,ابوعلوان
ابو علوش,ابوعلوش
ابو علوه,ابوعلوه
ابو علويه,ابوعلويه
ابو على,ابوعلى
ابو علي,ابوعلي
ابو عليان,ابوعليان
ابو عليقه,ابوعليقه
ابو عليم,ابوعليم
ابو عليو,ابوعليو
ابو عليوه,ابوعليوه
ابو عمار,ابوعمار
ابو عمارة,ابوعمارة
ابو عماره,ابوعماره
ابو عماشة,ابوعماشة
ابو عماشه,ابوعماشه
ابو عماه,ابوعماه
ابو عمايم,ابوعمايم
ابو عمر,ابوعمر
ابو عمران,ابوعمران
ابو عمرة,ابوعمرة
ابو عمره,ابوعمره
ابو عمرو,ابوعمرو
ابو عمشه,ابوعمشه
ابو عمه,ابوعمه
ابو عمو,ابوعمو
ابو عموا,ابوعموا
ابو عموه,ابوعموه
ابو عميرة,ابوعميرة
ابو عميره,ابوعميره
ابوعميره--,ابوعميره
ابو عميش,ابوعميش
ابو عنانى,ابوعنانى
ابو عنب,ابوعنب
ابو عنبة,ابوعنبة
ابو عنبه,ابوعنبه
ابو عنزل,ابوعنزل
ابو عنزه,ابوعنزه
ابو عنيب,ابوعنيب
ابو عواجه,ابوعواجه
ابو عواض,ابوعواض
ابو عوده,ابوعوده
ابو عوش,ابوعوش
ابو عوض,ابوعوض
ابوعوض الله,ابوعوضالله
ابو عوف,ابوعوف
ابو عوكل,ابوعوكل
ابو عوم,ابوعوم
ابو عون,ابوعون
ابو عونه,ابوعونه
ابو عويشه,ابوعويشه
ابو عويضة,ابوعويضة
ابو عويضه,ابوعويضه
ابو عياد,ابوعياد
ابو عيار,ابوعيار
ابو عياشة,ابوعياشة
ابو عياشه,ابوعياشه
ابو عياط,ابوعياط
ابو عيال,ابوعيال
ابو عيانة,ابوعيانة
ابو عيانه,ابوعيانه
ابو عيانية,ابوعيانية
ابو عيد,ابوعيد
ابو عيده,ابوعيده
ابو عيسوى,ابوعيسوى
ابو عيسى,ابوعيسى
ابو عيسي,ابوعيسي
ابو عيش,ابوعيش
ابو عيشة,ابوعيشة
ابو عيشه,ابوعيشه
ابو عيطة,ابوعيطة
ابو عيطه,ابوعيطه
ابو عيله,ابوعيله
ابو عين,ابوعين
ابو غابه,ابوغابه
ابو غادير,ابوغادير
ابو غازى,ابوغازى
ابو غازي,ابوغازي
ابو غالب,ابوغالب
ابو غالمه,ابوغالمه
ابو غالون,ابوغالون
ابو غالى,ابوغالى
ابو غالي,ابوغالي
ابو غاليه,ابوغاليه
ابو غانم,ابوغانم
ابو غبن,ابوغبن
ابو غبيشه,ابوغبيشه
ابو غبينه,ابوغبينه
ابو غتفه,ابوغتفه
ابو غتمة,ابوغتمة
ابو غتمه,ابوغتمه
ابو غدير,ابوغدير
ابو غديه,ابوغديه
ابو غرارة,ابوغرارة
ابو غراره,ابوغراره
ابو غرام,ابوغرام
ابو غرامه,ابوغرامه
ابو غربية,ابوغربية
ابو غربيه,ابوغربيه
ابو غرفه,ابوغرفه
ابو غريب,ابوغريب
ابو غريبه,ابوغريبه
ابو غز,ابوغز
ابو غزالة,ابوغزالة
ابو غزاله,ابوغزاله
ابو غزه,ابوغزه
ابو غزيه,ابوغزيه
ابو غصيبة,ابوغصيبة
ابو غصيبه,ابوغصيبه
ابو غضبان,ابوغضبان
ابو غضه,ابوغضه
ابو غطاس,ابوغطاس
ابو غطفة,ابوغطفة
ابو غفيله,ابوغفيله
ابو غلاب,ابوغلاب
ابو غليون,ابوغليون
ابو غنا,ابوغنا
ابو غنام,ابوغنام
ابو غنايم,ابوغنايم
ابو غنيم,ابوغنيم
ابو غنيمة,ابوغنيمة
ابو غنيمه,ابوغنيمه
ابو غنيه,ابوغنيه
ابو غياتى,ابوغياتى
ابو غياض,ابوغياض
ابو غيته,ابوغيته
ابو غيده,ابوغيده
ابو غيط,ابوغيط
ابو فاتى,ابوفاتى
ابو فاخره,ابوفاخره
ابو فارس,ابوفارس
ابو فاس,ابوفاس
ابو فاضل,ابوفاضل
ابو فاطم,ابوفاطم
ابو فاطمة,ابوفاطمة
ابو فاطمه,ابوفاطمه
ابو فام,ابوفام
ابو فايد,ابوفايد
ابو فتيله,ابوفتيله
ابو فجور,ابوفجور
ابو فدان,ابوفدان
ابو فراج,ابوفراج
ابو فراخ,ابوفراخ
ابو فرج,ابوفرج
ابوفرج الله,ابوفرجالله
ابو فرد,ابوفرد
ابو فردة,ابوفردة
ابو فرقله,ابوفرقله
ابو فرو,ابوفرو
ابو فروه,ابوفروه
ابو فريخه,ابوفريخه
ابو فضه,ابوفضه
ابو فضيلة,ابوفضيلة
ابو فطوم,ابوفطوم
ابو فطيرة,ابوفطيرة
ابو فلفله,ابوفلفله
ابو فلوس,ابوفلوس
ابو فندود,ابوفندود
ابو فندور,ابوفندور
ابو فندى,ابوفندى
ابو فواكه,ابوفواكه
ابو فوده,ابوفوده
ابو فوز,ابوفوز
ابو فول,ابوفول
ابو فوله,ابوفوله
ابو في,ابوفي
ابو فيه,ابوفيه
ابو فيوض,ابوفيوض
ابو قادوس,ابوقادوس
ابو قادوم,ابوقادوم
ابو قاسم,ابوقاسم
ابو قالب,ابوقالب
ابو قاوي,ابوقاوي
ابو قايد,ابوقايد
ابو قباله,ابوقباله
ابو قبه,ابوقبه
ابو قتيله,ابوقتيله
ابو قحف,ابوقحف
ابو قديحه,ابوقديحه
ابو قربانه,ابوقربانه
ابو قربه,ابوقربه
ابو قرش,ابوقرش
ابو قرع,ابوقرع
ابو قرن,ابوقرن
ابو قروش,ابوقروش
ابو قرون,ابوقرون
ابو قريبه,ابوقريبه
ابو قرين,ابوقرين
ابو قشطه,ابوقشطه
ابو قصيبة,ابوقصيبة
ابو قصيبه,ابوقصيبه
ابو قصيصه,ابوقصيصه
ابو قفص,ابوقفص
ابو قفه,ابوقفه
ابو قلبين,ابوقلبين
ابو قله,ابوقله
ابو قماره,ابوقماره
ابو قمح,ابوقمح
ابو قمر,ابوقمر
ابو قميحة,ابوقميحة
ابو قميحه,ابوقميحه
ابو قنديل,ابوقنديل
ابو قنوع,ابوقنوع
ابو قورة,ابوقورة
ابو قوره,ابوقوره
ابو قوص,ابوقوص
ابو قوطة,ابوقوطة
ابو قوطه,ابوقوطه
ابو قيد,ابوقيد
ابو قير,ابوقير
ابو كاشف,ابوكاشف
ابو كامل,ابوكامل
ابو كامله,ابوكامله
ابو كبشة,ابوكبشة
ابو كبشه,ابوكبشه
ابو كبيرة,ابوكبيرة
ابو كتيعه,ابوكتيعه
ابو كثير,ابوكثير
ابو كحلة,ابوكحلة
ابو كحله,ابوكحله
ابو كحيل,ابوكحيل
ابو كحيله,ابوكحيله
ابو كرات,ابوكرات
ابو كرش,ابوكرش
ابو كرم,ابوكرم
ابو كريتة,ابوكريتة
ابو كريته,ابوكريته
ابو كريشة,ابوكريشة
ابو كريشه,ابوكريشه
ابو كريم,ابوكريم
ابو كريمة,ابوكريمة
ابو كريمه,ابوكريمه
ابو كساب,ابوكساب
ابو كشك,ابوكشك
ابو كشه,ابوكشه
ابو كفر,ابوكفر
ابو كل,ابوكل
ابو كلام,ابوكلام
ابو كلوب,ابوكلوب
ابو كليب,ابوكليب
ابو كليل,ابوكليل
ابو كليلة,ابوكليلة
ابو كليله,ابوكليله
ابو كمال,ابوكمال
ابو كمون,ابوكمون
ابو كنين,ابوكنين
ابو كوهيه,ابوكوهيه
ابو كيف,ابوكيف
ابو كيفه,ابوكيفه
ابو كيلة,ابوكيلة
ابو كيله,ابوكيله
ابو لابد,ابولابد
ابو لاشين,ابولاشين
ابو لبدة,ابولبدة
ابو لبده,ابولبده
ابو لبن,ابولبن
ابو لبهان,ابولبهان
ابو لطيعة,ابولطيعة
ابو لطيعه,ابولطيعه
ابو لعج,ابولعج
ابو لغا,ابولغا
ابو لماضه,ابولماضه
ابو لمون,ابولمون
ابو لمونه,ابولمونه
ابو ليصه,ابوليصه
ابو ليفه,ابوليفه
ابو ليلة,ابوليلة
ابو ليله,ابوليله
ابو ليلى,ابوليلى
ابو ليمون,ابوليمون
ابو ليمونه,ابوليمونه
ابو ماجد,ابوماجد
ابو مازن,ابومازن
ابو ماضى,ابوماضى
ابو مايله,ابومايله
ابو مبارك,ابومبارك
ابو مجاهد,ابومجاهد
ابو مجلى,ابومجلى
ابو محجوب,ابومحجوب
ابو محرم,ابومحرم
ابو محضية,ابومحضية
ابو محمد,ابومحمد
ابو محمود,ابومحمود
ابو مخلوف,ابومخلوف
ابو مخيمر,ابومخيمر
ابو مدين,ابومدين
ابو مراد,ابومراد
ابو مرسى,ابومرسى
ابو مرعى,ابومرعى
ابو مرعي,ابومرعي
ابو مرق,ابومرق
ابو مره,ابومره
ابو مريكب,ابومريكب
ابو مساعد,ابومساعد
ابو مسامح,ابومسامح
ابو مسعده,ابومسعده
ابو مسلم,ابومسلم
ابو مشعال,ابومشعال
ابو مشفه,ابومشفه
ابو مصطفى,ابومصطفى
ابو مصطفي,ابومصطفي
ابو مضاوى,ابومضاوى
ابو مضاوي,ابومضاوي
ابو مضلم,ابومضلم
ابو مطر,ابومطر
ابو معاطى,ابومعاطى
ابو معالى,ابومعالى
ابو معبد,ابومعبد
ابو معزه,ابومعزه
ابو مغربة,ابومغربة
ابو مكى,ابومكى
ابو مكي,ابومكي
ابو ملحه,ابوملحه
ابو ملوة,ابوملوة
ابو ملوه,ابوملوه
ابو مليح,ابومليح
ابو منا,ابومنا
ابو منجل,ابومنجل
ابو منجود,ابومنجود
ابو مندور,ابومندور
ابو مندورالسيد,ابومندورالسيد
ابو منديل,ابومنديل
ابو منصور,ابومنصور
ابو منصورة,ابومنصورة
ابو منصوره,ابومنصوره
ابو منظور,ابومنظور
ابو منه,ابومنه
ابو منيفى,ابومنيفى
ابو مهادى,ابومهادى
ابو مهدى,ابومهدى
ابو مهرة,ابومهرة
ابو مهره,ابومهره
ابو موافى,ابوموافى
ابو موته,ابوموته
ابو موسى,ابوموسى
ابو موسي,ابوموسي
ابو مى,ابومى
ابو مية,ابومية
ابو ميجنه,ابوميجنه
ابو ميرة,ابوميرة
ابو ميره,ابوميره
ابو ميسه,ابوميسه
ابو ميه,ابوميه
ابو ناب,ابوناب
ابو نابت,ابونابت
ابو ناجى,ابوناجى
ابو ناجي,ابوناجي
ابو نادى,ابونادى
ابو نار,ابونار
ابو نازل,ابونازل
ابو ناسو,ابوناسو
ابو ناشى,ابوناشى
ابو ناصر,ابوناصر
ابو ناصف,ابوناصف
ابو ناعم,ابوناعم
ابو نافع,ابونافع
ابو نافعه,ابونافعه
ابو ناموس,ابوناموس
ابو نايل,ابونايل
ابو نبشه,ابونبشه
ابو نبوت,ابونبوت
ابو نجا,ابونجا
ابو نجاح,ابونجاح
ابو نجله,ابونجله
ابو نجم,ابونجم
ابو نجيله,ابونجيله
ابو ندا,ابوندا
ابو نده,ابونده
ابو نشابة,ابونشابة
ابو نشابه,ابونشابه
ابو نشار,ابونشار
ابو نشوق,ابونشوق
ابو نصر,ابونصر
ابونصر الدين,ابونصرالدين
ابو نصره,ابونصره
ابو نصير,ابونصير
ابو نعامه,ابونعامه
ابو نعمان,ابونعمان
ابو نعمة,ابونعمة
ابو نعمه,ابونعمه
ابو نعناعه,ابونعناعه
ابو نعيم,ابونعيم
ابو نعيمة,ابونعيمة
ابو نعيمه,ابونعيمه
ابو نفس,ابونفس
ابو نقايه,ابونقايه
ابو نقحه,ابونقحه
ابو نمر,ابونمر
ابو نمشه,ابونمشه
ابو نوارج,ابونوارج
ابو نواره,ابونواره
ابو نوح,ابونوح
ابو نور,ابونور
ابو نوفل,ابونوفل
ابو نويش,ابونويش
ابو نويصر,ابونويصر
ابو نيل,ابونيل
ابو هادر,ابوهادر
ابو هارون,ابوهارون
ابو هاشم,ابوهاشم
ابو هاشيمه,ابوهاشيمه
ابو هانم,ابوهانم
ابو هانى,ابوهانى
ابو هبالة,ابوهبالة
ابو هباله,ابوهباله
ابو هبره,ابوهبره
ابو هبل,ابوهبل
ابو هبه,ابوهبه
ابو هبير,ابوهبير
ابو هجار,ابوهجار
ابو هجم,ابوهجم
ابو هجينه,ابوهجينه
ابو هدب,ابوهدب
ابو هدمه,ابوهدمه
ابو هديبة,ابوهديبة
ابو هديبه,ابوهديبه
ابو هدية,ابوهدية
ابو هديمه,ابوهديمه
ابو هديه,ابوهديه
ابو هراس,ابوهراس
ابو هرج,ابوهرج
ابو هرجة,ابوهرجة
ابو هرجه,ابوهرجه
ابو هريرة,ابوهريرة
ابو هريره,ابوهريره
ابو هشام,ابوهشام
ابو هشهش,ابوهشهش
ابو هشيمة,ابوهشيمة
ابو هشيمه,ابوهشيمه
ابو هلال,ابوهلال
ابو هلالى,ابوهلالى
ابو هلاوه,ابوهلاوه
ابو هليل,ابوهليل
ابو همام,ابوهمام
ابو هميله,ابوهميله
ابو هنا,ابوهنا
ابو هنتش,ابوهنتش
ابو هند,ابوهند
ابو هنداوي,ابوهنداوي
ابو هنده,ابوهنده
ابو هندى,ابوهندى
ابو هندي,ابوهندي
ابو هندية,ابوهندية
ابو هنديه,ابوهنديه
ابو هنطش,ابوهنطش
ابو هنه,ابوهنه
ابو هواش,ابوهواش
ابو هوجر,ابوهوجر
ابو هوله,ابوهوله
ابو هويدى,ابوهويدى
ابو هويدي,ابوهويدي
ابو هيب,ابوهيب
ابو هيبة,ابوهيبة
ابو هيبه,ابوهيبه
ابو هيسة,ابوهيسة
ابو هيسه,ابوهيسه
ابو هيش,ابوهيش
ابو هيف,ابوهيف
ابو هيكل,ابوهيكل
ابو وادى,ابووادى
ابو وازن,ابووازن
ابو واصل,ابوواصل
ابو وافى,ابووافى
ابو وافية,ابووافية
ابو وافيه,ابووافيه
ابو والى,ابووالى
ابو وحش,ابووحش
ابو وداعه,ابووداعه
ابو ودح,ابوودح
ابو ودن,ابوودن
ابو ورد,ابوورد
ابو وردة,ابووردة
ابو ورده,ابوورده
ابو ورك,ابوورك
ابو وسع,ابووسع
ابو وطفه,ابووطفه
ابو وفا,ابووفا
ابو وهدان,ابووهدان
ابو ويله,ابوويله
ابو ياسين,ابوياسين
ابو يحى,ابويحى
ابو يحي,ابويحي
ابو يحيا,ابويحيا
ابو يحيى,ابويحيى
ابو يحيي,ابويحيي
ابو يدك,ابويدك
ابو يمامه,ابويمامه
ابو يمن,ابويمن
ابو يوسف,ابويوسف
ابو يونس,ابويونس
ابى ابراهيم,ابىابراهيم
ابى احمد,ابىاحمد
ابى اسلام,ابىاسلام
ابى الحسن,ابىالحسن
ابى الدار,ابىالدار
ابى الدرداء,ابىالدرداء
ابى الدردار,ابىالدردار
ابى الشامات,ابىالشامات
ابى الضيم,ابىالضيم
ابى الفتوح,ابىالفتوح
ابى ايمن,ابىايمن
ابى بكر,ابىبكر
ابى تامر,ابىتامر
ابى راشد,ابىراشد
ابى سفيان,ابىسفيان
ابى سفين,ابىسفين
ابى سناء,ابىسناء
ابى طارق,ابىطارق
ابى طالب,ابىطالب
ابى عصام,ابىعصام
ابى عمار,ابىعمار
ابى عمر,ابىعمر
ابى محمد,ابىمحمد
ابى محمود,ابىمحمود
ابى مروان,ابىمروان
ابى هيثم,ابىهيثم
ابى ياسر,ابىياسر
ابي بكر,ابيبكر
ابي علي,ابيعلي
اتمام الدين,اتمامالدين
ا حمد,احمد
احــمــد,احمد
احمد.,احمد
احمد_x000D_,احمد
احمـد,احمد
احمــد,احمد
احمـــد,احمد
احمـــــد,احمد
ْاحمد,احمد
احمدإبراهيم,احمد إبراهيم
احمدابراهيم,احمد ابراهيم
احمدابواحمد,احمد ابواحمد
احمدابوالخير,احمد ابوالخير
احمدابوالسعد,احمد ابوالسعد
احمدابوالسعود,احمد ابوالسعود
احمدابوالعزم,احمد ابوالعزم
احمدابوالعلا,احمد ابوالعلا
احمدابوالعنين,احمد ابوالعنين
احمدابوالعيد,احمد ابوالعيد
احمدابوالمجد,احمد ابوالمجد
احمدابوالمعاطى,احمد ابوالمعاطى
احمدابوالوفا,احمد ابوالوفا
احمدابواليزيد,احمد ابواليزيد
احمدابواليسر,احمد ابواليسر
احمدابوحمده,احمد ابوحمده
احمدابوزهره,احمد ابوزهره
احمدابوزيد,احمد ابوزيد
احمدابوعيلة,احمد ابوعيلة
احمدابوغياض,احمد ابوغياض
احمدابوفاخره,احمد ابوفاخره
احمدابوفول,احمد ابوفول
احمداحمد,احمد احمد
احمدادريس,احمد ادريس
احمداسكندر,احمد اسكندر
احمداسماعيل,احمد اسماعيل
احمداشرف,احمد اشرف
احمدالامير,احمد الامير
احمدالباز,احمد الباز
احمدالبدوى,احمد البدوى
احمدالبسيونى,احمد البسيونى
احمدالبنا,احمد البنا
احمدالبيومى,احمد البيومى
احمدالتهامى,احمد التهامى
احمدالجمل,احمد الجمل
احمدالجندى,احمد الجندى
احمدالجوهرى,احمد الجوهرى
احمدالحداد,احمد الحداد
احمدالحنفى,احمد الحنفى
احمدالخولى,احمد الخولى
احمدالدسوقى,احمد الدسوقى
احمدالديب,احمد الديب
احمدالرفاعى,احمد الرفاعى
احمدالسقا,احمد السقا
احمدالشاذلى,احمد الشاذلى
احمدالشاعر,احمد الشاعر
احمدالشافعى,احمد الشافعى
احمدالشامى,احمد الشامى
احمدالشبراوى,احمد الشبراوى
احمدالشحات,احمد الشحات
احمدالشربينى,احمد الشربينى
احمدالشرقاوى,احمد الشرقاوى
احمدالشريف,احمد الشريف
احمدالشناوى,احمد الشناوى
احمدالشيخ,احمد الشيخ
احمدالصادق,احمد الصادق
احمدالصاوى,احمد الصاوى
احمدالصباغ,احمد الصباغ
احمدالصعيدى,احمد الصعيدى
احمدالصياد,احمد الصياد
احمدالطاهر,احمد الطاهر
احمدالطنطاوى,احمد الطنطاوى
احمدالطيب,احمد الطيب
احمدالعربى,احمد العربى
احمدالعزب,احمد العزب
احمدالعشرى,احمد العشرى
احمدالعطار,احمد العطار
احمدالعوضى,احمد العوضى
احمدالعيسوى,احمد العيسوى
احمدالفقى,احمد الفقى
احمدالقاضى,احمد القاضى
احمدالليثى,احمد الليثى
احمدالمرسى,احمد المرسى
احمدالمصرى,احمد المصرى
احمدالمهدى,احمد المهدى
احمدالنجار,احمد النجار
احمدالوكيل,احمد الوكيل
احمدامام,احمد امام
احمدامبابى,احمد امبابى
احمدامين,احمد امين
احمدانور,احمد انور
احمدايوب,احمد ايوب
احمدبدر,احمد بدر
احمدبدوى,احمد بدوى
احمدبركات,احمد بركات
احمدبسيونى,احمد بسيونى
احمدبسيوني,احمد بسيوني
احمدبكر,احمد بكر
احمدبيومي,احمد بيومي
احمدتوفيق,احمد توفيق
احمدجابر,احمد جابر
احمدجاد,احمد جاد
احمدجعفر,احمد جعفر
احمدجمال,احمد جمال
احمدجمعه,احمد جمعه
احمدجوهر,احمد جوهر
احمدحافظ,احمد حافظ
احمدحامد,احمد حامد
احمدحجاج,احمد حجاج
احمدحجازى,احمد حجازى
احمدحجازي,احمد حجازي
احمدحسان,احمد حسان
احمدحسانين,احمد حسانين
احمدحسن,احمد حسن
احمدحسنى,احمد حسنى
احمدحسنين,احمد حسنين
احمدحسين,احمد حسين
احمدحلمى,احمد حلمى
احمدحماد,احمد حماد
احمدحماده,احمد حماده
احمدحمزه,احمد حمزه
احمدحموده,احمد حموده
احمدخضر,احمد خضر
احمدخطاب,احمد خطاب
احمدخلاف,احمد خلاف
احمدخلف,احمد خلف
احمدخليفة,احمد خليفة
احمدخليفه,احمد خليفه
احمدخليل,احمد خليل
احمدخميس,احمد خميس
احمددرويش,احمد درويش
احمددنيا,احمد دنيا
احمددياب,احمد دياب
احمدذكى,احمد ذكى
احمدرأفت,احمد رأفت
احمدربيع,احمد ربيع
احمدرجب,احمد رجب
احمدرزق,احمد رزق
احمدرشوان,احمد رشوان
احمدرضوان,احمد رضوان
احمدرفاعى,احمد رفاعى
احمدرمزى,احمد رمزى
احمدرمضان,احمد رمضان
احمدزايد,احمد زايد
احمدزكريا,احمد زكريا
احمدزهران,احمد زهران
احمدسالم,احمد سالم
احمدسالمان,احمد سالمان
احمدسراج,احمد سراج
احمدسعد,احمد سعد
احمدسلامه,احمد سلامه
احمدسلطان,احمد سلطان
احمدسليم,احمد سليم
احمدسليمان,احمد سليمان
احمدسويلم,احمد سويلم
احمدسيد,احمد سيد
احمدسيداحمد,احمد سيداحمد
احمدشاهين,احمد شاهين
احمدشحاتة,احمد شحاتة
احمدشحاته,احمد شحاته
احمدشرف,احمد شرف
احمدشريف,احمد شريف
احمدشعبان,احمد شعبان
احمدشلبى,احمد شلبى
احمدشوقى,احمد شوقى
احمدصابر,احمد صابر
احمدصادق,احمد صادق
احمدصالح,احمد صالح
احمدصبرى,احمد صبرى
احمدصفوت,احمد صفوت
احمدصلاح,احمد صلاح
احمدصيام,احمد صيام
احمدطلب,احمد طلب
احمدطلبه,احمد طلبه
احمدطلعت,احمد طلعت
احمدطنطاوى,احمد طنطاوى
احمدعادل,احمد عادل
احمدعامر,احمد عامر
احمدعباس,احمد عباس
احمدعبدالباعث,احمد عبدالباعث
احمدعبدالباقي,احمد عبدالباقي
احمدعبدالجليل,احمد عبدالجليل
احمدعبدالحافظ,احمد عبدالحافظ
احمدعبدالحفيظ,احمد عبدالحفيظ
احمدعبدالحميد,احمد عبدالحميد
احمدعبدالحي,احمد عبدالحي
احمدعبدالخالق,احمد عبدالخالق
احمدعبدالرؤف,احمد عبدالرؤف
احمدعبدالرازق,احمد عبدالرازق
احمدعبدالرحيم,احمد عبدالرحيم
احمدعبدالسلام,احمد عبدالسلام
احمدعبدالسميع,احمد عبدالسميع
احمدعبدالصمد,احمد عبدالصمد
احمدعبدالطيف,احمد عبدالطيف
احمدعبدالعاطى,احمد عبدالعاطى
احمدعبدالعاطي,احمد عبدالعاطي
احمدعبدالعال,احمد عبدالعال
احمدعبدالعزيز,احمد عبدالعزيز
احمدعبدالعظيم,احمد عبدالعظيم
احمدعبدالفتاح,احمد عبدالفتاح
احمدعبدالقادر,احمد عبدالقادر
احمدعبدالقوى,احمد عبدالقوى
احمدعبداللا,احمد عبداللا
احمدعبداللاه,احمد عبداللاه
احمدعبداللطيف,احمد عبداللطيف
احمدعبدالمؤمن,احمد عبدالمؤمن
احمدعبدالمجيد,احمد عبدالمجيد
احمدعبدالمعبود,احمد عبدالمعبود
احمدعبدالمعطى,احمد عبدالمعطى
احمدعبدالمقصود,احمد عبدالمقصود
احمدعبدالمنعم,احمد عبدالمنعم
احمدعبدالنعيم,احمد عبدالنعيم
احمدعبدالواحد,احمد عبدالواحد
احمدعبدالوهاب,احمد عبدالوهاب
احمدعبده,احمد عبده
احمدعبيد,احمد عبيد
احمدعثمان,احمد عثمان
احمدعدلى,احمد عدلى
احمدعرابى,احمد عرابى
احمدعربى,احمد عربى
احمدعرفات,احمد عرفات
احمدعرفه,احمد عرفه
احمدعزام,احمد عزام
احمدعزت,احمد عزت
احمدعشرى,احمد عشرى
احمدعطا,احمد عطا
احمدعطية,احمد عطية
احمدعطيه,احمد عطيه
احمدعفيفى,احمد عفيفى
احمدعلاء,احمد علاء
احمدعلام,احمد علام
احمدعلوان,احمد علوان
احمدعلى,احمد على
احمدعلي,احمد علي
احمدعليان,احمد عليان
احمدعمار,احمد عمار
احمدعماره,احمد عماره
احمدعمر,احمد عمر
احمدعمران,احمد عمران
احمدعمرو,احمد عمرو
احمدعواد,احمد عواد
احمدعوض,احمد عوض
احمدعويضه,احمد عويضه
احمدعيد,احمد عيد
احمدعيسوى,احمد عيسوى
احمدعيسى,احمد عيسى
احمدعيسي,احمد عيسي
احمدغازى,احمد غازى
احمدغالى,احمد غالى
احمدغانم,احمد غانم
احمدغريب,احمد غريب
احمدغنيم,احمد غنيم
احمدفؤاد,احمد فؤاد
احمدفاضل,احمد فاضل
احمدفايد,احمد فايد
احمدفتوح,احمد فتوح
احمدفخرى,احمد فخرى
احمدفرج,احمد فرج
احمدفرحات,احمد فرحات
احمدفرغلى,احمد فرغلى
احمدفريد,احمد فريد
احمدفهمى,احمد فهمى
احمدفيصل,احمد فيصل
احمدقطب,احمد قطب
احمدقنديل,احمد قنديل
احمدكامل,احمد كامل
احمدكريم,احمد كريم
احمدكمال,احمد كمال
احمدكيلانى,احمد كيلانى
احمدلطفى,احمد لطفى
احمدلطفي,احمد لطفي
احمدماضى,احمد ماضى
احمدماهر,احمد ماهر
احمدمبارك,احمد مبارك
احمدمتولى,احمد متولى
احمدمتولي,احمد متولي
احمدمجاهد,احمد مجاهد
احمدمجدى,احمد مجدى
احمدمحسن,احمد محسن
احمدمحمد,احمد محمد
احمدمحمود,احمد محمود
احمدمخلوف,احمد مخلوف
احمدمراد,احمد مراد
احمدمرسى,احمد مرسى
احمدمصطفى,احمد مصطفى
احمدمصطفي,احمد مصطفي
احمدمطر,احمد مطر
احمدمعوض,احمد معوض
احمدمفتاح,احمد مفتاح
احمدمنصور,احمد منصور
احمدمهدى,احمد مهدى
احمدمهران,احمد مهران
احمدمهنى,احمد مهنى
احمدموسى,احمد موسى
احمدموسي,احمد موسي
احمدناصر,احمد ناصر
احمدناصف,احمد ناصف
احمدنجم,احمد نجم
احمدندا,احمد ندا
احمدنسيم,احمد نسيم
احمدنصار,احمد نصار
احمدنوح,احمد نوح
احمدهاشم,احمد هاشم
احمدهدى,احمد هدى
احمدهريدى,احمد هريدى
احمدهلال,احمد هلال
احمدهمام,احمد همام
احمدهنداوى,احمد هنداوى
احمدهيكل,احمد هيكل
احمديوسف,احمد يوسف
احمديونس,احمد يونس
احمد الدين,احمدالدين
احمد السيد,احمدالسيد
احمد الله,احمدالله
احمدحسب النبي,احمدحسبالنبي
احمد زين الدين,احمدزينالدين
احمد سيف الدين,احمدسيفالدين
احمدسيف الدين,احمدسيفالدين
احمدشرف الدين,احمدشرفالدين
احمد شمس الدين,احمدشمسالدين
احمدشمس الدين,احمدشمسالدين
احمد صلاح الدين,احمدصلاحالدين
احمدصلاح الدين,احمدصلاحالدين
احمد.عبد,احمدعبد
احمدعبد الحق,احمدعبدالحق
احمدعبد الحليم,احمدعبدالحليم
احمدعبد الرحمن,احمدعبدالرحمن
احمدعبد الــله,احمدعبدالله
احمدعبد الله,احمدعبدالله
احمدعبدالــله,احمدعبدالله
احمدعبداللـه,احمدعبدالله
احمدعبد المولى,احمدعبدالمولى
احمدعبد النبى,احمدعبدالنبى
احمدعبد الهادى,احمدعبدالهادى
احمدعبد ربه,احمدعبدربه
احمد عز الدين,احمدعزالدين
احمدعطا الله,احمدعطاالله
احمد علم الدين,احمدعلمالدين
احمدعلم الدين,احمدعلمالدين
احمد على الدين,احمدعلىالدين
احمد علي الدين,احمدعليالدين
احمدعمرنور الدين,احمدعمرنورالدين
احمدعوض الله,احمدعوضالله
احمد فخر الدين,احمدفخرالدين
احمدكمال الدين,احمدكمالالدين
احمد محى الدين,احمدمحىالدين
احمدمفتاح الدين,احمدمفتاحالدين
احمد نصر الدين,احمدنصرالدين
احمد نور الدين,احمدنورالدين
احياء الدين,احياءالدين
ا دم,ادم
اَدم,ادم
اّدم,ادم
ار ميا,ارميا
ارميـا,ارميا
اّروى,اروى
اسام الدين,اسامالدين
اسـامة,اسامة
اســامـــة,اسامة
اسد الدين,اسدالدين
اسد الله,اسدالله
اسرائـيـل,اسرائيل
اسعدابراهيم,اسعد ابراهيم
اسكندرسعد,اسكندر سعد
اسكندرعطيه,اسكندر عطيه
اٍسلام,اسلام
اسلام الدين,اسلامالدين
اسمـاء,اسماء
اسماء الله,اسماءالله
اسـماعـيـل,اسماعيل
اسـماعيل,اسماعيل
اسمـاعيل,اسماعيل
اٍسماعيل,اسماعيل
اسماعيل علم الدين,اسماعيلعلمالدين
اسماعيل على الدين,اسماعيلعلىالدين
اسيـل,اسيل
اش الله,اشالله
اشـرف,اشرف
اشــرف,اشرف
اشرف على الدين,اشرفعلىالدين
اصاله الدين,اصالهالدين
اظهار الحق,اظهارالحق
اعبيد الله,اعبيدالله
افضال الدين,افضالالدين
افـكـار,افكار
اكرام الدين,اكرامالدين
اكـرم,اكرم
اكمل الدين,اكملالدين
الأ ز عر,الأزعر
الأ عسر,الأعسر
الأمـيـر,الأمير
ا لاء,الاء
الا ء,الاء
الاّء,الاء
اًلاء,الاء
اٌلاء,الاء
اّلاء,الاء
ٌالاء,الاء
الاء الرحمن,الاءالرحمن
الاء الله,الاءالله
الاباصيرى علم الدين,الاباصيرىعلمالدين
الاحـول,الاحول
الاسـد,الاسد
الا سرج,الاسرج
الا غبش,الاغبش
الالـفـى,الالفى
الالفى علم الدين,الالفىعلمالدين
الامام صلاح الدين,الامامصلاحالدين
الاميرأحمد,الامير أحمد
الاميرابراهيم,الامير ابراهيم
الاميرحسين,الامير حسين
الاميرعلي,الامير علي
الاميرمحمد,الامير محمد
الاميرعبد الله,الاميرعبدالله
البازابراهيم,الباز ابراهيم
البازاحمد,الباز احمد
البازعطيه,الباز عطيه
البازعلي,الباز علي
البازمحمد,الباز محمد
البدر الدين,البدرالدين
الـبـربـرى,البربرى
الـبـرعـى,البرعى
البرلسـى,البرلسى
البـرماوى,البرماوى
البشلاَوى,البشلاوى
البص‏,البص
البقــري,البقري
البقيـرى,البقيرى
البلتاجى جمال الدين,البلتاجىجمالالدين
البلشـى,البلشى
البيتـى,البيتى
الـثـلـث,الثلث
الجارحى محى الدين,الجارحىمحىالدين
الجافـى,الجافى
الجـدى,الجدى
الـجروانـى,الجروانى
الجمسـى,الجمسى
الجـنـدى,الجندى
الجنّه,الجنه
الـحـاوى,الحاوى
الحبيبـى,الحبيبى
الحـداد,الحداد
الحسينـى,الحسينى
الحصـرى,الحصرى
الحضريّه,الحضريه
الحفنـى,الحفنى
الـحلـيـم,الحليم
الحمد لله,الحمدالله
الحمد نور الدين,الحمدنورالدين
الحنــاوي,الحناوي
الحنفـى,الحنفى
الـدحـن,الدحن
الـددموني,الددموني
الـدرى,الدرى
الدسوقى على الدين,الدسوقىعلىالدين
الدسوقى نور الدين,الدسوقىنورالدين
الدعدر‏,الدعدر
الـدقـر,الدقر
الـديـب,الديب
الـديـن,الدين
الـدين,الدين
الذهبـى,الذهبى
الرجـال,الرجال
الردينـى,الردينى
الزبيرشمس الدين,الزبيرشمسالدين
الز نا تي,الزناتي
الـزهراء,الزهراء
الزين صفى الدين,الزينصفىالدين
السادات بالله,الساداتبالله
الـسـعـران,السعران
السعيـد,السعيد
السعيدابراهيم,السعيد ابراهيم
السعيدابوريه,السعيد ابوريه
السعيداحمد,السعيد احمد
السعيدحسن,السعيد حسن
السعيدرمضان,السعيد رمضان
السعيدسعد,السعيد سعد
السعيدعبدالفتاح,السعيد عبدالفتاح
السعيدعبدالمنعم,السعيد عبدالمنعم
السعيدعطية,السعيد عطية
السعيدعلى,السعيد على
السعيدفتحى,السعيد فتحى
السعيدمحمد,السعيد محمد
السعيدمحمود,السعيد محمود
السعيديوسف,السعيد يوسف
السعيد عابدين,السعيدعابدين
السعيدعبد اللـه,السعيدعبدالله
السعيدعبد الله,السعيدعبدالله
السعيدعبداللـه,السعيدعبدالله
السعيدعبد ربه,السعيدعبدربه
السعيد علم الدين,السعيدعلمالدين
السعيد محى الدين,السعيدمحىالدين
الـسلحدار,السلحدار
الســيد,السيد
السـيد,السيد
السـيـد,السيد
السيد.,السيد
السيد_x000D_,السيد
السيـد,السيد
الـسـيـد,السيد
الـسيد,السيد
السيدأبوسالم,السيد أبوسالم
السيدأبوسنه,السيد أبوسنه
السيدأحمد,السيد أحمد
السيدإبراهيم,السيد إبراهيم
السيدابراهيم,السيد ابراهيم
السيدابواسماعيل,السيد ابواسماعيل
السيدابوالخير,السيد ابوالخير
السيدابوالعلا,السيد ابوالعلا
السيدابوالفتح,السيد ابوالفتح
السيدابوالفتوح,السيد ابوالفتوح
السيدابوجهل,السيد ابوجهل
السيدابوخطوه,السيد ابوخطوه
السيدابوريشه,السيد ابوريشه
السيدابوزيد,السيد ابوزيد
السيدابوعبده,السيد ابوعبده
السيدابوغزاله,السيد ابوغزاله
السيدابوقوره,السيد ابوقوره
السيدابوهاشم,السيد ابوهاشم
السيداحمد,السيد احمد
السيداسماعيل,السيد اسماعيل
السيدالامام,السيد الامام
السيدالبدوى,السيد البدوى
السيدالبنا,السيد البنا
السيدالبيومى,السيد البيومى
السيدالجزار,السيد الجزار
السيدالجمل,السيد الجمل
السيدالجندى,السيد الجندى
السيدالجوهرى,السيد الجوهرى
السيدالحداد,السيد الحداد
السيدالحسينى,السيد الحسينى
السيدالحنفى,السيد الحنفى
السيدالرفاعى,السيد الرفاعى
السيدالشاذلى,السيد الشاذلى
السيدالشاعر,السيد الشاعر
السيدالشبراوى,السيد الشبراوى
السيدالشحات,السيد الشحات
السيدالشربينى,السيد الشربينى
السيدالشرقاوى,السيد الشرقاوى
السيدالشناوى,السيد الشناوى
السيدالشيخ,السيد الشيخ
السيدالطيب,السيد الطيب
السيدالعبد,السيد العبد
السيدالعدوى,السيد العدوى
السيدالعربى,السيد العربى
السيدالعشرى,السيد العشرى
السيدالعطار,السيد العطار
السيدالمتولى,السيد المتولى
السيدالمصرى,السيد المصرى
السيدالنجار,السيد النجار
السيدالنحاس,السيد النحاس
السيدامام,السيد امام
السيدامين,السيد امين
السيدانور,السيد انور
السيدبخيت,السيد بخيت
السيدبدر,السيد بدر
السيدبدوى,السيد بدوى
السيدبكر,السيد بكر
السيدبيومى,السيد بيومى
السيدجابر,السيد جابر
السيدجاد,السيد جاد
السيدجمال,السيد جمال
السيدجمعه,السيد جمعه
السيدجودة,السيد جودة
السيدحامد,السيد حامد
السيدحجاج,السيد حجاج
السيدحسانين,السيد حسانين
السيدحسن,السيد حسن
السيدحسين,السيد حسين
السيدحفنى,السيد حفنى
السيدحماد,السيد حماد
السيدخضر,السيد خضر
السيدخطاب,السيد خطاب
السيدخلف,السيد خلف
السيدخليل,السيد خليل
السيدخميس,السيد خميس
السيددرويش,السيد درويش
السيددياب,السيد دياب
السيدراضى,السيد راضى
السيدرضوان,السيد رضوان
السيدرمضان,السيد رمضان
السيدزيدان,السيد زيدان
السيدسالم,السيد سالم
السيدسرحان,السيد سرحان
السيدسعيد,السيد سعيد
السيدسلام,السيد سلام
السيدسلامة,السيد سلامة
السيدسلامه,السيد سلامه
السيدسليم,السيد سليم
السيدسويلم,السيد سويلم
السيدسيد,السيد سيد
السيدسيداحمد,السيد سيداحمد
السيدشاهين,السيد شاهين
السيدشحاته,السيد شحاته
السيدشعبان,السيد شعبان
السيدصالح,السيد صالح
السيدصلاح,السيد صلاح
السيدطاهر,السيد طاهر
السيدطلبه,السيد طلبه
السيدعارف,السيد عارف
السيدعاشور,السيد عاشور
السيدعامر,السيد عامر
السيدعباس,السيد عباس
السيدعبدالحفيظ,السيد عبدالحفيظ
السيدعبدالحميد,السيد عبدالحميد
السيدعبدالخالق,السيد عبدالخالق
السيدعبدالرازق,السيد عبدالرازق
السيدعبدالرحيم,السيد عبدالرحيم
السيدعبدالسلام,السيد عبدالسلام
السيدعبدالصمد,السيد عبدالصمد
السيدعبدالعال,السيد عبدالعال
السيدعبدالعزيز,السيد عبدالعزيز
السيدعبدالعظيم,السيد عبدالعظيم
السيدعبدالغنى,السيد عبدالغنى
السيدعبدالفتاح,السيد عبدالفتاح
السيدعبدالقادر,السيد عبدالقادر
السيدعبدالقوي,السيد عبدالقوي
السيدعبداللطيف,السيد عبداللطيف
السيدعبدالمجيد,السيد عبدالمجيد
السيدعبدالمعطي,السيد عبدالمعطي
السيدعبدالمقصود,السيد عبدالمقصود
السيدعبدالمنصف,السيد عبدالمنصف
السيدعبدالمنعم,السيد عبدالمنعم
السيدعبدالموجود,السيد عبدالموجود
السيدعبدالنعيم,السيد عبدالنعيم
السيدعبده,السيد عبده
السيدعبيد,السيد عبيد
السيدعثمان,السيد عثمان
السيدعرفه,السيد عرفه
السيدعزب,السيد عزب
السيدعطا,السيد عطا
السيدعطية,السيد عطية
السيدعطيه,السيد عطيه
السيدعفيفى,السيد عفيفى
السيدعفيفي,السيد عفيفي
السيدعلام,السيد علام
السيدعلى,السيد على
السيدعلي,السيد علي
السيدعليان,السيد عليان
السيدعليمى,السيد عليمى
السيدعليوه,السيد عليوه
السيدعمار,السيد عمار
السيدعماره,السيد عماره
السيدعمر,السيد عمر
السيدعمران,السيد عمران
السيدعواد,السيد عواد
السيدعوض,السيد عوض
السيدعويضه,السيد عويضه
السيدعيد,السيد عيد
السيدعيسوى,السيد عيسوى
السيدعيسى,السيد عيسى
السيدغالى,السيد غالى
السيدغانم,السيد غانم
السيدغنيم,السيد غنيم
السيدفؤاد,السيد فؤاد
السيدفتوح,السيد فتوح
السيدفراج,السيد فراج
السيدفرج,السيد فرج
السيدفريد,السيد فريد
السيدفهيم,السيد فهيم
السيدفوده,السيد فوده
السيدقاسم,السيد قاسم
السيدقطب,السيد قطب
السيدقنديل,السيد قنديل
السيدكامل,السيد كامل
السيدكريم,السيد كريم
السيدمتولى,السيد متولى
السيدمحفوظ,السيد محفوظ
السيدمحمد,السيد محمد
السيدمحمود,السيد محمود
السيدمراد,السيد مراد
السيدمرسى,السيد مرسى
السيدمصطفى,السيد مصطفى
السيدمنتصر,السيد منتصر
السيدمنصور,السيد منصور
السيدموسى,السيد موسى
السيدموسي,السيد موسي
السيدناجى,السيد ناجى
السيدنجم,السيد نجم
السيدنصار,السيد نصار
السيدنصر,السيد نصر
السيدنعيم,السيد نعيم
السيدنوفل,السيد نوفل
السيدهريدى,السيد هريدى
السيدهلال,السيد هلال
السيدهيكل,السيد هيكل
السيدوائل,السيد وائل
السيديوسف,السيد يوسف
السيدالسيدسعيد,السيدالسيد سعيد
السيدجاب الله,السيدجابالله
السيد جلال الدين,السيدجلالالدين
السيد زين الدين,السيدزينالدين
السيد شرف الدين,السيدشرفالدين
السيدشرف الدين,السيدشرفالدين
السيد شمس الدين,السيدشمسالدين
السيد عابدين,السيدعابدين
السيدعبد الحليم,السيدعبدالحليم
السيدعبد الرحمن,السيدعبدالرحمن
السيدعبد الله,السيدعبدالله
السيدعبد النبى,السيدعبدالنبى
السيدعبد ربه,السيدعبدربه
السيد علم الدين,السيدعلمالدين
السيد على الدين,السيدعلىالدين
السيد علي الدين,السيدعليالدين
السيدعوض الله,السيدعوضالله
السيد محى الدين,السيدمحىالدين
السيد نور الدين,السيدنورالدين
السـيسـى,السيسى
الشافعى‏,الشافعى
الشاملـى,الشاملى
الشبيـني,الشبيني
الشحـات,الشحات
الشربينـى,الشربينى
الشربينى علم الدين,الشربينىعلمالدين
الشـرقاوى,الشرقاوى
الـشـعـراوى,الشعراوى
الشلبــى,الشلبى
الشيـخ,الشيخ
الصاوى كمال الدين,الصاوىكمالالدين
الصبـروت,الصبروت
الصغيرحسن,الصغير حسن
الصغيرسعد,الصغير سعد
الصفــتى,الصفتى
الصياداحمد,الصياد احمد
الـضـوى,الضوى
الطاهرابراهيم,الطاهر ابراهيم
الطاهراحمد,الطاهر احمد
الطاهرعبدالعظيم,الطاهر عبدالعظيم
الطاهرعطيه,الطاهر عطيه
الطاهرعلى,الطاهر على
الطاهرمحمد,الطاهر محمد
الطاهرفتح الله,الطاهرفتحالله
الطبجى‏,الطبجى
الطنطاوى على الدين,الطنطاوىعلىالدين
العارف بالله,العارفبالله
العبدابراهيم,العبد ابراهيم
العبدابوبكر,العبد ابوبكر
العبداحمد,العبد احمد
العبدحسن,العبد حسن
العبدحسين,العبد حسين
العبدسعد,العبد سعد
العبدصالح,العبد صالح
العبدعبدالحميد,العبد عبدالحميد
العبدعبدالسلام,العبد عبدالسلام
العبدعبدالعاطى,العبد عبدالعاطى
العبدمحمد,العبد محمد
العبد الرحمن,العبدالرحمن
العبد السعيد,العبدالسعيد
العبد السيد,العبدالسيد
العبد الصغير,العبدالصغير
العبد اللـه,العبدالله
العبد الله,العبدالله
العبداللـه,العبدالله
الـعجمـى,العجمى
العدل شرف الدين,العدلشرفالدين
العــزازى,العزازى
العز الدين,العزالدين
العـزب,العزب
العزيز بالله,العزيزبالله
العقــيلى,العقيلى
العوضى علم الدين,العوضىعلمالدين
العيسـوى,العيسوى
الغنى بالله,الغنىبالله
الفاتــح,الفاتح
الفاتـــح,الفاتح
الفار‏,الفار
الفرحاتى علم الدين,الفرحاتىعلمالدين
الـقـزعه,القزعه
القطب علم الدين,القطبعلمالدين
الـقـوره,القوره
القيــاس,القياس
الـلا,اللا
الــله,الله
الـلـه,الله
الـله,الله
اللــه,الله
اللـه,الله
الـله كريم,الله كريم
الـليـثى,الليثى
الليسـى,الليسى
المؤمن بالله,المؤمنبالله
المـاحى,الماحى
المتوكل بالله,المتوكلبالله
المتولى علم الدين,المتولىعلمالدين
المتولى نور الدين,المتولىنورالدين
المتيم بالله,المتيمبالله
المجـد,المجد
المرسـى,المرسى
المرسي بهي الدين,المرسيبهيالدين
المستعين بالله,المستعينبالله
الـمـشـد,المشد
المعاذ بالله,المعاذبالله
المعتز باللـه,المعتزبالله
المعتز بالله,المعتزبالله
المعتز باللّه,المعتزبالله
المعتز بـاللـه,المعتزبالله
المعتزباللـه,المعتزبالله
المعتزباللّه,المعتزبالله
المعتزبـاللـه,المعتزبالله
المعتزبدين الله,المعتزبدينالله
المعتزلدين الله,المعتزلدينالله
المعتصم باللـه,المعتصمبالله
المعتصم بالله,المعتصمبالله
المعتصم باللّه,المعتصمبالله
المعتصمباللـه,المعتصمبالله
المعتصمباللّه,المعتصمبالله
المعتمد بالله,المعتمدبالله
المعز بالله,المعزبالله
المعزلدين الله,المعزلدينالله
المغازي نور الدين,المغازينورالدين
المغربي علم الدين,المغربيعلمالدين
المـله,المله
المنتصر بالله,المنتصربالله
المنتهـى,المنتهى
المهتدى بالله,المهتدىبالله
المهدى بالله,المهدىبالله
الناصرلدين الله,الناصرلدينالله
النصر الله,النصرالله
النمــــر,النمر
الهادى عابدين,الهادىعابدين
الهيمـــد,الهيمد
الواثق بالله,الواثقبالله
اًمال,امال
ام الحسن,امالحسن
ام الخير,امالخير
اما م,امام
امام الدين,امامالدين
امام على الدين,امامعلىالدين
امان الدين,امانالدين
امان الله,امانالله
امــانـى,امانى
امـانـي,اماني
امة الرحمن,امةالرحمن
امت الله,امتالله
ام حبيبه,امحبيبه
امر الدين,امرالدين
امر الـلـه,امرالله
امر الله,امرالله
امرالـلـه,امرالله
امراللـه,امرالله
امر بالله,امربالله
ام سلمه,امسلمه
ام كثلوم,امكثلوم
ام كلثوم,امكلثوم
امـل,امل
امن بالله,امنبالله
امـــنيه,امنيه
امنـيه,امنيه
امنيـه,امنيه
ام هاشم,امهاشم
امه الله,امهالله
امير الدين,اميرالدين
امير الله,اميرالله
اميـره,اميره
اميـن,امين
امين الدين,امينالدين
امين عابدين,امينعابدين
اميــنه,امينه
انورابراهيم,انور ابراهيم
انوراحمد,انور احمد
انورامين,انور امين
انورحسن,انور حسن
انورحسين,انور حسين
انورسعد,انور سعد
انورسيد,انور سيد
انورعبدالحميد,انور عبدالحميد
انورعبدالسلام,انور عبدالسلام
انورعبدالعزيز,انور عبدالعزيز
انورعبدالمجيد,انور عبدالمجيد
انورعلى,انور على
انورعمر,انور عمر
انورمحمد,انور محمد
انورمحمود,انور محمود
انورمصطفى,انور مصطفى
انور زين الدين,انورزينالدين
انورعبد الحليم,انورعبدالحليم
انورعز الدين,انورعزالدين
انورعطا الله,انورعطاالله
اهاب الدين,اهابالدين
اهـيـم,اهيم
اوش الله,اوشالله
اى الدين,اىالدين
اّيات,ايات
ايات الله,اياتالله
ايـــاد,اياد
اياد الدين,ايادالدين
اياد الله,ايادالله
اُية,اية
اّية,اية
اية اللـه,ايةالله
اية الله,ايةالله
ايةاللـه,ايةالله
اًيتن,ايتن
ايد باى,ايدباى
ايراد الله,ايرادالله
ايساف الدين,ايسافالدين
ايسـن,ايسن
ايليا_x000D_,ايليا
ايم الله,ايمالله
ايـمـان,ايمان
ايمان بالله,ايمانبالله
ايـمن,ايمن
ايمن الدين,ايمنالدين
ايمن علي الدين,ايمنعليالدين
ا يه,ايه
ايـــه,ايه
ايــه,ايه
ايـه,ايه
اًيه,ايه
اٌيه,ايه
اَيه,ايه
اّيه,ايه
ايهاب الدين,ايهابالدين
ايه الرحمن,ايهالرحمن
ايه الله,ايهالله
اّيه الله,ايهالله
اّيهالله,ايهالله
ايو زيد,ايوزيد
با الله,باالله
باب ا,بابا
باب اللة,بابالله
باب الله,بابالله
باباللة,بابالله
باب النبى,بابالنبى
باب النصر,بابالنصر
با بكر,بابكر
بـاسم,باسم
باسم الدين,باسمالدين
باسم الله,باسمالله
باظــــــه,باظه
بالـله,بالله
باللـه,بالله
باللًه,بالله
باللّه,بالله
باهى الدين,باهىالدين
باهى عابدين,باهىعابدين
باهى علم الدين,باهىعلمالدين
باهي الدين,باهيالدين
بتاع الله,بتاعالله
بحر الدين,بحرالدين
بحر الله,بحرالله
بـخيـت,بخيت
بد ر,بدر
بـدر,بدر
بــدر,بدر
بـــدر,بدر
بدرابراهيم,بدر ابراهيم
بدراحمد,بدر احمد
بدرعبدالحميد,بدر عبدالحميد
بدرعبدالعال,بدر عبدالعال
بدرعبدالفضيل,بدر عبدالفضيل
بدرعطية,بدر عطية
بدرمحمد,بدر محمد
بدرمصطفى,بدر مصطفى
بدر اغا,بدراغا
بدر الاسلام,بدرالاسلام
بدر الدين,بدرالدين
بدر السيد,بدرالسيد
بدر الكريم,بدرالكريم
بدران‏,بدران
بدرزين الدين,بدرزينالدين
بدر شرف الدين,بدرشرفالدين
بدر شهاب الدين,بدرشهابالدين
بدر عابدين,بدرعابدين
بدرعبد الرسول,بدرعبدالرسول
بدر عز الدين,بدرعزالدين
بدرعطا الله,بدرعطاالله
بدر علم الدين,بدرعلمالدين
بدرعلى الله,بدرعلىالله
بدر كمال الدين,بدركمالالدين
بدر نور الدين,بدرنورالدين
بدرى‏,بدرى
بـدرى,بدرى
بدو ى,بدوى
بـدوى,بدوى
بـــــدوى,بدوى
بدوى على الدين,بدوىعلىالدين
بد ير,بدير
بديرابراهيم,بدير ابراهيم
بديرعبدالبارى,بدير عبدالبارى
بديرعبدالسلام,بدير عبدالسلام
بديرعلى,بدير على
بديرمحمد,بدير محمد
بديرمصطفى,بدير مصطفى
بديريوسف,بدير يوسف
بديرفتح الباب,بديرفتحالباب
براء الدين,براءالدين
براءه الله,براءهالله
بـردان,بردان
بـركـات,بركات
بركت الله,بركتالله
بركه الله,بركهالله
برهان الدين,برهانالدين
برى ء,برىء
بزيد علم الدين,بزيدعلمالدين
بسـمله,بسمله
بسملـه,بسمله
بسنـت,بسنت
بسيونـى,بسيونى
بشيـر,بشير
بـشير,بشير
بـشيـر,بشير
بشيراحمد,بشير احمد
بشيرعبدالحافظ,بشير عبدالحافظ
بشيرعبدالحميد,بشير عبدالحميد
بشيرعلى,بشير على
بشيرمحمد,بشير محمد
بشيريوسف,بشير يوسف
بعث الله,بعثالله
بــكــر,بكر
بكرابوخطيطه,بكر ابوخطيطه
بكراحمد,بكر احمد
بكرحسين,بكر حسين
بكرعبدالفتاح,بكر عبدالفتاح
بكرعبدالمعز,بكر عبدالمعز
بكرمحمد,بكر محمد
بكرمصطفى,بكر مصطفى
بكريوسف,بكر يوسف
بـكـرى,بكرى
بكري عابدين,بكريعابدين
بكري نور الدين,بكرينورالدين
بلا ل,بلال
بلـيـغ,بليغ
بهاء الدين,بهاءالدين
بهاء السعيد,بهاءالسعيد
بهاء السيد,بهاءالسيد
بهاء الهادى,بهاءالهادى
بهاء بدر الدين,بهاءبدرالدين
بهاء جمال الدين,بهاءجمالالدين
بهاء شرف الدين,بهاءشرفالدين
بهاء صلاح الدين,بهاءصلاحالدين
بهاء ضياء الدين,بهاءضياءالدين
بهاء عز الدين,بهاءعزالدين
بهاء كمال الدين,بهاءكمالالدين
بهاء محى الدين,بهاءمحىالدين
بهاء محي الدين,بهاءمحيالدين
بهاء نور الدين,بهاءنورالدين
بـهجـات,بهجات
بهجت عزيز الدين,بهجتعزيزالدين
بهى الدين,بهىالدين
بهى شرف الدين,بهىشرفالدين
بهي الدين,بهيالدين
بهيج الدين,بهيجالدين
بهيج نور الدين,بهيجنورالدين
بو حطب,بوحطب
بولــس,بولس
بيان الدين,بيانالدين
بيت الله,بيتالله
بيـومـى,بيومى
بيو مى,بيومى
بيومـى,بيومى
تاج الإسلام,تاجالإسلام
تاج الاسلام,تاجالاسلام
تاج الختم,تاجالختم
تاج الدين,تاجالدين
تاج السر,تاجالسر
تاج السعيد,تاجالسعيد
تاج النصر,تاجالنصر
تاج عز الدين,تاجعزالدين
تاج يسن,تاجيسن
تامـر,تامر
تـامر,تامر
تامراحمد,تامر احمد
تامرحسنى,تامر حسنى
تامرسعيد,تامر سعيد
تامرسمعان,تامر سمعان
تامرصلاح,تامر صلاح
تامرعابد,تامر عابد
تامرعلى,تامر على
تامرعويس,تامر عويس
تامرمحروس,تامر محروس
تامرمحمد,تامر محمد
تامرمحمود,تامر محمود
تبارك الرحمن,تباركالرحمن
تبارك الله,تباركالله
تسبيح الرحمن,تسبيحالرحمن
تســــنيم,تسنيم
تسـنيـم,تسنيم
تسـنيم,تسنيم
تعلـب,تعلب
تــعـــلـــب,تعلب
تـفـال,تفال
تقوى الله,تقوىالله
تقى الدين,تقىالدين
تقى الرحمن,تقىالرحمن
تقى الله,تقىالله
تقى تقى الدين,تقىتقىالدين
تقي الدين,تقيالدين
تقي الله,تقيالله
تقي لله,تقيلله
تمام الدين,تمامالدين
تمام كمال الدين,تمامكمالالدين
توب الدين,توبالدين
توحيد الاسلام,توحيدالاسلام
تـوفـيـق,توفيق
تـوفيـق,توفيق
تو فيق,توفيق
توفيق الله,توفيقالله
توفيق شرف الدين,توفيقشرفالدين
توفيق شمس الدين,توفيقشمسالدين
توفيق على الدين,توفيقعلىالدين
توفيق نور الدين,توفيقنورالدين
تـوفـيـلـس,توفيلس
تيم الله,تيمالله
ثابــت,ثابت
ثـابت,ثابت
ثابت علم الدين,ثابتعلمالدين
ثابت نجم الدين,ثابتنجمالدين
ثـاقـب,ثاقب
ثروت الدين,ثروتالدين
ثرى الدين,ثرىالدين
ثناء الله,ثناءالله
جاب الـله,جابالله
جاب اللة,جابالله
جاب اللـه,جابالله
جاب الله,جابالله
جابالـله,جابالله
جاباللة,جابالله
جاباللـه,جابالله
جا بر,جابر
جابـر,جابر
جـابـر,جابر
جـــابــــر,جابر
جــــــابر,جابر
جـــــــابر,جابر
جابرأحمد,جابر أحمد
جابرأمين,جابر أمين
جابرابراهيم,جابر ابراهيم
جابرابوحداية,جابر ابوحداية
جابرابوعامر,جابر ابوعامر
جابراحمد,جابر احمد
جابرحسن,جابر حسن
جابرسعد,جابر سعد
جابرسيد,جابر سيد
جابرعبدالرحيم,جابر عبدالرحيم
جابرعبدالعال,جابر عبدالعال
جابرعبدالعزيز,جابر عبدالعزيز
جابرعبداللطيف,جابر عبداللطيف
جابرعبدالمقصود,جابر عبدالمقصود
جابرعبدالوهاب,جابر عبدالوهاب
جابرعلى,جابر على
جابرعلي,جابر علي
جابرمحمد,جابر محمد
جابرمحمود,جابر محمود
جابرمصطفى,جابر مصطفى
جابرمصطفي,جابر مصطفي
جابر بدر الدين,جابربدرالدين
جابر عابدين,جابرعابدين
جابرعبد الجواد,جابرعبدالجواد
جاب لله,جابلله
جـاد,جاد
جاداحمد,جاد احمد
جادعبدالحميد,جاد عبدالحميد
جادعبدالشهيد,جاد عبدالشهيد
جادعطيه,جاد عطيه
جادمحمود,جاد محمود
جاديوسف,جاد يوسف
جاد الحق,جادالحق
جاد الرب,جادالرب
جاد السيد,جادالسيد
جاد الكريم,جادالكريم
جاد الـلـه,جادالله
جاد الـله,جادالله
جاد اللة,جادالله
جاد اللـه,جادالله
جاد الله,جادالله
جادالـلـه,جادالله
جادالـله,جادالله
جاداللة,جادالله
جاداللـه,جادالله
جاداللّه,جادالله
جاد المولى,جادالمولى
جاد المولي,جادالمولي
جاد النبى,جادالنبى
جاد النور,جادالنور
جاد ذين,جادذين
جاد شمس الدين,جادشمسالدين
جاد على,جادعلى
جاد على الدين,جادعلىالدين
جاد عيد,جادعيد
جاد فرج,جادفرج
جاد كريم الدين,جادكريمالدين
جاد لله,جادلله
جاد محى الدين,جادمحىالدين
جاد محي الدين,جادمحيالدين
جاد محيي الدين,جادمحييالدين
جادو1,جادو
جــــــــادو,جادو
جار الله,جارالله
جار النبى,جارالنبى
جار النبي,جارالنبي
جاســمين,جاسمين
جاه الرسول,جاهالرسول
جاه الله,جاهالله
جبا الله,جباالله
جبارة الله,جبارةالله
جب الله,جبالله
جبـر,جبر
جـبـر,جبر
جبرأحمد,جبر أحمد
جبرابراهيم,جبر ابراهيم
جبرابوسعده,جبر ابوسعده
جبراحمد,جبر احمد
جبرعبدالعال,جبر عبدالعال
جبرعبدالعزيز,جبر عبدالعزيز
جبرعبدالغنى,جبر عبدالغنى
جبرمحمد,جبر محمد
جبرمحمود,جبر محمود
جبر الدين,جبرالدين
جبر الله,جبرالله
جبرالـله,جبرالله
جبرة الله,جبرةالله
جبر تاج الدين,جبرتاجالدين
جبرت الله,جبرتالله
جبر عز الدين,جبرعزالدين
جبر علم الدين,جبرعلمالدين
جبره الله,جبرهالله
جد الله,جدالله
جره الله,جرهالله
جر يس,جريس
جسام الدين,جسامالدين
جـعـفـر,جعفر
جعفرعبدالحميد,جعفر عبدالحميد
جعفرعلى,جعفر على
جعفرمحمد,جعفر محمد
جعفريوسف,جعفر يوسف
جلاء الدين,جلاءالدين
جـلال,جلال
جلال الاسلام,جلالالاسلام
جلال الدين,جلالالدين
جلال زين الدين,جلالزينالدين
جلال على الدين,جلالعلىالدين
جل الله,جلالله
جما ل,جمال
جمـال,جمال
جمــــال,جمال
جمـــــال,جمال
جمال الدين,جمالالدين
جمـال الدين,جمالالدين
جمـالالدين,جمالالدين
جمال السعيد,جمالالسعيد
جمال السيد,جمالالسيد
جمال سعد الدين,جمالسعدالدين
جمال شمس الدين,جمالشمسالدين
جمال صلاح الدين,جمالصلاحالدين
جمال عابدين,جمالعابدين
جمال عز الدين,جمالعزالدين
جمال علم الدين,جمالعلمالدين
جمال كمال الدين,جمالكمالالدين
جمال نصر الدين,جمالنصرالدين
جمانـه,جمانه
جمــانه,جمانه
جمع الله,جمعالله
جمعةيوسف,جمعة يوسف
جـمـعـه,جمعه
جميل الدين,جميلالدين
جــنا,جنا
جنـا,جنا
جنة الرحمن,جنةالرحمن
جنة الـله,جنةالله
جنة اللـه,جنةالله
جنة الله,جنةالله
جنةالـله,جنةالله
جنةاللـه,جنةالله
جنه الرحمن,جنهالرحمن
جنه الله,جنهالله
جــنى,جنى
جنـى,جنى
جهاد الدين,جهادالدين
جواد الدين,جوادالدين
جود الله,جودالله
جودةعبدالرحيم,جودة عبدالرحيم
جودةعبدالقادر,جودة عبدالقادر
جودت الله,جودتالله
جوده الله,جودهالله
جولـى,جولى
جـــومانا,جومانا
جوهرابراهيم,جوهر ابراهيم
جويريـه,جويريه
جيب الله,جيبالله
جيد الله,جيدالله
جيرة الله,جيرةالله
جيرت الله,جيرتالله
جيره الله,جيرهالله
حــازم,حازم
حازم الدين,حازمالدين
حـافظ,حافظ
حافظ الله,حافظالله
حافظ جمال الدين,حافظجمالالدين
حافظ سيف الدين,حافظسيفالدين
حـامد,حامد
حـامـد,حامد
حامدأحمد,حامد أحمد
حامدابراهيم,حامد ابراهيم
حامدابوهانى,حامد ابوهانى
حامداحمد,حامد احمد
حامداسماعيل,حامد اسماعيل
حامدالحنفى,حامد الحنفى
حامدالدسوقى,حامد الدسوقى
حامدالسعدنى,حامد السعدنى
حامدالشرقاوى,حامد الشرقاوى
حامدالطيب,حامد الطيب
حامدالعزب,حامد العزب
حامدالعطار,حامد العطار
حامدحامد,حامد حامد
حامدحسن,حامد حسن
حامدحسين,حامد حسين
حامدخاطر,حامد خاطر
حامدخطاب,حامد خطاب
حامدرشدى,حامد رشدى
حامدشلبى,حامد شلبى
حامدصالح,حامد صالح
حامدعامر,حامد عامر
حامدعبدالحميد,حامد عبدالحميد
حامدعبدالعزيز,حامد عبدالعزيز
حامدعبدالغنى,حامد عبدالغنى
حامدعبدالغني,حامد عبدالغني
حامدعبدالفتاح,حامد عبدالفتاح
حامدعبدالمعطى,حامد عبدالمعطى
حامدعبدالمنعم,حامد عبدالمنعم
حامدعبدالوهاب,حامد عبدالوهاب
حامدعبده,حامد عبده
حامدعطيه,حامد عطيه
حامدعلى,حامد على
حامدعلي,حامد علي
حامدعماره,حامد عماره
حامدعمران,حامد عمران
حامدعوض,حامد عوض
حامدعياد,حامد عياد
حامدمحمد,حامد محمد
حامدمحمود,حامد محمود
حامدناجى,حامد ناجى
حامديوسف,حامد يوسف
حامد الله,حامدالله
حامد بالله,حامدبالله
حامدعبد الله,حامدعبدالله
حامد علم الدين,حامدعلمالدين
حامد على الدين,حامدعلىالدين
حامد نجم الدين,حامدنجمالدين
حامد نصر الدين,حامدنصرالدين
حامى الاسلام,حامىالاسلام
حب الدين,حبالدين
حب الله,حبالله
حب النبى,حبالنبى
حبيب الاسلام,حبيبالاسلام
حبيب الرحمن,حبيبالرحمن
حبيب الـلـه,حبيبالله
حبيب الله,حبيبالله
حبيبالـلـه,حبيبالله
حبيبةعلى,حبيبة على
حبيبة الله,حبيبةالله
حبيبه الله,حبيبهالله
حــجاب,حجاب
حجة الاسلام,حجةالاسلام
حجه الاسلام,حجهالاسلام
حجه الدين,حجهالدين
حراجـى,حراجى
حرز الله,حرزالله
حرزاللـه,حرزالله
حـزيـن,حزين
حساب الدين,حسابالدين
حسام الاسلام,حسامالاسلام
حسام الدين,حسامالدين
حسام السعيد,حسامالسعيد
حسام السيد,حسامالسيد
حسام الله,حسامالله
حسام تاج الدين,حسامتاجالدين
حسام صلاح الدين,حسامصلاحالدين
حسام على الدين,حسامعلىالدين
حسـان,حسان
حسانــين,حسانين
حسانـيـن,حسانين
حسانيـن,حسانين
حسـانيـن,حسانين
حسب ال,حسبال
حسب الدين,حسبالدين
حسب الرسول,حسبالرسول
حسب الـلـه,حسبالله
حسب الـله,حسبالله
حسب اللة,حسبالله
حسب اللـه,حسبالله
حسب الله,حسبالله
حسبالـلـه,حسبالله
حسبالـله,حسبالله
حسباللة,حسبالله
حسباللـه,حسبالله
حسب النبى,حسبالنبى
حسب النبي,حسبالنبي
حسب ربه,حسبربه
حسب علم,حسبعلم
حســن,حسن
حسـن,حسن
حـسـن,حسن
حـسن,حسن
حــسـن,حسن
حسـناء,حسناء
حسن الدين,حسنالدين
حسن النور,حسنالنور
حسن شرف الدين,حسنشرفالدين
حسن عز الدين,حسنعزالدين
حسن علم الدين,حسنعلمالدين
حسن على الدين,حسنعلىالدين
حسن علي الدين,حسنعليالدين
حسن نور الدين,حسننورالدين
حســنى,حسنى
حسنـى,حسنى
حسنى الدين,حسنىالدين
حسنى الله,حسنىالله
حسـنـيـن,حسنين
حسنيـن,حسنين
حسيـن,حسين
حسين.,حسين
حسين الدين,حسينالدين
حسين تاج الدين,حسينتاجالدين
حسين تقى الدين,حسينتقىالدين
حسين علم الدين,حسينعلمالدين
حسين على الدين,حسينعلىالدين
حسين نصر الدين,حسيننصرالدين
حسيني الدين,حسينيالدين
حـشمـت,حشمت
حصام الدين,حصامالدين
حصب الله,حصبالله
حفص الله,حفصالله
حفض الله,حفضالله
حفضى الله,حفضىالله
حفظ الـله,حفظالله
حفظ الله,حفظالله
حفظالـله,حفظالله
حفنـى,حفنى
حفى الدين,حفىالدين
حكم الله,حكمالله
حـلا,حلا
حلبـى,حلبى
حلو الدين,حلوالدين
حليم الدين,حليمالدين
حمادعبدالكافى,حماد عبدالكافى
حمادمحمد,حماد محمد
حمادةابراهيم,حمادة ابراهيم
حمادةعبدالحميد,حمادة عبدالحميد
حمادةعلي,حمادة علي
حمادجاب الله,حمادجابالله
حماه الله,حماهالله
حماية الله,حمايةالله
حمايه الله,حمايهالله
ًحمد,حمد
حمدعبدالسلام,حمد عبدالسلام
حمدا لله,حمداالله
حمدالله,حمداالله
حمد اللـه,حمدالله
حمد الله,حمدالله
حمداللـه,حمدالله
حمد ان,حمدان
حمدت الله,حمدتالله
حمد لله,حمدلله
حمدنا الله,حمدناالله
حمدناالـله,حمدناالله
حمدى الدين,حمدىالدين
حمدى السيد,حمدىالسيد
حمدى علم الدين,حمدىعلمالدين
حمدى على الدين,حمدىعلىالدين
حمـزه,حمزه
حمزه على الدين,حمزهعلىالدين
حمي الله,حميالله
حميت الله,حميتالله
حميد الدين,حميدالدين
حميده‏,حميده
حميدو_x000D_,حميدو
حنـا,حنا
حنا الله,حناالله
حنـان,حنان
حـنين,حنين
حنـيـن,حنين
حنيــــن,حنين
حنيـــن,حنين
حـو ا ء,حواء
حـواء,حواء
حور العين,حورالعين
حيا اللـه,حياالله
حيا الله,حياالله
حيااللـه,حياالله
حيد ر,حيدر
خاطرمحمد,خاطر محمد
خـالـد,خالد
خالدابراهيم,خالد ابراهيم
خالدابوزيد,خالد ابوزيد
خالدالعربى,خالد العربى
خالدخليل,خالد خليل
خالدعامر,خالد عامر
خالدعبدالباسط,خالد عبدالباسط
خالدعبده,خالد عبده
خالدمحمد,خالد محمد
خالدمحمود,خالد محمود
خالدمهدى,خالد مهدى
خالد الدين,خالدالدين
خالد عابدين,خالدعابدين
خد يجه,خديجه
خديـجه,خديجه
خـضـر,خضر
خضرحسين,خضر حسين
خضرمحمد,خضر محمد
خضرمحمود,خضر محمود
خضيـرأحمد,خضيرأحمد
خطـــاب,خطاب
خـــلـــف,خلف
خـلف,خلف
خلف السيد,خلفالسيد
خلف اللـه,خلفالله
خلف الله,خلفالله
خلفاللـه,خلفالله
خــــلـــــــــود,خلود
خليفةابراهيم,خليفة ابراهيم
خليفة محى الدين,خليفةمحىالدين
خلـيفـه,خليفه
خليـفـه,خليفه
خليفـه,خليفه
خليفه على الدين,خليفهعلىالدين
خليــل,خليل
خليـل,خليل
خليل الرحمن,خليلالرحمن
خيرا لله,خيراالله
خيرالله,خيراالله
خير الدين,خيرالدين
خير الــله,خيرالله
خير الـلـه,خيرالله
خير الـله,خيرالله
خير اللـه,خيرالله
خير الله,خيرالله
خيرالــله,خيرالله
خيرالـلـه,خيرالله
خيرالـله,خيرالله
خيراللـه,خيرالله
خيـر الله,خيرالله
خيـرالله,خيرالله
خيـرت,خيرت
خيرعبد الله,خيرعبدالله
خير ى,خيرى
خيــر ى,خيرى
خيــرى,خيرى
خيرى الدين,خيرىالدين
خيري الدين,خيريالدين
داخل.,داخل
داليــا,داليا
داودابراهيم,داود ابراهيم
داودعلى,داود على
داود الله,داودالله
دخل الله,دخلالله
دخيــل,دخيل
دخيل الله,دخيلالله
د ر ه,دره
درويـش,درويش
دعـــــاء,دعاء
دعاء الرحمن,دعاءالرحمن
دعاء الله,دعاءالله
دفع الله,دفعالله
دمرانـى,دمرانى
دنــيا,دنيا
دنـيـا,دنيا
دنيــا,دنيا
دنيـــــــا,دنيا
دنيا الله,دنياالله
ديــنا,دينا
ديـنا,دينا
ديـنـا,دينا
دينـا,دينا
ذات النور,ذاتالنور
ذكاء الدين,ذكاءالدين
ذكر اللـه,ذكرالله
ذكر الله,ذكرالله
ذكراللـه,ذكرالله
ذكى الدين,ذكىالدين
ذو الفقار,ذوالفقار
ر أفت,رأفت
رأى الدين,رأىالدين
رؤ ى,رؤى
رؤى الله,رؤىالله
راجى الرحمن,راجىالرحمن
ر ا شد,راشد
راشـد,راشد
راشداحمد,راشد احمد
راشدعبداللطيف,راشد عبداللطيف
راشدعلى,راشد على
راشدمحمد,راشد محمد
راشد علي الدين,راشدعليالدين
ر اضى,راضى
راضـى,راضى
را غب,راغب
راغب الدين,راغبالدين
رافا الله,رافاالله
راف الله,رافالله
رافت علي الدين,رافتعليالدين
رافع الدين,رافعالدين
راقــى,راقى
رامز الدين,رامزالدين
رامـى,رامى
رانـيا,رانيا
رانيـــــــا,رانيا
راى الدين,راىالدين
راي الدين,رايالدين
رايد الله,رايدالله
رايه الاسلام,رايهالاسلام
ربـــاب,رباب
ربا ح,رباح
رُبى,ربى
ربيع سعد الدين,ربيعسعدالدين
ربيع عابدين,ربيععابدين
رجاء الدين,رجاءالدين
رجائى الدين,رجائىالدين
رجائى عز الدين,رجائىعزالدين
رجال الله,رجالالله
ر جب,رجب
رجب‏,رجب
رجـب,رجب
رجـــب,رجب
رجب الله,رجبالله
رجب محي الدين,رجبمحيالدين
رحـاب,رحاب
رحاب الدين,رحابالدين
رحاب الله,رحابالله
رحمة الله,رحمةالله
ر حمه,رحمه
رحـــــــمه,رحمه
رحمـه,رحمه
رحمه الله,رحمهالله
رحمى محى الدين,رحمىمحىالدين
ر حيم,رحيم
رحيم الدين,رحيمالدين
رد الله,ردالله
رز ق,رزق
رزق الدين,رزقالدين
رزق الـلـه,رزقالله
رزق اللة,رزقالله
رزق اللـه,رزقالله
رزق الله,رزقالله
رزق اللُه,رزقالله
رزقالـلـه,رزقالله
رزقاللة,رزقالله
رزقاللـه,رزقالله
رزقاللُه,رزقالله
رزق تاج الدين,رزقتاجالدين
رشـاد,رشاد
رشــاد,رشاد
رشادإبراهيم,رشاد إبراهيم
رشاداحمد,رشاد احمد
رشادعبدالخالق,رشاد عبدالخالق
رشادعبدالمغني,رشاد عبدالمغني
رشادعطية,رشاد عطية
رشادعلى,رشاد على
رشادمحمد,رشاد محمد
رشاد الدين,رشادالدين
رشدى سعد الدين,رشدىسعدالدين
رشيد نور الدين,رشيدنورالدين
ر ضا,رضا
رضـا,رضا
رضااحمد,رضا احمد
رضاحامد,رضا حامد
رضاعبدالبارى,رضا عبدالبارى
رضاعبدالفتاح,رضا عبدالفتاح
رضاعرفات,رضا عرفات
رضامحمد,رضا محمد
رضاء الدين,رضاءالدين
رضاء الله,رضاءالله
رضا الله,رضاالله
رضا سعد الدين,رضاسعدالدين
رضا عابدين,رضاعابدين
رضا عز الدين,رضاعزالدين
رضـوان,رضوان
رضوان الدين,رضوانالدين
رضـوه,رضوه
رضى الله,رضىالله
رغد الاسلام,رغدالاسلام
رفا الله,رفاالله
رفاعـى,رفاعى
رف الله,رفالله
رفــعــت,رفعت
رفــــيــدة,رفيدة
رقـيه,رقيه
ركن الدين,ركنالدين
رماح الدين,رماحالدين
رمز الدين,رمزالدين
رمضـان,رمضان
رمضان جمال الدين,رمضانجمالالدين
رمضان علم الدين,رمضانعلمالدين
رمضان نور الدين,رمضاننورالدين
رنـا,رنا
رنــا,رنا
رو ان,روان
روجina,روج
رودينــه,رودينه
روض الله,روضالله
روليـن,رولين
روْى,روى
رويـدا,رويدا
رياض الدين,رياضالدين
ريف الله,ريفالله
ريـــــم,ريم
ريــم,ريم
ريـم,ريم
ريـمـون,ريمون
رينـا,رينا
ريــناد,ريناد
زاهرعبدالمجيد,زاهر عبدالمجيد
زاهرعبدالمطلب,زاهر عبدالمطلب
زاهرمحمد,زاهر محمد
زاهرعوض الله,زاهرعوضالله
ز ايد,زايد
زايـد,زايد
زايدابراهيم,زايد ابراهيم
زايدعثمان,زايد عثمان
زايدعلى,زايد على
زايدمصطفى,زايد مصطفى
زبـيـر,زبير
زرع الله,زرعالله
زرق الله,زرقالله
زكر الله,زكرالله
زكرياعبدالرازق,زكريا عبدالرازق
زكريامحمد,زكريا محمد
ز كى,زكى
زكـى,زكى
زكى الدين,زكىالدين
زكى علم الدين,زكىعلمالدين
زكي الدين,زكيالدين
زكي علم الدين,زكيعلمالدين
زهاء الدين,زهاءالدين
زهر الدين,زهرالدين
زهــران,زهران
زهـــران,زهران
زهــــران,زهران
زهرة الله,زهرةالله
زهى الدين,زهىالدين
زهير الدين,زهيرالدين
زيـا,زيا
ز ياد,زياد
زيـاد,زياد
زيــاد,زياد
زيادعبدالصادق,زياد عبدالصادق
زياد الدين,زيادالدين
زياد صلاح الدين,زيادصلاحالدين
زيدابوالمكارم,زيد ابوالمكارم
زيـــن,زين
زين الدين,زينالدين
زين.الدين,زينالدين
زين السيد,زينالسيد
زين العابدين,زينالعابدين
زين العرب,زينالعرب
زين الفقار,زينالفقار
زيـنب,زينب
زيـنـب,زينب
زينة الله,زينةالله
زين جمال الدين,زينجمالالدين
زين عابدين,زينعابدين
زين علاء الدين,زينعلاءالدين
زين عماد الدين,زينعمادالدين
زين نور الدين,زيننورالدين
زيـنـه,زينه
زينـه,زينه
زينه الله,زينهالله
سـاره,ساره
ســــــــاره,ساره
ساعى الدين,ساعىالدين
ساعي الدين,ساعيالدين
ساق الله,ساقالله
سا لم,سالم
سـالـم,سالم
سالم الدين,سالمالدين
سالـمـان,سالمان
سالم عز الدين,سالمعزالدين
سالم علم الدين,سالمعلمالدين
سا مح,سامح
سامـــــــــى,سامى
سامى الدين,سامىالدين
سبح الله,سبحالله
سبحان الله,سبحانالله
سبع الرجال,سبعالرجال
سبف الدين,سبفالدين
سبيل الله,سبيلالله
سـجـدة,سجدة
سـجى,سجى
سر اج,سراج
سراج الدين,سراجالدين
سراج السيد,سراجالسيد
سراج زين الدين,سراجزينالدين
سر الختم,سرالختم
.سرمانى,سرمانى
سـرور,سرور
سرورحسن,سرور حسن
سرورعبدالعزيز,سرور عبدالعزيز
سرورعطيه,سرور عطيه
سرورعلى,سرور على
سرورمحمود,سرور محمود
سرورعبد الله,سرورعبدالله
سرى الدين,سرىالدين
سري الدين,سريالدين
سعد‏,سعد
سعـد,سعد
سـعد,سعد
سـعــد,سعد
ســـعد,سعد
سعدأبوشامه,سعد أبوشامه
سعدأحمد,سعد أحمد
سعدأمين,سعد أمين
سعدابراهيم,سعد ابراهيم
سعدابوحجازي,سعد ابوحجازي
سعدابوسريع,سعد ابوسريع
سعداحمد,سعد احمد
سعدالديب,سعد الديب
سعدالشرقاوى,سعد الشرقاوى
سعدالصادق,سعد الصادق
سعدالصباغ,سعد الصباغ
سعدالطنطاوى,سعد الطنطاوى
سعدامين,سعد امين
سعدبدوى,سعد بدوى
سعدبسيونى,سعد بسيونى
سعدبكر,سعد بكر
سعدبلال,سعد بلال
سعدجاد,سعد جاد
سعدجرجس,سعد جرجس
سعدجمعة,سعد جمعة
سعدجورج,سعد جورج
سعدحامد,سعد حامد
سعدحسن,سعد حسن
سعدحسين,سعد حسين
سعدحنا,سعد حنا
سعدرجب,سعد رجب
سعدزغلول,سعد زغلول
سعدزكى,سعد زكى
سعدسعيد,سعد سعيد
سعدسلام,سعد سلام
سعدسليمان,سعد سليمان
سعدسيد,سعد سيد
سعدشبل,سعد شبل
سعدعامر,سعد عامر
سعدعباس,سعد عباس
سعدعبدالحميد,سعد عبدالحميد
سعدعبدالرحيم,سعد عبدالرحيم
سعدعبدالسلام,سعد عبدالسلام
سعدعبدالعزيز,سعد عبدالعزيز
سعدعبدالعظيم,سعد عبدالعظيم
سعدعبدالفتاح,سعد عبدالفتاح
سعدعبدالقادر,سعد عبدالقادر
سعدعبداللطيف,سعد عبداللطيف
سعدعبدالوهاب,سعد عبدالوهاب
سعدعبده,سعد عبده
سعدعرفه,سعد عرفه
سعدعزام,سعد عزام
سعدعطا,سعد عطا
سعدعطية,سعد عطية
سعدعطيه,سعد عطيه
سعدعلى,سعد على
سعدعلي,سعد علي
سعدعوض,سعد عوض
سعدعيد,سعد عيد
سعدغنيم,سعد غنيم
سعدقرنى,سعد قرنى
سعدمحمد,سعد محمد
سعدمحمود,سعد محمود
سعدمرسى,سعد مرسى
سعدمسعود,سعد مسعود
سعدمصطفى,سعد مصطفى
سعدموسى,سعد موسى
سعدنصير,سعد نصير
سعديوسف,سعد يوسف
سعد الدين,سعدالدين
سعد السعيد,سعدالسعيد
سعد السيد,سعدالسيد
سعد الـلـه,سعدالله
سعد الـله,سعدالله
سعد اللـه,سعدالله
سعد الله,سعدالله
سعدالـلـه,سعدالله
سعدالـله,سعدالله
سعداللـه,سعدالله
سعد تاج الدين,سعدتاجالدين
سعدرزق الله,سعدرزقالله
سعد زين الدين,سعدزينالدين
سعد عابدين,سعدعابدين
سعدعبد الجواد,سعدعبدالجواد
سعدعبد الله,سعدعبدالله
سعد عز الدين,سعدعزالدين
سعد علم الدين,سعدعلمالدين
سعد على الدين,سعدعلىالدين
سعيد‏,سعيد
سعيـد,سعيد
سعيدأحمد,سعيد أحمد
سعيدابراهيم,سعيد ابراهيم
سعيدابواليزيد,سعيد ابواليزيد
سعيداحمد,سعيد احمد
سعيدالجزار,سعيد الجزار
سعيدالجوهرى,سعيد الجوهرى
سعيدالقاضى,سعيد القاضى
سعيدامام,سعيد امام
سعيدامين,سعيد امين
سعيدبطرس,سعيد بطرس
سعيدبولس,سعيد بولس
سعيدجبريل,سعيد جبريل
سعيدجرجس,سعيد جرجس
سعيدحسن,سعيد حسن
سعيدحنفى,سعيد حنفى
سعيدزكريا,سعيد زكريا
سعيدسالم,سعيد سالم
سعيدسلامة,سعيد سلامة
سعيدسليم,سعيد سليم
سعيدشعبان,سعيد شعبان
سعيدطنطاوى,سعيد طنطاوى
سعيدعادل,سعيد عادل
سعيدعامر,سعيد عامر
سعيدعباس,سعيد عباس
سعيدعبدالحميد,سعيد عبدالحميد
سعيدعبدالشهيد,سعيد عبدالشهيد
سعيدعبدالعزيز,سعيد عبدالعزيز
سعيدعبدالغنى,سعيد عبدالغنى
سعيدعبدالفتاح,سعيد عبدالفتاح
سعيدعبدالفضيل,سعيد عبدالفضيل
سعيدعبداللطيف,سعيد عبداللطيف
سعيدعبدالمجيد,سعيد عبدالمجيد
سعيدعبدالمقصود,سعيد عبدالمقصود
سعيدعبدالوارث,سعيد عبدالوارث
سعيدعبده,سعيد عبده
سعيدعبيد,سعيد عبيد
سعيدعطيه,سعيد عطيه
سعيدعلى,سعيد على
سعيدعليوه,سعيد عليوه
سعيدعنتر,سعيد عنتر
سعيدعوض,سعيد عوض
سعيدعيد,سعيد عيد
سعيدعيسي,سعيد عيسي
سعيدفرج,سعيد فرج
سعيدقطب,سعيد قطب
سعيدمبروك,سعيد مبروك
سعيدمجدى,سعيد مجدى
سعيدمحمد,سعيد محمد
سعيدمحمود,سعيد محمود
سعيدمسعود,سعيد مسعود
سعيدمعاذ,سعيد معاذ
سعيدمنتصر,سعيد منتصر
سعيدنصر,سعيد نصر
سعيدهارون,سعيد هارون
سعيديوسف,سعيد يوسف
سعيد الدين,سعيدالدين
سعيد السيد,سعيدالسيد
سعيد النبي,سعيدالنبي
سعيد عابدين,سعيدعابدين
سعيدعبد الستار,سعيدعبدالستار
سعيدعبد الغفار,سعيدعبدالغفار
سعيدعبد النور,سعيدعبدالنور
سفير الله,سفيرالله
سلات.. .,سلات
سلات...,سلات
سـلام,سلام
سلام الله,سلامالله
سلامةعمر,سلامة عمر
سلامت الله,سلامتالله
سلا مه,سلامه
سلامــه,سلامه
سلامه على الدين,سلامهعلىالدين
سلـطـان,سلطان
ســـلمى,سلمى
سـلـمـى,سلمى
سـلمـى,سلمى
سلـمى,سلمى
سلـيـم,سليم
سلـيمـان,سليمان
سليمان‏,سليمان
سليمان بدر الدين,سليمانبدرالدين
سليمان تاج الدين,سليمانتاجالدين
سليمان تقي الدين,سليمانتقيالدين
سليمان شهاب الدين,سليمانشهابالدين
سليمان نصر الدين,سليماننصرالدين
سمـا,سما
سمــا,سما
سمـــــا,سما
سماء الله,سماءالله
سماح الدين,سماحالدين
سمت الدين,سمتالدين
سمو الدين,سموالدين
سميرابراهيم,سمير ابراهيم
سميراحمد,سمير احمد
سميرالحسينى,سمير الحسينى
سميرتوفيق,سمير توفيق
سميرجرجس,سمير جرجس
سميرحامد,سمير حامد
سميرحسن,سمير حسن
سميرحسين,سمير حسين
سميرسالم,سمير سالم
سميرسعد,سمير سعد
سميرشريف,سمير شريف
سميرشوقى,سمير شوقى
سميرصبرى,سمير صبرى
سميرعبدالحميد,سمير عبدالحميد
سميرعبدالعظيم,سمير عبدالعظيم
سميرعبدالفتاح,سمير عبدالفتاح
سميرعبدالمطلب,سمير عبدالمطلب
سميرعبده,سمير عبده
سميرعطيه,سمير عطيه
سميرعلى,سمير على
سميرفؤاد,سمير فؤاد
سميرفاروق,سمير فاروق
سميرفهمى,سمير فهمى
سميرفوزي,سمير فوزي
سميرمحروس,سمير محروس
سميرمحمد,سمير محمد
سميرمحمود,سمير محمود
سميرناصر,سمير ناصر
سميريوسف,سمير يوسف
سمير زين الدين,سميرزينالدين
سميرعصام الدين,سميرعصامالدين
سميـه,سميه
سنـجـاب,سنجاب
سندابراهيم,سند ابراهيم
سنى الدين,سنىالدين
سهام الدين,سهامالدين
سهم الدين,سهمالدين
سو قيه,سوقيه
ســيـد,سيد
ســيــد,سيد
سـيد,سيد
سـيـد,سيد
سيـد,سيد
سيدأحمد,سيد أحمد
سيدابراهيم,سيد ابراهيم
سيدابوسريع,سيد ابوسريع
سيدابوشهده,سيد ابوشهده
سيدابوه,سيد ابوه
سيداحمد,سيد احمد
سيداسماعيل,سيد اسماعيل
سيدالبدوى,سيد البدوى
سيدالجزار,سيد الجزار
سيدالحداد,سيد الحداد
سيدالحسن,سيد الحسن
سيدالديب,سيد الديب
سيدالشافعى,سيد الشافعى
سيدالصادق,سيد الصادق
سيدالعربى,سيد العربى
سيدجاد,سيد جاد
سيدجمعة,سيد جمعة
سيدحافظ,سيد حافظ
سيدحجاج,سيد حجاج
سيدحجازى,سيد حجازى
سيدحسانين,سيد حسانين
سيدحسن,سيد حسن
سيدحسين,سيد حسين
سيدحماد,سيد حماد
سيدحمد,سيد حمد
سيدحموده,سيد حموده
سيدحنفى,سيد حنفى
سيدحنفي,سيد حنفي
سيدخضر,سيد خضر
سيدخليفة,سيد خليفة
سيدخليفه,سيد خليفه
سيدخليل,سيد خليل
سيددرويش,سيد درويش
سيدسالم,سيد سالم
سيدسالمان,سيد سالمان
سيدسلمان,سيد سلمان
سيدسليم,سيد سليم
سيدسيد,سيد سيد
سيدشحاته,سيد شحاته
سيدعاشور,سيد عاشور
سيدعبدالجليل,سيد عبدالجليل
سيدعبدالحفيظ,سيد عبدالحفيظ
سيدعبدالحى,سيد عبدالحى
سيدعبدالرحيم,سيد عبدالرحيم
سيدعبدالسلام,سيد عبدالسلام
سيدعبدالعال,سيد عبدالعال
سيدعبدالعزيز,سيد عبدالعزيز
سيدعبدالفضيل,سيد عبدالفضيل
سيدعبداللاه,سيد عبداللاه
سيدعبداللطيف,سيد عبداللطيف
سيدعبدالمؤمن,سيد عبدالمؤمن
سيدعبدالمجيد,سيد عبدالمجيد
سيدعبده,سيد عبده
سيدعبود,سيد عبود
سيدعثمان,سيد عثمان
سيدعرفات,سيد عرفات
سيدعفيفى,سيد عفيفى
سيدعلى,سيد على
سيدعلي,سيد علي
سيدعمار,سيد عمار
سيدعمر,سيد عمر
سيدعمران,سيد عمران
سيدعواد,سيد عواد
سيدعوض,سيد عوض
سيدعيد,سيد عيد
سيدغازى,سيد غازى
سيدغالى,سيد غالى
سيدغريب,سيد غريب
سيدفؤاد,سيد فؤاد
سيد فـرج,سيد فرج
سيدفرج,سيد فرج
سيدكامل,سيد كامل
سيدلاشين,سيد لاشين
سيد-محمد,سيد محمد
سيدمحمد,سيد محمد
سيدمحمود,سيد محمود
سيدمرسى,سيد مرسى
سيدمصطفى,سيد مصطفى
سيدهمام,سيد همام
سيديوسف,سيد يوسف
سيداحمدابراهيم,سيداحمد ابراهيم
سيداحمدابوزاهر,سيداحمد ابوزاهر
سيداحمداحمد,سيداحمد احمد
سيداحمدحسن,سيداحمد حسن
سيداحمدعبدالخالق,سيداحمد عبدالخالق
سيداحمدعبدالعال,سيداحمد عبدالعال
سيداحمدعلى,سيداحمد على
سيداحمدمحمد,سيداحمد محمد
سيد الاهل,سيدالاهل
سيد جمال الدين,سيدجمالالدين
سيد زين الدين,سيدزينالدين
سيد سعد الدين,سيدسعدالدين
سيد شمس الدين,سيدشمسالدين
سيدعبد الجواد,سيدعبدالجواد
سيدعبد الله,سيدعبدالله
سيد عز الدين,سيدعزالدين
سيدعطا الله,سيدعطاالله
سيد علم الدين,سيدعلمالدين
سيد على الدين,سيدعلىالدين
سيد علي الدين,سيدعليالدين
سيد كمال الدين,سيدكمالالدين
سيد محى الدين,سيدمحىالدين
سيد محي الدين,سيدمحيالدين
سيد نصر الدين,سيدنصرالدين
سيد ولى الدين,سيدولىالدين
سيـــســيليا,سيسيليا
.سيف,سيف
سـيـف,سيف
سـيف,سيف
سيــف,سيف
سيـف,سيف
سيف الإسلام,سيفالإسلام
سيف الاسلام,سيفالاسلام
سيف الدولة,سيفالدولة
سيف الدوله,سيفالدوله
سيف الدين,سيفالدين
سيف الرحمن,سيفالرحمن
سيف الـله,سيفالله
سيف اللـه,سيفالله
سيف الله,سيفالله
سيفالـله,سيفالله
سيفاللـه,سيفالله
سيف النصر,سيفالنصر
سيف حسام الدين,سيفحسامالدين
سيف صلاح الدين,سيفصلاحالدين
سيف علاء الدين,سيفعلاءالدين
سيف على الدين,سيفعلىالدين
سـيوفى,سيوفى
شاء الله,شاءالله
شا كر,شاكر
شـاكـر,شاكر
شاكرابراهيم,شاكر ابراهيم
شاكرعبدالمقصود,شاكر عبدالمقصود
شاكرعبدالمنعم,شاكر عبدالمنعم
شاكرعلي,شاكر علي
شاكرمحمد,شاكر محمد
شاكرمصطفى,شاكر مصطفى
شاكرمصطفي,شاكر مصطفي
شاكر بالله,شاكربالله
شاه بور,شاهبور
شاهر الدين,شاهرالدين
شاهنـدا,شاهندا
شاهير الدين,شاهيرالدين
شبـراوى,شبراوى
شجاع الدين,شجاعالدين
شحـات,شحات
شـحـات,شحات
شحاتـه,شحاته
شـحـاتـه,شحاته
شحاته عز الدين,شحاتهعزالدين
شحاته على الدين,شحاتهعلىالدين
شديد نور الدين,شديدنورالدين
شـــــــرارة,شرارة
شرع الله,شرعالله
شرف الدين,شرفالدين
شـرف الدين,شرفالدين
شـرفالدين,شرفالدين
شرف السعيد,شرفالسعيد
شرف شرف الدين,شرفشرفالدين
شرقـاوى,شرقاوى
شرنوبى‏,شرنوبى
شري د,شريد
شر يف,شريف
شريـف,شريف
شـريـف,شريف
شـريف,شريف
شريف الدين,شريفالدين
شـرين,شرين
شعـبان,شعبان
شعبان علم الدين,شعبانعلمالدين
شـعـراوى,شعراوى
شـعـيـب,شعيب
شعيـره,شعيره
شفيظ الدين,شفيظالدين
شفيع الدين,شفيعالدين
شفـيـق,شفيق
شقا الله,شقاالله
شقفه‏,شقفه
شقى الله,شقىالله
شكر‏,شكر
شكر اللة,شكرالله
شكر اللـه,شكرالله
شكر الله,شكرالله
شكرالـله,شكرالله
شكراللة,شكرالله
شكراللـه,شكرالله
شكر ى,شكرى
شكر ي,شكري
شلبـى,شلبى
شـمـس,شمس
شمس الاسلام,شمسالاسلام
شمس الدين,شمسالدين
شمس على الدين,شمسعلىالدين
شمش الدين,شمشالدين
شموشاع الدين,شموشاعالدين
شـندى,شندى
شنـوده,شنوده
شهاب الدين,شهابالدين
شهب الدين,شهبالدين
شـــهد,شهد
شــهد,شهد
شـهد,شهد
شـهـد,شهد
شهـد,شهد
شهـــــد,شهد
شهدعادل,شهد عادل
شهد على الدين,شهدعلىالدين
شهر الدين,شهرالدين
شهير الدين,شهيرالدين
شوقى عز الدين,شوقىعزالدين
شيب الدين,شيبالدين
شيخ الدين,شيخالدين
شيخ العرب,شيخالعرب
شيـريـن,شيرين
شـيماء,شيماء
شيمـــاء,شيماء
صابـر,صابر
صابرأحمد,صابر أحمد
صابرأمين,صابر أمين
صابرابراهيم,صابر ابراهيم
صابراحمد,صابر احمد
صابرامين,صابر امين
صابرحامد,صابر حامد
صابرحسن,صابر حسن
صابرسعد,صابر سعد
صابرعبدالباقى,صابر عبدالباقى
صابرعبدالعال,صابر عبدالعال
صابرعبدالعظيم,صابر عبدالعظيم
صابرعبدالفتاح,صابر عبدالفتاح
صابرعبدالمجيد,صابر عبدالمجيد
صابرعبدالمعبود,صابر عبدالمعبود
صابرعبدالمقصود,صابر عبدالمقصود
صابرعلى,صابر على
صابرعلي,صابر علي
صابرمحمد,صابر محمد
صابرمحمود,صابر محمود
صابرمصطفى,صابر مصطفى
صابريوسف,صابر يوسف
صابرعبد الحليم,صابرعبدالحليم
صابرعبد ربه,صابرعبدربه
صابرعطا الله,صابرعطاالله
صابر علم الدين,صابرعلمالدين
صابر على الدين,صابرعلىالدين
صا لح,صالح
صالـح,صالح
صـالـح,صالح
صالح الدين,صالحالدين
صالح بدر الدين,صالحبدرالدين
صبّاح,صباح
صباح الدين,صباحالدين
صبحا الله,صبحاالله
صبح الله,صبحالله
صبحـى,صبحى
صبحى الدين,صبحىالدين
صبحى علم الدين,صبحىعلمالدين
صبرىمحمد,صبرى محمد
صبرى الدين,صبرىالدين
صـبـيـحـه,صبيحه
صدر الاسلام,صدرالاسلام
صدر الدين,صدرالدين
صدق الدين,صدقالدين
صديق الدين,صديقالدين
صديق علم الدين,صديقعلمالدين
صفاء الدين,صفاءالدين
صفاء الله,صفاءالله
صفوت الدين,صفوتالدين
صفى الدين,صفىالدين
صفى الرحمن,صفىالرحمن
صفى الله,صفىالله
صفي الدين,صفيالدين
صفي الرحمن,صفيالرحمن
صقرابراهيم,صقر ابراهيم
صقرحسين,صقر حسين
صقرعبدالوهاب,صقر عبدالوهاب
صقرعطيه,صقر عطيه
صقرعبد الجواد,صقرعبدالجواد
صقرعبد الله,صقرعبدالله
صلأح الدين,صلأحالدين
صـلاح,صلاح
صلا ح,صلاح
صلاح الدين,صلاحالدين
صلاح السعيد,صلاحالسعيد
صلاح السيد,صلاحالسيد
صلاح تاج الدين,صلاحتاجالدين
صلاح جمال الدين,صلاحجمالالدين
صلاح حسام الدين,صلاححسامالدين
صلاح سعد الدين,صلاحسعدالدين
صلاح عابدين,صلاحعابدين
صلاح عصام الدين,صلاحعصامالدين
صلاح علم الدين,صلاحعلمالدين
صلاح على الدين,صلاحعلىالدين
صلاح كمال الدين,صلاحكمالالدين
صلاح محى الدين,صلاحمحىالدين
صلاح نور الدين,صلاحنورالدين
صنع الله,صنعالله
صيف الله,صيفالله
ضابط الدين,ضابطالدين
ضاف الله,ضافالله
ض الله,ضالله
ضـبـاب,ضباب
ضى العين,ضىالعين
ضى النور,ضىالنور
ضياءعبدالعزيز,ضياء عبدالعزيز
ضياءمحمود,ضياء محمود
ضياء الاسلام,ضياءالاسلام
ضياء الحق,ضياءالحق
ضياء الدين,ضياءالدين
ضياء الرحمن,ضياءالرحمن
ضياء السعيد,ضياءالسعيد
ضياء السيد,ضياءالسيد
ضياء سعد الدين,ضياءسعدالدين
ضياء صلاح الدين,ضياءصلاحالدين
ضياء كمال الدين,ضياءكمالالدين
ضياء محى الدين,ضياءمحىالدين
ضياء نور الدين,ضياءنورالدين
ضيف الـلـه,ضيفالله
ضيف الـله,ضيفالله
ضيف اللة,ضيفالله
ضيف اللـه,ضيفالله
ضيف الله,ضيفالله
ضيفالـلـه,ضيفالله
ضيفالـله,ضيفالله
ضيفاللة,ضيفالله
ضيفاللـه,ضيفالله
طائعه الله,طائعهالله
طا رق,طارق
طـارق,طارق
طارق على الدين,طارقعلىالدين
طالب الله,طالبالله
طالب عابدين,طالبعابدين
طاهرامين,طاهر امين
طاهرحامد,طاهر حامد
طاهرعبدالسلام,طاهر عبدالسلام
طاهرعبدالصادق,طاهر عبدالصادق
طاهرعبدالمنعم,طاهر عبدالمنعم
طاهرعطية,طاهر عطية
طاهرمحمود,طاهر محمود
طاهر الدين,طاهرالدين
طاهرفتح الله,طاهرفتحالله
طاهر نجم الدين,طاهرنجمالدين
طاهر نور الدين,طاهرنورالدين
طـلبه,طلبه
طلـبـه,طلبه
طلبه علم الدين,طلبهعلمالدين
طـلـعـت,طلعت
طلـعت,طلعت
طلعت على الدين,طلعتعلىالدين
طـــه,طه
طــه,طه
طه_x000D_,طه
طه تاج الدين,طهتاجالدين
طه على الدين,طهعلىالدين
طه نور الدين,طهنورالدين
ظريف الدين,ظريفالدين
ظهر الدين,ظهرالدين
عـــــائشة,عائشة
عـائـشـه,عائشه
عا بد,عابد
عابداحمد,عابد احمد
عابد الرحمن,عابدالرحمن
عابد عابدين,عابدعابدين
عاتب الله,عاتبالله
عـادل,عادل
عا د ل أ حمد,عادل أحمد
عادلأحمد,عادل أحمد
عادل علي الدين,عادلعليالدين
عارف الله,عارفالله
عارف تاج الدين,عارفتاجالدين
عـاشور,عاشور
عاشوراحمد,عاشور احمد
عاشورعبدالحميد,عاشور عبدالحميد
عاشورعلى,عاشور على
عاشورعليان,عاشور عليان
عاشورمصطفى,عاشور مصطفى
عاصم الدين,عاصمالدين
عاصـى,عاصى
عامراحمد,عامر احمد
عامرحسن,عامر حسن
عامرحسين,عامر حسين
عامرعبدالباري,عامر عبدالباري
عامرعلى,عامر على
عامرمحمد,عامر محمد
عامرمحمود,عامر محمود
عامر سيف الدين,عامرسيفالدين
عامر شمس الدين,عامرشمسالدين
عامل الدين,عاملالدين
عايت الله,عايتالله
عايدعلى,عايد على
عباد الله,عبادالله
عباد لله,عبادالله
عبادلله,عبادالله
عبادى_x000D_,عبادى
عبـاس,عباس
عباس على الدين,عباسعلىالدين
عباس علي الدين,عباسعليالدين
عـبـد,عبد
عبد اارحمن,عبداارحمن
عبد ااسيد,عبدااسيد
عبد االحكيم,عبداالحكيم
عبد االحميد,عبداالحميد
عبد االرازق,عبداالرازق
عبد االرحيم,عبداالرحيم
عبد االستار,عبداالستار
عبد االسميع,عبداالسميع
عبد االشافى,عبداالشافى
عبد االعظيم,عبداالعظيم
عبد االقادر,عبداالقادر
عبد االلطيف,عبدااللطيف
عبد االله,عبداالله
عبدا لله,عبداالله
عبدالله,عبداالله
عبد االمجلى,عبداالمجلى
عبد االمجيد,عبداالمجيد
عبد االمقصود,عبداالمقصود
عبد االنبى,عبداالنبى
عبد ابراهيم,عبدابراهيم
عبد ابوالجود,عبدابوالجود
عبد احمد,عبداحمد
عبد اسحق,عبداسحق
عبد اسرائيل,عبداسرائيل
عبد اسكاروس,عبداسكاروس
عبد اشبوب,عبداشبوب
عبد اعبيد,عبداعبيد
عبد ال,عبدال
عبد الآخر,عبدالآخر
عبد الأحد,عبدالأحد
عبد الأعلى,عبدالأعلى
عبد الأله,عبدالأله
عبد الأمام,عبدالأمام
عبد الأمير,عبدالأمير
عبد الأول,عبدالأول
عبد الإله,عبدالإله
عبد الإمام,عبدالإمام
عبد الا,عبدالا
عبد الاحد,عبدالاحد
عبد الاحمد,عبدالاحمد
عبد الاخر,عبدالاخر
عبد الاعلا,عبدالاعلا
عبد الاعلى,عبدالاعلى
عبد الاعلي,عبدالاعلي
عبد الالاة,عبدالالاة
عبد الالاه,عبدالالاه
عبد الاله,عبدالاله
عبد الامam,عبدالام
عبدالامam,عبدالام
عبد الامام,عبدالامام
عبد الامير,عبدالامير
عبد الامين,عبدالامين
عبد الانوار,عبدالانوار
عبد الاه,عبدالاه
عبد الاهوت,عبدالاهوت
عبد الاهى,عبدالاهى
عبد الاول,عبدالاول
عبد الباتع,عبدالباتع
عبد البادى,عبدالبادى
عبد البار,عبدالبار
عبد البارئ,عبدالبارئ
عبد البارى,عبدالبارى
عبد الباري,عبدالباري
عبد الباز,عبدالباز
عبد الباسط,عبدالباسط
عبد البـاسط,عبدالباسط
عبدالبـاسط,عبدالباسط
عبد الباصط,عبدالباصط
عبد الباعث,عبدالباعث
عبد البافى,عبدالبافى
عبد الباقى,عبدالباقى
عبد الباقي,عبدالباقي
عبد الباهى,عبدالباهى
عبد البخيت,عبدالبخيت
عبد البدير,عبدالبدير
عبد البديع,عبدالبديع
عبدالبديع علي الدين,عبدالبديععليالدين
عبد البر,عبدالبر
عبد البرابراهيم,عبدالبر ابراهيم
عبدالبرابراهيم,عبدالبر ابراهيم
عبدالبرعبدالعزيز,عبدالبر عبدالعزيز
عبد البرالخولى,عبدالبرالخولى
عبد البرقنديل,عبدالبرقنديل
عبد البسيط,عبدالبسيط
عبد البشير,عبدالبشير
عبد البصير,عبدالبصير
عبد البصيرعبدالعال,عبدالبصير عبدالعال
عبدالبصيرعبدالعال,عبدالبصير عبدالعال
عبدالبصيرعثمان,عبدالبصير عثمان
عبد البصيراحمد,عبدالبصيراحمد
عبد البين,عبدالبين
عبد التام,عبدالتام
عبد التقى,عبدالتقى
عبد التكال,عبدالتكال
عبد التواب,عبدالتواب
عبد الثالوث,عبدالثالوث
عبد الجابر,عبدالجابر
عبدالجابرابراهيم,عبدالجابر ابراهيم
عبد الجامع,عبدالجامع
عبد الجايد,عبدالجايد
عبد الجبار,عبدالجبار
عبد الجبور,عبدالجبور
عبد الجبير,عبدالجبير
عبد الجل,عبدالجل
عبد الجلبل,عبدالجلبل
عبد الجليل,عبدالجليل
عبدُ الجليل,عبدالجليل
عبدُالجليل,عبدالجليل
عبد الجميل,عبدالجميل
عبد الجواد,عبدالجواد
عبـدالـجواد,عبدالجواد
عبدالجوادأبوحجر,عبدالجواد أبوحجر
عبدالجوادأحمد,عبدالجواد أحمد
عبدالجوادابوالعينين,عبدالجواد ابوالعينين
عبدالجواداحمد,عبدالجواد احمد
عبد الجوادالسيد,عبدالجواد السيد
عبدالجوادالسيد,عبدالجواد السيد
عبدالجوادصالح,عبدالجواد صالح
عبدالجوادعبدالحميد,عبدالجواد عبدالحميد
عبدالجوادعبدالمجيد,عبدالجواد عبدالمجيد
عبدالجوادعلى,عبدالجواد على
عبدالجوادعمر,عبدالجواد عمر
عبد الجوادمحمد,عبدالجواد محمد
عبدالجوادمحمد,عبدالجواد محمد
عبد الجوادمحمود,عبدالجواد محمود
عبدالجوادمحمود,عبدالجواد محمود
عبد الجوادشعيب,عبدالجوادشعيب
عبد الجوادعامر,عبدالجوادعامر
عبد الجوادعرفه,عبدالجوادعرفه
عبد الجوادعشرى,عبدالجوادعشرى
عبد الجوادغالى,عبدالجوادغالى
عبد الجوادغنيم,عبدالجوادغنيم
عبد الجوادمرجان,عبدالجوادمرجان
عبد الجيد,عبدالجيد
عبد الجيـد,عبدالجيد
عبدالجيـد,عبدالجيد
عبد الجيدبدر,عبدالجيدبدر
عبد الحارث,عبدالحارث
عبد الحارس,عبدالحارس
عبد الحارص,عبدالحارص
عبد الحاضر,عبدالحاضر
عبد الحافض,عبدالحافض
عبد الحافط,عبدالحافط
عبد الحافظ,عبدالحافظ
عبد الحاكم,عبدالحاكم
عبد الحامى,عبدالحامى
عبد الحبيب,عبدالحبيب
عبد الحريص,عبدالحريص
عبد الحسانين,عبدالحسانين
عبد الحسن,عبدالحسن
عبد الحسيب,عبدالحسيب
عبد الحسين,عبدالحسين
عبد الحفيط,عبدالحفيط
عبد الحفيظ,عبدالحفيظ
عبـد الـحـفـيـظ,عبدالحفيظ
عبـدالـحـفـيـظ,عبدالحفيظ
عبد الحق,عبدالحق
عبد الحكبم,عبدالحكبم
عبد الحكم,عبدالحكم
عبد الحكــــيــم,عبدالحكيم
عبد الحكيم,عبدالحكيم
عبدالحكــــيــم,عبدالحكيم
عبد الحلوانى,عبدالحلوانى
عبد الحلي,عبدالحلي
عبد الحلـيم,عبدالحليم
عبد الحليم,عبدالحليم
عبدالحلـيم,عبدالحليم
عبدالـحـلـيـم,عبدالحليم
عبد الحمبد,عبدالحمبد
عبد الحميد,عبدالحميد
عبد الحميـد,عبدالحميد
عبد الـحـميـد,عبدالحميد
عبد الـحميد,عبدالحميد
عبدالحميـد,عبدالحميد
عبدالـحـميـد,عبدالحميد
عبدالـحميد,عبدالحميد
عبـد الـحـمـيـد,عبدالحميد
عبـدالـحـمـيـد,عبدالحميد
عبــدالحميــد,عبدالحميد
عبدالحميدابراهيم,عبدالحميد ابراهيم
عبدالحميدابوالسعد,عبدالحميد ابوالسعد
عبد الحميدابودقه,عبدالحميد ابودقه
عبدالحميدابودقه,عبدالحميد ابودقه
عبدالحميدابوطالب,عبدالحميد ابوطالب
عبد الحميدابوغنيم,عبدالحميد ابوغنيم
عبدالحميدابوغنيم,عبدالحميد ابوغنيم
عبدالحميداسماعيل,عبدالحميد اسماعيل
عبدالحميدالامام,عبدالحميد الامام
عبدالحميدالبسيونى,عبدالحميد البسيونى
عبدالحميدالبنا,عبدالحميد البنا
عبدالحميدالبيلى,عبدالحميد البيلى
عبد الحميدالتهامى,عبدالحميد التهامى
عبدالحميدالتهامى,عبدالحميد التهامى
عبدالحميدالجوهرى,عبدالحميد الجوهرى
عبدالحميدالخولى,عبدالحميد الخولى
عبدالحميدالديب,عبدالحميد الديب
عبد الحميدالشافعى,عبدالحميد الشافعى
عبدالحميدالشافعى,عبدالحميد الشافعى
عبدالحميدالشامى,عبدالحميد الشامى
عبد الحميدالشريف,عبدالحميد الشريف
عبدالحميدالشريف,عبدالحميد الشريف
عبدالحميدالشناوى,عبدالحميد الشناوى
عبدالحميدالصادق,عبدالحميد الصادق
عبدالحميدالعشرى,عبدالحميد العشرى
عبدالحميدالعوضى,عبدالحميد العوضى
عبدالحميدالنجار,عبدالحميد النجار
عبدالحميدجبريل,عبدالحميد جبريل
عبدالحميدخليفه,عبدالحميد خليفه
عبدالحميدرمضان,عبدالحميد رمضان
عبدالحميدسلامه,عبدالحميد سلامه
عبدالحميدسلطان,عبدالحميد سلطان
عبد الحميدسليمان,عبدالحميد سليمان
عبدالحميدسليمان,عبدالحميد سليمان
عبدالحميدشحاته,عبدالحميد شحاته
عبدالحميدعبدالباقى,عبدالحميد عبدالباقى
عبدالحميدعبدالحافظ,عبدالحميد عبدالحافظ
عبدالحميدعبدالحميد,عبدالحميد عبدالحميد
عبدالحميدعبدالرحيم,عبدالحميد عبدالرحيم
عبدالحميدعبدالسلام,عبدالحميد عبدالسلام
عبدالحميدعبدالسميع,عبدالحميد عبدالسميع
عبد الحميدعبدالعال,عبدالحميد عبدالعال
عبدالحميدعبدالعال,عبدالحميد عبدالعال
عبد الحميدعبدالفتاح,عبدالحميد عبدالفتاح
عبدالحميدعبدالفتاح,عبدالحميد عبدالفتاح
عبد الحميدعبدالقادر,عبدالحميد عبدالقادر
عبدالحميدعبدالقادر,عبدالحميد عبدالقادر
عبدالحميدعبداللاه,عبدالحميد عبداللاه
عبدالحميدعبدالمقصود,عبدالحميد عبدالمقصود
عبدالحميدعبدالواحد,عبدالحميد عبدالواحد
عبد الحميدعثمان,عبدالحميد عثمان
عبدالحميدعثمان,عبدالحميد عثمان
عبدالحميدعفيفى,عبدالحميد عفيفى
عبدالحميدعليمى,عبدالحميد عليمى
عبد الحميدعليوه,عبدالحميد عليوه
عبدالحميدعليوه,عبدالحميد عليوه
عبد الحميدعمران,عبدالحميد عمران
عبدالحميدعمران,عبدالحميد عمران
عبد الحميدمبروك,عبدالحميد مبروك
عبدالحميدمبروك,عبدالحميد مبروك
عبدالحميدمتولى,عبدالحميد متولى
عبدالحميدمجاهد,عبدالحميد مجاهد
عبدالحميدمحمود,عبدالحميد محمود
عبد الحميدأحمد,عبدالحميدأحمد
عبد الحميداحمد,عبدالحميداحمد
عبد الحميدالبركاوي,عبدالحميدالبركاوي
عبد الحميدالرسول,عبدالحميدالرسول
عبد الحميدالسيد,عبدالحميدالسيد
عبدالحميدالسيدعبدالوهاب,عبدالحميدالسيد عبدالوهاب
عبد الحميدالصفتى,عبدالحميدالصفتى
عبد الحميدالصو,عبدالحميدالصو
عبد الحميدالطوخى,عبدالحميدالطوخى
عبد الحميدالغنيمى,عبدالحميدالغنيمى
عبد الحميدالفرس,عبدالحميدالفرس
عبد الحميدالقمحاوى,عبدالحميدالقمحاوى
عبد الحميدالمزين,عبدالحميدالمزين
عبدالحميد جمال الدين,عبدالحميدجمالالدين
عبدالحميدجمال الدين,عبدالحميدجمالالدين
عبد الحميدحسن,عبدالحميدحسن
عبد الحميدحسين,عبدالحميدحسين
عبد الحميدحماد,عبدالحميدحماد
عبدالحميدسيف الدين,عبدالحميدسيفالدين
عبد الحميدعباس,عبدالحميدعباس
عبد الحميدعبد,عبدالحميدعبد
عبد الحميدعبدالنبى,عبدالحميدعبدالنبى
عبد الحميدعزت,عبدالحميدعزت
عبد الحميدعطا,عبدالحميدعطا
عبد الحميدعلى,عبدالحميدعلى
عبد الحميدعمروابراهيم,عبدالحميدعمروابراهيم
عبد الحميدمحمد,عبدالحميدمحمد
عبدالحميدمحمدعلى,عبدالحميدمحمد على
عبد الحميدمشري,عبدالحميدمشري
عبد الحميدهيكل,عبدالحميدهيكل
عبد الحنان,عبدالحنان
عبد الحنون,عبدالحنون
عبد الحى,عبدالحى
عبد الحي,عبدالحي
عبد الحيمد,عبدالحيمد
عبد الخاطر,عبدالخاطر
عبد الخافظ,عبدالخافظ
عبد الخالد,عبدالخالد
عبد الخالق,عبدالخالق
عبد الخبير,عبدالخبير
عبد الخلف,عبدالخلف
عبد الخير,عبدالخير
عبد الخيرالحناوى,عبدالخيرالحناوى
عبد الدائم,عبدالدائم
عبد الدابم,عبدالدابم
عبد الدايم,عبدالدايم
عبد الدسوقى,عبدالدسوقى
عبد الذاكر,عبدالذاكر
عبد الر,عبدالر
عبد الرءوف,عبدالرءوف
عبد الرءووف,عبدالرءووف
عبد الرأفه,عبدالرأفه
عبد الرأووف,عبدالرأووف
عبد الرؤف,عبدالرؤف
عبد الرؤوف,عبدالرؤوف
عبد الرئيس,عبدالرئيس
عبد الراؤوف,عبدالراؤوف
عبد الراحيم,عبدالراحيم
عبد الرازاق,عبدالرازاق
عبد الرازق,عبدالرازق
عـبد الرازق,عبدالرازق
عـبدالرازق,عبدالرازق
عبد الراشد,عبدالراشد
عبد الراضى,عبدالراضى
عبد الراضي,عبدالراضي
عبد الرافع,عبدالرافع
عبد الرايف,عبدالرايف
عبد الرب,عبدالرب
عبد الربه,عبدالربه
عبد الرجال,عبدالرجال
عبد الرح,عبدالرح
عبد الرحبم,عبدالرحبم
عبد الرحمان,عبدالرحمان
عبد الرحمن,عبدالرحمن
عبد الـرحمـن,عبدالرحمن
عبد الـرحمن,عبدالرحمن
عبدالـرحمـن,عبدالرحمن
عبدالـرحمن,عبدالرحمن
عـــبد الرحمن,عبدالرحمن
عـــبدالرحمن,عبدالرحمن
عبدالرحمن عابدين,عبدالرحمنعابدين
عبد الرحي,عبدالرحي
عبد الرحيـم,عبدالرحيم
عبد الرحيم,عبدالرحيم
عبدالرحيـم,عبدالرحيم
عبد الرزاق,عبدالرزاق
عبد الرسول,عبدالرسول
عبـد الرسول,عبدالرسول
عبـدالرسول,عبدالرسول
عبد الرشاد,عبدالرشاد
عبد الرشيد,عبدالرشيد
عبد الرشيدسالم,عبدالرشيدسالم
عبد الرضا,عبدالرضا
عبد الرضى,عبدالرضى
عبد الرضي,عبدالرضي
عبد الرفيع,عبدالرفيع
عبد الرقيب,عبدالرقيب
عبد الرهوف,عبدالرهوف
عبد الروؤف,عبدالروؤف
عبد الرواف,عبدالرواف
عبد الروف,عبدالروف
عبد الرووف,عبدالرووف
عبد الزارق,عبدالزارق
عبد الزاكر,عبدالزاكر
عبد الزاهر,عبدالزاهر
عبد الزناتى,عبدالزناتى
عبد الزين,عبدالزين
عبد الساتر,عبدالساتر
عبد السار,عبدالسار
عبد الستار,عبدالستار
عبدالستاراحمد,عبدالستار احمد
عبدالستارالسيد,عبدالستار السيد
عبد الستارحسن,عبدالستار حسن
عبدالستارحسن,عبدالستار حسن
عبدالستارعبدالحميد,عبدالستار عبدالحميد
عبدالستارعبدالغنى,عبدالستار عبدالغنى
عبدالستارعبدالفتاح,عبدالستار عبدالفتاح
عبدالستارعبداللطيف,عبدالستار عبداللطيف
عبدالستارعبدالله,عبدالستار عبدالله
عبدالستارعبدالمعطى,عبدالستار عبدالمعطى
عبدالستارعبدالونيس,عبدالستار عبدالونيس
عبد الستارعلى,عبدالستار على
عبدالستارعلى,عبدالستار على
عبدالستارعمر,عبدالستار عمر
عبد الستارمحمد,عبدالستار محمد
عبدالستارمحمد,عبدالستار محمد
عبد الستارمحمود,عبدالستار محمود
عبدالستارمحمود,عبدالستار محمود
عبدالستارمصطفى,عبدالستار مصطفى
عبدالستارمصطفي,عبدالستار مصطفي
عبد الستارابو,عبدالستارابو
عبد الستارالذهبى,عبدالستارالذهبى
عبد الستارجمل,عبدالستارجمل
عبد الستارحماده,عبدالستارحماده
عبد الستاردياب,عبدالستاردياب
عبد الستارزقزوق,عبدالستارزقزوق
عبد الستارفرج,عبدالستارفرج
عبد السعيد,عبدالسعيد
عبد السـلام,عبدالسلام
عبد السلام,عبدالسلام
عبدالسـلام,عبدالسلام
عبد السليم,عبدالسليم
عبد السميع,عبدالسميع
عبـد السميـع,عبدالسميع
عبـدالسميـع,عبدالسميع
عبد السند,عبدالسند
عبد السيد,عبدالسيد
عبدالسيدعطيه,عبدالسيد عطيه
عبد السيدعازر,عبدالسيدعازر
عبد السيمع,عبدالسيمع
عبد الشاعر,عبدالشاعر
عبد الشافع,عبدالشافع
عبد الشافعى,عبدالشافعى
عبد الشافـى,عبدالشافى
عبد الشافى,عبدالشافى
عبدالشافـى,عبدالشافى
عبد الشافي,عبدالشافي
عبد الشاكر,عبدالشاكر
عبد الشديد,عبدالشديد
عبد الشفاق,عبدالشفاق
عبد الشفوق,عبدالشفوق
عبد الشفيع,عبدالشفيع
عبد الشفيق,عبدالشفيق
عبد الشفیع,عبدالشفیع
عبد الشكور,عبدالشكور
عبد الشكورالشعراوى,عبدالشكورالشعراوى
عبد الشكورعبد,عبدالشكورعبد
عبد الشهداء,عبدالشهداء
عبد الشهده,عبدالشهده
عبد الشهيد,عبدالشهيد
عبد الشهيدى,عبدالشهيدى
عبد الشواف,عبدالشواف
عبد الشويخ,عبدالشويخ
عبد الشيمى,عبدالشيمى
عبد الصابر,عبدالصابر
عبد الصابرين,عبدالصابرين
عبد الصابور,عبدالصابور
عبد الصاحى,عبدالصاحى
عبد الصاحي,عبدالصاحي
عبد الصادق,عبدالصادق
عبد الصافى,عبدالصافى
عبد الصالح,عبدالصالح
عبد الصالحـين,عبدالصالحين
عبد الصالحين,عبدالصالحين
عبدالصالحـين,عبدالصالحين
عبد الصانع,عبدالصانع
عبد الصبور,عبدالصبور
عبد الصبورعرابى,عبدالصبورعرابى
عبد الصديق,عبدالصديق
عبد الصلاح,عبدالصلاح
عبد الصمد,عبدالصمد
عبدالصمدعبداللطيف,عبدالصمد عبداللطيف
عبد الصمدالشمبكى,عبدالصمدالشمبكى
عبد الصناع,عبدالصناع
عبد الصوبان,عبدالصوبان
عبد الصيور,عبدالصيور
عبد الطالب,عبدالطالب
عبد الطاهر,عبدالطاهر
عبد الطيف,عبدالطيف
عبد الظاهر,عبدالظاهر
عبد الظاهرابراهيم,عبدالظاهر ابراهيم
عبدالظاهرابراهيم,عبدالظاهر ابراهيم
عبدالظاهرعبدالجليل,عبدالظاهر عبدالجليل
عبدالظاهرعبدالخير,عبدالظاهر عبدالخير
عبدالظاهرعبدالرحمن,عبدالظاهر عبدالرحمن
عبدالظاهرعلى,عبدالظاهر على
عبدالظاهرعلي,عبدالظاهر علي
عبدالظاهرمحمد,عبدالظاهر محمد
عبد الظاهرأمين,عبدالظاهرأمين
عبد الظاهرمرسى,عبدالظاهرمرسى
عبد العادل,عبدالعادل
عبد العارف,عبدالعارف
عبد العاطف,عبدالعاطف
عبد العاطى,عبدالعاطى
عبد العاطي,عبدالعاطي
عبد العافى,عبدالعافى
عبد العافي,عبدالعافي
عبد العال,عبدالعال
عبد الـعـال,عبدالعال
عبدالـعـال,عبدالعال
عبد العالم,عبدالعالم
عبد العالى,عبدالعالى
عبد العبود,عبدالعبود
عبد العدل,عبدالعدل
عبد العز,عبدالعز
عبد العزبز,عبدالعزبز
عبد العزىز,عبدالعزىز
عبد العزير,عبدالعزير
عبد العزيز,عبدالعزيز
عبد الـعزيز,عبدالعزيز
عبدالعــزيز,عبدالعزيز
عبدالـعزيز,عبدالعزيز
عبـد العـزيز,عبدالعزيز
عبـد الـعزيـز,عبدالعزيز
عبـدالعـزيز,عبدالعزيز
عبـدالـعزيـز,عبدالعزيز
عبد العزيزابراهيم,عبدالعزيز ابراهيم
عبدالعزيزابراهيم,عبدالعزيز ابراهيم
عبدالعزيزابوالخير,عبدالعزيز ابوالخير
عبدالعزيزابودنيا,عبدالعزيز ابودنيا
عبدالعزيزاسماعيل,عبدالعزيز اسماعيل
عبدالعزيزالبنا,عبدالعزيز البنا
عبد العزيزالحسينى,عبدالعزيز الحسينى
عبدالعزيزالحسينى,عبدالعزيز الحسينى
عبدالعزيزالديب,عبدالعزيز الديب
عبدالعزيزالسقا,عبدالعزيز السقا
عبدالعزيزالشافعى,عبدالعزيز الشافعى
عبدالعزيزالشريف,عبدالعزيز الشريف
عبد العزيزالشيخ,عبدالعزيز الشيخ
عبدالعزيزالشيخ,عبدالعزيز الشيخ
عبد العزيزالصادق,عبدالعزيز الصادق
عبدالعزيزالصادق,عبدالعزيز الصادق
عبدالعزيزالصباغ,عبدالعزيز الصباغ
عبدالعزيزالطنطاوى,عبدالعزيز الطنطاوى
عبدالعزيزالعبد,عبدالعزيز العبد
عبد العزيزالعزب,عبدالعزيز العزب
عبدالعزيزالعزب,عبدالعزيز العزب
عبد العزيزالعشرى,عبدالعزيز العشرى
عبدالعزيزالعشرى,عبدالعزيز العشرى
عبدالعزيزالعيسوى,عبدالعزيز العيسوى
عبد العزيزالمتولى,عبدالعزيز المتولى
عبدالعزيزالمتولى,عبدالعزيز المتولى
عبد العزيزالمرسى,عبدالعزيز المرسى
عبدالعزيزالمرسى,عبدالعزيز المرسى
عبدالعزيزالنجار,عبدالعزيز النجار
عبدالعزيزالوكيل,عبدالعزيز الوكيل
عبدالعزيزبحيرى,عبدالعزيز بحيرى
عبد العزيزحبيبة,عبدالعزيز حبيبة
عبدالعزيزحبيبة,عبدالعزيز حبيبة
عبدالعزيزحجازى,عبدالعزيز حجازى
عبدالعزيزحسانين,عبدالعزيز حسانين
عبدالعزيزحمادة,عبدالعزيز حمادة
عبد العزيزحمدان,عبدالعزيز حمدان
عبدالعزيزحمدان,عبدالعزيز حمدان
عبد العزيزخليفه,عبدالعزيز خليفه
عبدالعزيزخليفه,عبدالعزيز خليفه
عبدالعزيزدسوقي,عبدالعزيز دسوقي
عبدالعزيزرسلان,عبدالعزيز رسلان
عبدالعزيزرضوان,عبدالعزيز رضوان
عبدالعزيزرمضان,عبدالعزيز رمضان
عبدالعزيزسلامه,عبدالعزيز سلامه
عبدالعزيزسلطان,عبدالعزيز سلطان
عبدالعزيزسليمان,عبدالعزيز سليمان
عبد العزيزشاهين,عبدالعزيز شاهين
عبدالعزيزشاهين,عبدالعزيز شاهين
عبد العزيزشحاته,عبدالعزيز شحاته
عبدالعزيزشحاته,عبدالعزيز شحاته
عبدالعزيزشعبان,عبدالعزيز شعبان
عبد العزيزعاشور,عبدالعزيز عاشور
عبدالعزيزعاشور,عبدالعزيز عاشور
عبدالعزيزعبدالبارى,عبدالعزيز عبدالبارى
عبدالعزيزعبدالبر,عبدالعزيز عبدالبر
عبد العزيزعبدالحميد,عبدالعزيز عبدالحميد
عبدالعزيزعبدالحميد,عبدالعزيز عبدالحميد
عبدالعزيزعبدالرؤف,عبدالعزيز عبدالرؤف
عبدالعزيزعبدالرازق,عبدالعزيز عبدالرازق
عبدالعزيزعبدالسلام,عبدالعزيز عبدالسلام
عبدالعزيزعبدالصمد,عبدالعزيز عبدالصمد
عبد العزيزعبدالعال,عبدالعزيز عبدالعال
عبدالعزيزعبدالعال,عبدالعزيز عبدالعال
عبدالعزيزعبدالعزيز,عبدالعزيز عبدالعزيز
عبدالعزيزعبدالغني,عبدالعزيز عبدالغني
عبدالعزيزعبدالفتاح,عبدالعزيز عبدالفتاح
عبدالعزيزعبدالقادر,عبدالعزيز عبدالقادر
عبد العزيزعبداللطيف,عبدالعزيز عبداللطيف
عبدالعزيزعبداللطيف,عبدالعزيز عبداللطيف
عبدالعزيزعبدالمجيد,عبدالعزيز عبدالمجيد
عبد العزيزعثمان,عبدالعزيز عثمان
عبدالعزيزعثمان,عبدالعزيز عثمان
عبد العزيزعفيفى,عبدالعزيز عفيفى
عبدالعزيزعفيفى,عبدالعزيز عفيفى
عبدالعزيزعلوان,عبدالعزيز علوان
عبدالعزيزعليوه,عبدالعزيز عليوه
عبد العزيزعماره,عبدالعزيز عماره
عبدالعزيزعماره,عبدالعزيز عماره
عبد العزيزعمران,عبدالعزيز عمران
عبدالعزيزعمران,عبدالعزيز عمران
عبدالعزيزعويضه,عبدالعزيز عويضه
عبد العزيزعيسوى,عبدالعزيز عيسوى
عبدالعزيزعيسوى,عبدالعزيز عيسوى
عبدالعزيزفرحات,عبدالعزيز فرحات
عبدالعزيزقنديل,عبدالعزيز قنديل
عبدالعزيزلاشين,عبدالعزيز لاشين
عبد العزيزمبارك,عبدالعزيز مبارك
عبدالعزيزمبارك,عبدالعزيز مبارك
عبدالعزيزمبروك,عبدالعزيز مبروك
عبد العزيزمتولى,عبدالعزيز متولى
عبدالعزيزمتولى,عبدالعزيز متولى
عبد العزيزمجاهد,عبدالعزيز مجاهد
عبدالعزيزمجاهد,عبدالعزيز مجاهد
عبدالعزيزمحمود,عبدالعزيز محمود
عبدالعزيزمدبولى,عبدالعزيز مدبولى
عبدالعزيزمصطفى,عبدالعزيز مصطفى
عبد العزيزمنصور,عبدالعزيز منصور
عبدالعزيزمنصور,عبدالعزيز منصور
عبدالعزيزهنداوى,عبدالعزيز هنداوى
عبد العزيزأحمد,عبدالعزيزأحمد
عبد العزيزاباظه,عبدالعزيزاباظه
عبد العزيزابو,عبدالعزيزابو
عبد العزيزاحمد,عبدالعزيزاحمد
عبد العزيزالأبيارى,عبدالعزيزالأبيارى
عبد العزيزالاسود,عبدالعزيزالاسود
عبد العزيزالبربرى,عبدالعزيزالبربرى
عبد العزيزالجندي,عبدالعزيزالجندي
عبد العزيزالجيار,عبدالعزيزالجيار
عبد العزيزالحديدى,عبدالعزيزالحديدى
عبد العزيزالخميسى,عبدالعزيزالخميسى
عبدالعزيز الدين,عبدالعزيزالدين
عبد العزيزالرشيدى,عبدالعزيزالرشيدى
عبد العزيزالسيد,عبدالعزيزالسيد
عبد العزيزالشليقى,عبدالعزيزالشليقى
عبد العزيزالصفتى,عبدالعزيزالصفتى
عبد العزيزالطوخى,عبدالعزيزالطوخى
عبد العزيزالعبادي,عبدالعزيزالعبادي
عبد العزيزالعمراوى,عبدالعزيزالعمراوى
عبد العزيزالغنام,عبدالعزيزالغنام
عبد العزيزالقبلاوى,عبدالعزيزالقبلاوى
عبد العزيزالقرموطى,عبدالعزيزالقرموطى
عبد العزيزالقط,عبدالعزيزالقط
عبد العزيزالمغازى,عبدالعزيزالمغازى
عبد العزيزالمنير,عبدالعزيزالمنير
عبد العزيزالنجلاوي,عبدالعزيزالنجلاوي
عبد العزيزتعلب,عبدالعزيزتعلب
عبد العزيزجاب,عبدالعزيزجاب
عبدالعزيزجاب الله,عبدالعزيزجابالله
عبد العزيزحافظ,عبدالعزيزحافظ
عبد العزيزحسام الدين,عبدالعزيزحسامالدين
عبد العزيزحسن,عبدالعزيزحسن
عبد العزيزحسين,عبدالعزيزحسين
عبد العزيزحلوه,عبدالعزيزحلوه
عبد العزيزحماد,عبدالعزيزحماد
عبد العزيزخالد,عبدالعزيزخالد
عبد العزيزخضر,عبدالعزيزخضر
عبد العزيزخليل,عبدالعزيزخليل
عبد العزيزخير,عبدالعزيزخير
عبد العزيزرفاعي,عبدالعزيزرفاعي
عبد العزيززعفان,عبدالعزيززعفان
عبد العزيزسالم,عبدالعزيزسالم
عبد العزيزسراج الدين,عبدالعزيزسراجالدين
عبد العزيزسرور,عبدالعزيزسرور
عبد العزيزسعد,عبدالعزيزسعد
عبد العزيزسعيد,عبدالعزيزسعيد
عبد العزيزسلام,عبدالعزيزسلام
عبد العزيزسيد,عبدالعزيزسيد
عبدالعزيزسيداحمد,عبدالعزيزسيد احمد
عبد العزيزصافى,عبدالعزيزصافى
عبد العزيزطلبه,عبدالعزيزطلبه
عبد العزيزطه,عبدالعزيزطه
عبد العزيزعامر,عبدالعزيزعامر
عبدالعزيزعبد الغفار,عبدالعزيزعبدالغفار
عبدالعزيزعبد اللـه,عبدالعزيزعبدالله
عبدالعزيزعبد الله,عبدالعزيزعبدالله
عبدالعزيزعبداللـه,عبدالعزيزعبدالله
عبد العزيزعبده,عبدالعزيزعبده
عبد العزيزعرب,عبدالعزيزعرب
عبد العزيزعزيز,عبدالعزيزعزيز
عبد العزيزعطا,عبدالعزيزعطا
عبد العزيزعطية,عبدالعزيزعطية
عبد العزيزعطيه,عبدالعزيزعطيه
عبد العزيزعلام,عبدالعزيزعلام
عبد العزيزعلى,عبدالعزيزعلى
عبد العزيزعلي,عبدالعزيزعلي
عبد العزيزعوض,عبدالعزيزعوض
عبدالعزيزعوض الله,عبدالعزيزعوضالله
عبد العزيزعيد,عبدالعزيزعيد
عبد العزيزغازى,عبدالعزيزغازى
عبدالعزيزفتح الله,عبدالعزيزفتحالله
عبد العزيزقابيل,عبدالعزيزقابيل
عبد العزيزقرنى,عبدالعزيزقرنى
عبد العزيزقطب,عبدالعزيزقطب
عبد العزيزقوشه,عبدالعزيزقوشه
عبد العزيزمحرم,عبدالعزيزمحرم
عبد العزيزمحمد,عبدالعزيزمحمد
عبد العزيزمحيسن,عبدالعزيزمحيسن
عبد العزيزمدنى,عبدالعزيزمدنى
عبد العزيزمرسى,عبدالعزيزمرسى
عبد العزيزهديب,عبدالعزيزهديب
عبد العزيزيونس,عبدالعزيزيونس
عبد العصفورى,عبدالعصفورى
عبد العطى,عبدالعطى
عبد العطيم,عبدالعطيم
عبد العظبم,عبدالعظبم
عبد العظيم,عبدالعظيم
عبـدالعظـيم,عبدالعظيم
عبد العفو,عبدالعفو
عبد العقبى,عبدالعقبى
عبد العلى,عبدالعلى
عبد العلي,عبدالعلي
عبد العليم,عبدالعليم
عبد الـعليـم,عبدالعليم
عبدالعلـيم,عبدالعليم
عبدالـعليـم,عبدالعليم
عبـد العليـم,عبدالعليم
عبـدالعليـم,عبدالعليم
عبد العواد,عبدالعواد
عبد العواض,عبدالعواض
عبد العواضى,عبدالعواضى
عبد العيان,عبدالعيان
عبد الغالى,عبدالغالى
عبد الغالي,عبدالغالي
عبد الغريب,عبدالغريب
عبد الغفار,عبدالغفار
عبد الغفـار,عبدالغفار
عبد الـغـفـار,عبدالغفار
عبدالغـــفـــار,عبدالغفار
عبدالغفـار,عبدالغفار
عبدالـغـفـار,عبدالغفار
عبدالـغفار,عبدالغفار
عبـد الـغـفـار,عبدالغفار
عبـدالـغـفـار,عبدالغفار
عبدالغفارأحمد,عبدالغفار أحمد
عبدالغفارابراهيم,عبدالغفار ابراهيم
عبدالغفارابوالعنين,عبدالغفار ابوالعنين
عبدالغفاراحمد,عبدالغفار احمد
عبدالغفارالسيد,عبدالغفار السيد
عبدالغفارحسن,عبدالغفار حسن
عبدالغفارحسين,عبدالغفار حسين
عبدالغفارعبدالرحمن,عبدالغفار عبدالرحمن
عبد الغفارعبدالعال,عبدالغفار عبدالعال
عبدالغفارعبدالعال,عبدالغفار عبدالعال
عبدالغفارعبداللطيف,عبدالغفار عبداللطيف
عبد الغفارعبدالمطلب,عبدالغفار عبدالمطلب
عبدالغفارعبدالمطلب,عبدالغفار عبدالمطلب
عبدالغفارعثمان,عبدالغفار عثمان
عبد الغفارعلى,عبدالغفار على
عبدالغفارعلى,عبدالغفار على
عبد الغفارمحمد,عبدالغفار محمد
عبدالغفارمحمد,عبدالغفار محمد
عبدالغفارمحمود,عبدالغفار محمود
عبد الغفارالتحيوى,عبدالغفارالتحيوى
عبد الغفارالجوهرى,عبدالغفارالجوهرى
عبد الغفارالحسانين,عبدالغفارالحسانين
عبد الغفارالخولى,عبدالغفارالخولى
عبد الغفارالسعداوى,عبدالغفارالسعداوى
عبد الغفارالشناوى,عبدالغفارالشناوى
عبد الغفارالصعيدى,عبدالغفارالصعيدى
عبد الغفارالعبد,عبدالغفارالعبد
عبد الغفاربقشيش,عبدالغفاربقشيش
عبد الغفارشعبان,عبدالغفارشعبان
عبد الغفارعيسى,عبدالغفارعيسى
عبد الغفارغانم,عبدالغفارغانم
عبد الغفارفوده,عبدالغفارفوده
عبد الغفور,عبدالغفور
عبدالغفورعبدالسلام,عبدالغفور عبدالسلام
عبد الغقار,عبدالغقار
عبد الغندور,عبدالغندور
عبد الغنى,عبدالغنى
عبدالغنـى,عبدالغنى
عبـدالـغـنـى,عبدالغنى
عـبـد الغـنـى,عبدالغنى
عـبـدالغـنـى,عبدالغنى
عبد الغني,عبدالغني
عبد الفادر,عبدالفادر
عبد الفادى,عبدالفادى
عبد الفادي,عبدالفادي
عبد الفاروق,عبدالفاروق
عبد الفاضل,عبدالفاضل
عبد الفالح,عبدالفالح
عبد الفاهم,عبدالفاهم
عبد الفتاج,عبدالفتاج
عبد الفتاح,عبدالفتاح
عبد الفتـاح,عبدالفتاح
عبدالفتاح‏,عبدالفتاح
عبدالفتـاح,عبدالفتاح
عبـد الفتاح,عبدالفتاح
عبـدالـفتـاح,عبدالفتاح
عبـدالـفـتـاح,عبدالفتاح
عبـدالفتاح,عبدالفتاح
عبد الفتوح,عبدالفتوح
عبد الفراج,عبدالفراج
عبد الفرج,عبدالفرج
عبد الفريض,عبدالفريض
عبد الفصيح,عبدالفصيح
عبد الفضل,عبدالفضل
عبد الفضيل,عبدالفضيل
عبد الفناح,عبدالفناح
عبد الفهيم,عبدالفهيم
عبد الفياض,عبدالفياض
عبد القادر,عبدالقادر
عبدالقـادر,عبدالقادر
عبدالقادرأبوطالب,عبدالقادر أبوطالب
عبد القادرابراهيم,عبدالقادر ابراهيم
عبدالقادرابراهيم,عبدالقادر ابراهيم
عبدالقادرابوالعباس,عبدالقادر ابوالعباس
عبدالقادرابوالمجد,عبدالقادر ابوالمجد
عبدالقادرابوبسيونى,عبدالقادر ابوبسيونى
عبدالقادرالبنا,عبدالقادر البنا
عبدالقادرالجمال,عبدالقادر الجمال
عبدالقادرالدسوقى,عبدالقادر الدسوقى
عبدالقادرالشيخ,عبدالقادر الشيخ
عبدالقادرالليثى,عبدالقادر الليثى
عبد القادرالمهدى,عبدالقادر المهدى
عبدالقادرالمهدى,عبدالقادر المهدى
عبدالقادرحسانين,عبدالقادر حسانين
عبدالقادرخليفة,عبدالقادر خليفة
عبدالقادرسليمان,عبدالقادر سليمان
عبدالقادرشاهين,عبدالقادر شاهين
عبدالقادرشحاته,عبدالقادر شحاته
عبدالقادرشعبان,عبدالقادر شعبان
عبدالقادرعبدالحميد,عبدالقادر عبدالحميد
عبدالقادرعبدالعزيز,عبدالقادر عبدالعزيز
عبدالقادرعبدالقادر,عبدالقادر عبدالقادر
عبدالقادرعبدالمقصود,عبدالقادر عبدالمقصود
عبدالقادرعبدالموجود,عبدالقادر عبدالموجود
عبدالقادرعبدالوهاب,عبدالقادر عبدالوهاب
عبدالقادرعثمان,عبدالقادر عثمان
عبد القادرعفيفي,عبدالقادر عفيفي
عبدالقادرعفيفي,عبدالقادر عفيفي
عبدالقادرعلوان,عبدالقادر علوان
عبد القادرعماره,عبدالقادر عماره
عبدالقادرعماره,عبدالقادر عماره
عبدالقادرمحمود,عبدالقادر محمود
عبدالقادرمنصور,عبدالقادر منصور
عبد القادرابو,عبدالقادرابو
عبد القادرالدقونى,عبدالقادرالدقونى
عبد القادرالسيد,عبدالقادرالسيد
عبد القادرالعنتبلى,عبدالقادرالعنتبلى
عبد القادربريقع,عبدالقادربريقع
عبد القادرسكجها,عبدالقادرسكجها
عبد القادرشلبى,عبدالقادرشلبى
عبد القادرعباس,عبدالقادرعباس
عبد القادرعبد,عبدالقادرعبد
عبد القادرعطيه,عبدالقادرعطيه
عبد القادرعلى,عبدالقادرعلى
عبد القادرعلي,عبدالقادرعلي
عبد القادرعمر,عبدالقادرعمر
عبد القادرعناره,عبدالقادرعناره
عبد القادرعيد,عبدالقادرعيد
عبد القادرعيسى,عبدالقادرعيسى
عبد القادرقطب,عبدالقادرقطب
عبد القادرنصار,عبدالقادرنصار
عبد القاسم,عبدالقاسم
عبد القاصد,عبدالقاصد
عبد القاهر,عبدالقاهر
عبد القدوس,عبدالقدوس
عبد القدير,عبدالقدير
عبد القرنة,عبدالقرنة
عبد القرنه,عبدالقرنه
عبد القس,عبدالقس
عبد القصود,عبدالقصود
عبد القضب,عبدالقضب
عبد القطب,عبدالقطب
عبد القهار,عبدالقهار
عبد القـوى,عبدالقوى
عبد القوى,عبدالقوى
عبدالقـوى,عبدالقوى
عبد القوي,عبدالقوي
عبد القيوم,عبدالقيوم
عبد الكافئ,عبدالكافئ
عبد الكافى,عبدالكافى
عبد الكافي,عبدالكافي
عبد الكامل,عبدالكامل
عبد الكبير,عبدالكبير
عبد الكريم,عبدالكريم
عبد الكفيل,عبدالكفيل
عبد الكمال,عبدالكمال
عبد الل,عبدالل
عبد اللآه,عبداللآه
عبد اللا,عبداللا
عبد اللاة,عبداللاة
عبد اللاله,عبداللاله
عبد اللامام,عبداللامام
عبد الـلاه,عبداللاه
عبد اللاه,عبداللاه
عبدالـلاه,عبداللاه
عـبـداللاه,عبداللاه
عبد اللاهوت,عبداللاهوت
عبد اللاهى,عبداللاهى
عبد اللاهي,عبداللاهي
عبد اللاوى,عبداللاوى
عبد اللة,عبداللة
عبد اللطبف,عبداللطبف
عبد الـلطيف,عبداللطيف
عبد الـلـطيف,عبداللطيف
عبد اللطيف,عبداللطيف
عبدالـلطيف,عبداللطيف
عبدالـلـطيف,عبداللطيف
عبداللـطيف,عبداللطيف
عبـد الـلـطيـف,عبداللطيف
عبـد اللـطيف,عبداللطيف
عبـدالـلـطيـف,عبداللطيف
عبـداللـطيف,عبداللطيف
عبد الـلـه,عبدالله
عبد الـله,عبدالله
عبد اللــــــه,عبدالله
عبد اللـــه,عبدالله
عبد اللــه,عبدالله
عبد اللـه,عبدالله
عبد الله,عبدالله
عبد اللِه,عبدالله
عبد اللّه,عبدالله
عبد لله,عبدالله
عبدالـلـه,عبدالله
عبدالـله,عبدالله
عبداللـــــــه,عبدالله
عبداللــــــه,عبدالله
عبداللـــه,عبدالله
عبداللــه,عبدالله
عبداللـه,عبدالله
عبداللُه,عبدالله
عبداللِه,عبدالله
عبداللّه,عبدالله
عبـد الـلـه,عبدالله
عبـدالـلـه,عبدالله
عـبد الله,عبدالله
عـبدالله,عبدالله
عـبـدالـلـه,عبدالله
عبداللهالسيد,عبدالله السيد
عبدالله النور,عبداللهالنور
عبدالله علم الدين,عبداللهعلمالدين
عبد اللهى,عبداللهى
عبد الم,عبدالم
عبد المأمون,عبدالمأمون
عبد المؤمن,عبدالمؤمن
عبـد الـمـؤمـن,عبدالمؤمن
عبـدالـمـؤمـن,عبدالمؤمن
عبد المؤنس,عبدالمؤنس
عبد الماجد,عبدالماجد
عبد الـمـالـك,عبدالمالك
عبد المالك,عبدالمالك
عبدالـمـالـك,عبدالمالك
عبد المانع,عبدالمانع
عبد المبدئ,عبدالمبدئ
عبد المبدى,عبدالمبدى
عبد المبدىء,عبدالمبدىء
عبد المبدي,عبدالمبدي
عبد المبعود,عبدالمبعود
عبد المبين,عبدالمبين
عبد المتجلى,عبدالمتجلى
عبد المتجلي,عبدالمتجلي
عبد المتصل,عبدالمتصل
عبد المتعال,عبدالمتعال
عبد المتـعـال,عبدالمتعال
عبدالمتـعـال,عبدالمتعال
عبد المتعلى,عبدالمتعلى
عبد المتكبر,عبدالمتكبر
عبد المتولى,عبدالمتولى
عبد المتين,عبدالمتين
عبد المج,عبدالمج
عبد المجد,عبدالمجد
عبد المجدى,عبدالمجدى
عبد المجدي,عبدالمجدي
عبد المجلى,عبدالمجلى
عبد المجلي,عبدالمجلي
عبد المجهود,عبدالمجهود
عبد المجيب,عبدالمجيب
عبد الـمجيد,عبدالمجيد
عبد المجيد,عبدالمجيد
عبدالـمجيد,عبدالمجيد
عبدالمجيد_x000D_,عبدالمجيد
عبدالمجيـد,عبدالمجيد
عبـدالمجيد,عبدالمجيد
عـبـدالـمـجـيـد,عبدالمجيد
عبدالمجيدابراهيم,عبدالمجيد ابراهيم
عبدالمجيدابوعيشه,عبدالمجيد ابوعيشه
عبد المجيدالبيومى,عبدالمجيد البيومى
عبدالمجيدالبيومى,عبدالمجيد البيومى
عبدالمجيدالخولى,عبدالمجيد الخولى
عبدالمجيدالرفاعى,عبدالمجيد الرفاعى
عبدالمجيدالشيخ,عبدالمجيد الشيخ
عبدالمجيدالعطار,عبدالمجيد العطار
عبد المجيدالمرسى,عبدالمجيد المرسى
عبدالمجيدالمرسى,عبدالمجيد المرسى
عبد المجيدبركات,عبدالمجيد بركات
عبدالمجيدبركات,عبدالمجيد بركات
عبدالمجيدخليفه,عبدالمجيد خليفه
عبدالمجيدسليمان,عبدالمجيد سليمان
عبدالمجيدعبدالحميد,عبدالمجيد عبدالحميد
عبد المجيدعبدالحي,عبدالمجيد عبدالحي
عبدالمجيدعبدالحي,عبدالمجيد عبدالحي
عبدالمجيدعبدالعاطى,عبدالمجيد عبدالعاطى
عبد المجيدعبدالعزيز,عبدالمجيد عبدالعزيز
عبدالمجيدعبدالعزيز,عبدالمجيد عبدالعزيز
عبدالمجيدعبداللطيف,عبدالمجيد عبداللطيف
عبد المجيدعثمان,عبدالمجيد عثمان
عبدالمجيدعثمان,عبدالمجيد عثمان
عبدالمجيدعليوه,عبدالمجيد عليوه
عبدالمجيدمبارك,عبدالمجيد مبارك
عبد المجيدمبروك,عبدالمجيد مبروك
عبدالمجيدمبروك,عبدالمجيد مبروك
عبدالمجيدمحمود,عبدالمجيد محمود
عبد المجيدمصطفى,عبدالمجيد مصطفى
عبدالمجيدمصطفى,عبدالمجيد مصطفى
عبد المجيدالاشقر,عبدالمجيدالاشقر
عبد المجيدالكومى,عبدالمجيدالكومى
عبد المجيدخليل,عبدالمجيدخليل
عبد المجيدسعيد,عبدالمجيدسعيد
عبد المجيدعربيه,عبدالمجيدعربيه
عبد المجيدعطيه,عبدالمجيدعطيه
عبد المجيدعلام,عبدالمجيدعلام
عبد المجيدقناوي,عبدالمجيدقناوي
عبد المجيدمحمد,عبدالمجيدمحمد
عبد المجيدموافى,عبدالمجيدموافى
عبد المجيديونس,عبدالمجيديونس
عبد المحرز,عبدالمحرز
عبد المحسـن,عبدالمحسن
عبد المحسن,عبدالمحسن
عبدالـمحسن,عبدالمحسن
عبدالمحسـن,عبدالمحسن
عبد المحفظ,عبدالمحفظ
عبد المحفوظ,عبدالمحفوظ
عبد المحمود,عبدالمحمود
عبد المحى,عبدالمحى
عبد المحي,عبدالمحي
عبد المحيى,عبدالمحيى
عبد المحيي,عبدالمحيي
عبد المختار,عبدالمختار
عبد المختوم,عبدالمختوم
عبد المخلص,عبدالمخلص
عبد المخلف,عبدالمخلف
عبد المدبر,عبدالمدبر
عبد المرتجى,عبدالمرتجى
عبد المرتضى,عبدالمرتضى
عبد المرتضي,عبدالمرتضي
عبد المرشد,عبدالمرشد
عبد المرشدى,عبدالمرشدى
عبد المرضـى,عبدالمرضى
عبد المرضى,عبدالمرضى
عبدالمرضـى,عبدالمرضى
عبد المرضي,عبدالمرضي
عبد المريد,عبدالمريد
عبد المسامح,عبدالمسامح
عبد المستجاب,عبدالمستجاب
عبد المستقيم,عبدالمستقيم
عبد المسموع,عبدالمسموع
عبد المسيح,عبدالمسيح
عبد المشفى,عبدالمشفى
عبد المشفي,عبدالمشفي
عبد المصلح,عبدالمصلح
عبد المصور,عبدالمصور
عبد المطلب,عبدالمطلب
عبد المطلع,عبدالمطلع
عبد المطلوب,عبدالمطلوب
عبد المطيع,عبدالمطيع
عبد المعاطى,عبدالمعاطى
عبد المعبد,عبدالمعبد
عبد المعبود,عبدالمعبود
عبدالمعبودحسين,عبدالمعبود حسين
عبد المعبودمحمد,عبدالمعبود محمد
عبدالمعبودمحمد,عبدالمعبود محمد
عبد المعبودعبد,عبدالمعبودعبد
عبد المعتز,عبدالمعتز
عبد المعتصم,عبدالمعتصم
عبد المعتمد,عبدالمعتمد
عبد المعتمدمحمد,عبدالمعتمد محمد
عبدالمعتمدمحمد,عبدالمعتمد محمد
عبد المعروف,عبدالمعروف
عبد المعز,عبدالمعز
عبدالمعزابراهيم,عبدالمعز ابراهيم
عبد المعزالسيد,عبدالمعزالسيد
عبد المعطـى,عبدالمعطى
عبد المعطى,عبدالمعطى
عبدالمعطـى,عبدالمعطى
عبد المعطي,عبدالمعطي
عبد المعلي,عبدالمعلي
عبد المعوض,عبدالمعوض
عبد المعين,عبدالمعين
عبد المغنى,عبدالمغنى
عبد المغني,عبدالمغني
عبد المغيث,عبدالمغيث
عبد المغير,عبدالمغير
عبد المفدى,عبدالمفدى
عبد المفضل,عبدالمفضل
عبد المفيد,عبدالمفيد
عبد المقتدر,عبدالمقتدر
عبدالمقتدرصالح,عبدالمقتدر صالح
عبد المقص,عبدالمقص
عبد المقصود,عبدالمقصود
عبد المقصودابراهيم,عبدالمقصود ابراهيم
عبدالمقصودابراهيم,عبدالمقصود ابراهيم
عبدالمقصودابورواش,عبدالمقصود ابورواش
عبدالمقصودابوسريع,عبدالمقصود ابوسريع
عبد المقصوداحمد,عبدالمقصود احمد
عبدالمقصوداحمد,عبدالمقصود احمد
عبدالمقصودرمضان,عبدالمقصود رمضان
عبدالمقصودعبدالغنى,عبدالمقصود عبدالغنى
عبدالمقصودعبدالقادر,عبدالمقصود عبدالقادر
عبد المقصودعطية,عبدالمقصود عطية
عبدالمقصودعطية,عبدالمقصود عطية
عبد المقصودعطيه,عبدالمقصود عطيه
عبدالمقصودعطيه,عبدالمقصود عطيه
عبدالمقصودمحمد,عبدالمقصود محمد
عبدالمقصودمحمود,عبدالمقصود محمود
عبد المقصودالسيد,عبدالمقصودالسيد
عبد المقصودالشاعر,عبدالمقصودالشاعر
عبد المقصودالصعيدى,عبدالمقصودالصعيدى
عبد المقصودالعدل,عبدالمقصودالعدل
عبد المقصودجوهر,عبدالمقصودجوهر
عبد المقصودروميه,عبدالمقصودروميه
عبد المقصودسليما,عبدالمقصودسليما
عبدالمقصود علم الدين,عبدالمقصودعلمالدين
عبد المكارم,عبدالمكارم
عبد المكرم,عبدالمكرم
عبد الملاك,عبدالملاك
عبـدالـمـلاك,عبدالملاك
عبد الملك,عبدالملك
عبد المليك,عبدالمليك
عبد المناف,عبدالمناف
عبد المنان,عبدالمنان
عبد المنتصر,عبدالمنتصر
عبد المنتقم,عبدالمنتقم
عبد المنجد,عبدالمنجد
عبد المنجى,عبدالمنجى
عبـد الـمـنـجـى,عبدالمنجى
عبـدالـمـنـجـى,عبدالمنجى
عبد المنجي,عبدالمنجي
عبد المندوه,عبدالمندوه
عبد المنسى,عبدالمنسى
عبد المنصان,عبدالمنصان
عبد المنصر,عبدالمنصر
عبد المنصف,عبدالمنصف
عبد المنطلب,عبدالمنطلب
عبد المنعم,عبدالمنعم
عبدالمنـعم,عبدالمنعم
عبـد المنعـم,عبدالمنعم
عبـدالمنعـم,عبدالمنعم
عبد المهدى,عبدالمهدى
عبد المهدي,عبدالمهدي
عبد المهيمن,عبدالمهيمن
عبد الموالي,عبدالموالي
عبد الموجود,عبدالموجود
عبد الموجودابراهيم,عبدالموجود ابراهيم
عبدالموجودابراهيم,عبدالموجود ابراهيم
عبدالموجوداحمد,عبدالموجود احمد
عبد الموجودعبدالعاطى,عبدالموجود عبدالعاطى
عبدالموجودعبدالعاطى,عبدالموجود عبدالعاطى
عبد الموجودعبدالعال,عبدالموجود عبدالعال
عبدالموجودعبدالعال,عبدالموجود عبدالعال
عبدالموجودمحمد,عبدالموجود محمد
عبدالموجودمصطفى,عبدالموجود مصطفى
عبد الموجودعباس,عبدالموجودعباس
عبد المولا,عبدالمولا
عبد المولى,عبدالمولى
عبد المولي,عبدالمولي
عبد المومن,عبدالمومن
عبد الناجى,عبدالناجى
عبد الناجي,عبدالناجي
عبد النادى,عبدالنادى
عبد النادي,عبدالنادي
عبد الناصر,عبدالناصر
عبدالناصرابراهيم,عبدالناصر ابراهيم
عبدالناصراحمد,عبدالناصر احمد
عبدالناصرعبدالحكيم,عبدالناصر عبدالحكيم
عبدالناصرعثمان,عبدالناصر عثمان
عبد الناصرالجمل,عبدالناصرالجمل
عبد الناصرندا,عبدالناصرندا
عبد الناصف,عبدالناصف
عبد الناظر,عبدالناظر
عبد الناظور,عبدالناظور
عبد النافع,عبدالنافع
عبد النبوى,عبدالنبوى
عبد النبـــى,عبدالنبى
عبد النبـى,عبدالنبى
عبد النبى,عبدالنبى
عبدالنبـــى,عبدالنبى
عبدالنبـى,عبدالنبى
عبد النبي,عبدالنبي
عبد النجا,عبدالنجا
عبد النجاح,عبدالنجاح
عبد النجيرى,عبدالنجيرى
عبد الندير,عبدالندير
عبد النصر,عبدالنصر
عبد النصيح,عبدالنصيح
عبد النصير,عبدالنصير
عبد النظور,عبدالنظور
عبد النظير,عبدالنظير
عبد النعيم,عبدالنعيم
عبدالنعيـم,عبدالنعيم
عبد النور,عبدالنور
عبد النورسعيد,عبدالنور سعيد
عبدالنورسعيد,عبدالنور سعيد
عبد النورعطيه,عبدالنور عطيه
عبدالنورعطيه,عبدالنور عطيه
عبد النوراندراوس,عبدالنوراندراوس
عبد النورعياد,عبدالنورعياد
عبد النيل,عبدالنيل
عبد النيى,عبدالنيى
عبد الها,عبدالها
عبد الهادى,عبدالهادى
عبد الهـادى,عبدالهادى
عبدالهـادى,عبدالهادى
عبـد الهـادى,عبدالهادى
عبـدالهـادى,عبدالهادى
عبد الهادي,عبدالهادي
عبد الهارونى,عبدالهارونى
عبد الهاشم,عبدالهاشم
عبد الهاى,عبدالهاى
عبد الهيبه,عبدالهيبه
عبد الواجد,عبدالواجد
عبد الواحد,عبدالواحد
عبدالواحدعبدالحميد,عبدالواحد عبدالحميد
عبدالواحدعبدالعليم,عبدالواحد عبدالعليم
عبد الواحدعلي,عبدالواحدعلي
عبد الوادود,عبدالوادود
عبد الوارث,عبدالوارث
عبد الواسع,عبدالواسع
عبد الواصل,عبدالواصل
عبد الوالى,عبدالوالى
عبد الوالي,عبدالوالي
عبد الواهب,عبدالواهب
عبد الوجيد,عبدالوجيد
عبد الوجيه,عبدالوجيه
عبد الوحد,عبدالوحد
عبد الوحيد,عبدالوحيد
عبد الودود,عبدالودود
عبد الودودعبدالهادى,عبدالودودعبدالهادى
عبد الوراث,عبدالوراث
عبد الوسيع,عبدالوسيع
عبد الوصيف,عبدالوصيف
عبد الوفا,عبدالوفا
عبد الوفى,عبدالوفى
عبد الوكيل,عبدالوكيل
عبد الولى,عبدالولى
عبد الولي,عبدالولي
عبد الونيس,عبدالونيس
عبد الوهاب,عبدالوهاب
عبد الوهيب,عبدالوهيب
عبد الياس,عبدالياس
عبد امين,عبدامين
عبد باسليوس,عبدباسليوس
عبد بركات,عبدبركات
عبد برمو,عبدبرمو
عبد بطرس,عبدبطرس
عبد بولس,عبدبولس
عبد تاوضروس,عبدتاوضروس
عبد ثابت,عبدثابت
عبد جاد,عبدجاد
عبد جادالرب,عبدجادالرب
عبد جبر,عبدجبر
عبد حامد,عبدحامد
عبد حداد,عبدحداد
عبد حسن,عبدحسن
عبد حسنين,عبدحسنين
عبد حسين,عبدحسين
عبد حلاسه,عبدحلاسه
عبد حميدو,عبدحميدو
عبد حنا,عبدحنا
عبد خاميدوف,عبدخاميدوف
عبد خريس,عبدخريس
عبد خزيم,عبدخزيم
عبد خلف,عبدخلف
عبد خليفة,عبدخليفة
عبد خليل,عبدخليل
عبد داود,عبدداود
عبد ر,عبدر
عبد رب,عبدرب
عبدرب الرسول,عبدربالرسول
عبد رب النبى,عبدربالنبى
عبدرب النبى,عبدربالنبى
عبد رب النبي,عبدربالنبي
عبدرب النبي,عبدربالنبي
عبد ربة,عبدربة
عبد ربه,عبدربه
عبد ربو,عبدربو
عبد رزق,عبدرزق
عبد رضوان,عبدرضوان
عبد ره,عبدره
عبد روبى,عبدروبى
عبد روفائيل,عبدروفائيل
عبد زقيم,عبدزقيم
عبد زيد,عبدزيد
عبد سحيل,عبدسحيل
عبد سركيس,عبدسركيس
عبد سعد,عبدسعد
عبد سعيد,عبدسعيد
عبد سلطان,عبدسلطان
عبد سليم,عبدسليم
عبد سليمان,عبدسليمان
عبد سيدنا,عبدسيدنا
عبد سيده,عبدسيده
عبد شريقى,عبدشريقى
عبد صالح,عبدصالح
عبد صبحى,عبدصبحى
عبد ضيف,عبدضيف
عبد عادل,عبدعادل
عبد عازر,عبدعازر
عبد عبدالعال,عبدعبدالعال
عبد عبدالله,عبدعبدالله
عبد عثمان,عبدعثمان
عبد على,عبدعلى
عبد علي,عبدعلي
عبد عوض,عبدعوض
عبد عوينات,عبدعوينات
عبد عياد,عبدعياد
عبد عيد,عبدعيد
عبد غريب,عبدغريب
عبد غزال,عبدغزال
عبد غطاس,عبدغطاس
عبد فرج,عبدفرج
عبد فهيد,عبدفهيد
عبد قرشى,عبدقرشى
عبد قنيطه,عبدقنيطه
عبد كامل,عبدكامل
عبد كردى,عبدكردى
عبد لا,عبدلا
عبد لجليل,عبدلجليل
عبد لرازق,عبدلرازق
عبد لواحد,عبدلواحد
عبد لويس,عبدلويس
عبد مالك,عبدمالك
عبد محروس,عبدمحروس
عبد محسن,عبدمحسن
عبد محمد,عبدمحمد
عبد محمود,عبدمحمود
عبد مدره,عبدمدره
عبد مرزوق,عبدمرزوق
عبد مريم,عبدمريم
عبد مسعد,عبدمسعد
عبد مسلم,عبدمسلم
عبد مناع,عبدمناع
عبد مناف,عبدمناف
عبد منديله,عبدمنديله
عبد منير,عبدمنير
عبد مهنى,عبدمهنى
عبد موسى,عبدموسى
عبد نبيل,عبدنبيل
عبد نجيب,عبدنجيب
عبد نصرالله,عبدنصرالله
عبد نصيف,عبدنصيف
عبد ه,عبده
عبـده,عبده
عبــــده,عبده
عبده الحق,عبدهالحق
عبده السعيد,عبدهالسعيد
عبده السيد,عبدهالسيد
عبده ربه,عبدهربه
عبده زين الدين,عبدهزينالدين
عبده شرف الدين,عبدهشرفالدين
عبده على الدين,عبدهعلىالدين
عبد هلال,عبدهلال
عبده نور الدين,عبدهنورالدين
عبد ورشانه,عبدورشانه
عبد يعقوب,عبديعقوب
عبد يوسف,عبديوسف
عبد يونان,عبديونان
عبـيـد,عبيد
عبيـد,عبيد
عبيدحامد,عبيد حامد
عبيد الرحمن,عبيدالرحمن
عبيد الـله,عبيدالله
عبيد اللـه,عبيدالله
عبيد الله,عبيدالله
عبيدالـله,عبيدالله
عبيداللـه,عبيدالله
عبيــده,عبيده
عتـــمان,عتمان
عتيق الدين,عتيقالدين
عثمان_x000D_,عثمان
عثمــان,عثمان
عثمان علم الدين,عثمانعلمالدين
عدل الدين,عدلالدين
عدل الله,عدلالله
عد لى,عدلى
عدلى الدين,عدلىالدين
عـدنان,عدنان
عراقى الدين,عراقىالدين
عراقى نور الدين,عراقىنورالدين
عربـان,عربان
عرز الدين,عرزالدين
عرفـات,عرفات
عـرفـه,عرفه
عرفه شرف الدين,عرفهشرفالدين
عريبــى,عريبى
عــز,عز
عز الاسلام,عزالاسلام
عز الدولة,عزالدولة
عز الدوله,عزالدوله
عز الدين,عزالدين
عز الرجال,عزالرجال
عز السعيد,عزالسعيد
عز العرب,عزالعرب
عز الله,عزالله
عزب العرب,عزبالعرب
عزب علم الدين,عزبعلمالدين
عز ت,عزت
عزت عز الدين,عزتعزالدين
عزت علم الدين,عزتعلمالدين
عز عز الدين,عزعزالدين
عز على الدين,عزعلىالدين
عـزه,عزه
عزوزعلى,عزوز على
عزيزاحمد,عزيز احمد
عزيزعبدالملك,عزيز عبدالملك
عزيزمحمد,عزيز محمد
عزيزمحمود,عزيز محمود
عزيزيوسف,عزيز يوسف
عزيز الدين,عزيزالدين
عزيز عز الدين,عزيزعزالدين
عزيزعشم الله,عزيزعشمالله
عزيزعطا الله,عزيزعطاالله
عشما الله,عشماالله
عشم الله,عشمالله
عصـام,عصام
عصام الدين,عصامالدين
عصام عز الدين,عصامعزالدين
عصام علم الدين,عصامعلمالدين
عصمت الله,عصمتالله
عطـا,عطا
عطااحمد,عطا احمد
عطاعبداللطيف,عطا عبداللطيف
عطامحمد,عطا محمد
عطاء الدين,عطاءالدين
عطاء الله,عطاءالله
عطا الحق,عطاالحق
عطا الرب,عطاالرب
عطا الرحمن,عطاالرحمن
عطا السيد,عطاالسيد
عطا الكريم,عطاالكريم
عطا الـلـه,عطاالله
عطا الـله,عطاالله
عطا اللة,عطاالله
عطا اللـه,عطاالله
عطا الله,عطاالله
عطا للـه,عطاالله
عطا لله,عطاالله
عطا للّه,عطاالله
عطاالـلـه,عطاالله
عطاالـله,عطاالله
عطااللـه,عطاالله
عطااللّه,عطاالله
عطاللـه,عطاالله
عـطـا الله,عطاالله
عـطـاالله,عطاالله
عطا ربه,عطاربه
عطا على الدين,عطاعلىالدين
عطالـله,عطالله
عطاللّه,عطالله
عطايا الله,عطاياالله
عطاية الله,عطايةالله
عطايت الله,عطايتالله
عطايه الله,عطايهالله
عطف الله,عطفالله
عطه الله,عطهالله
عطى الله,عطىالله
عطيةالطنطاوى,عطية الطنطاوى
عطيةعبدالحميد,عطية عبدالحميد
عطيةعبدالقادر,عطية عبدالقادر
عطيةعلى,عطية على
عطية الله,عطيةالله
عطيةعبد الحليم,عطيةعبدالحليم
عطيةعبد النبي,عطيةعبدالنبي
عطيت الله,عطيتالله
عطيته الله,عطيتهالله
عطيطا الله,عطيطاالله
عطيط الله,عطيطالله
عطيـــه,عطيه
عطيه الرحمن,عطيهالرحمن
عطيه السيد,عطيهالسيد
عطيه الـله,عطيهالله
عطيه الله,عطيهالله
عطيهالـله,عطيهالله
عظيم النور,عظيمالنور
عفا الله,عفاالله
عـفـيـفـى,عفيفى
عفـيـفـى,عفيفى
عــــــــلا,علا
عـلا,علا
عـلاء,علاء
علا ء,علاء
علاءاحمد,علاء احمد
علاءمحمد,علاء محمد
علاء الدين,علاءالدين
علاء السعيد,علاءالسعيد
علاء السيد,علاءالسيد
علاء الله,علاءالله
علاء جمال الدين,علاءجمالالدين
علاء صلاح الدين,علاءصلاحالدين
علاء عابدين,علاءعابدين
علاء عز الدين,علاءعزالدين
علاء علم الدين,علاءعلمالدين
علاء كمال الدين,علاءكمالالدين
علا الله,علاالله
عــلام,علام
علام الدين,علامالدين
علم الدين,علمالدين
علم الهدى,علمالهدى
علّمة,علمة
علوم الدين,علومالدين
عـلـى,على
عـلى,على
علــــــــى,على
علــــى,على
علــى,على
علـى,على
على_x000D_,على
على‏,على
على الدين,علىالدين
على السعيد,علىالسعيد
على الله,علىالله
على باهى الدين,علىباهىالدين
على تاج الدين,علىتاجالدين
على جمال الدين,علىجمالالدين
على خير الدين,علىخيرالدين
على سعد الدين,علىسعدالدين
على عابدين,علىعابدين
على علم الدين,علىعلمالدين
على علي الدين,علىعليالدين
على محى الدين,علىمحىالدين
على نجم الدين,علىنجمالدين
على نور الدين,علىنورالدين
عليみ,علي
عليــاء,علياء
علي الدين,عليالدين
علي الله,عليالله
علي علم الدين,عليعلمالدين
عما د,عماد
عمـاد,عماد
عمادابراهيم,عماد ابراهيم
عمادحمدى,عماد حمدى
عمادسيد,عماد سيد
عمادمحمد,عماد محمد
عماد الدين,عمادالدين
عماد السعيد,عمادالسعيد
عماد السيد,عمادالسيد
عماد صلاح الدين,عمادصلاحالدين
عمادعبد الظاهر,عمادعبدالظاهر
عماد عز الدين,عمادعزالدين
عماد علي الدين,عمادعليالدين
عمـار,عمار
عمــــــــــار,عمار
عمارابوبكر,عمار ابوبكر
عمارجمال,عمار جمال
عمارحسن,عمار حسن
عمارعبدالدايم,عمار عبدالدايم
عمارعمران,عمار عمران
عمــــــــاره,عماره
عـمـر,عمر
عمـر,عمر
عمــر,عمر
عمـــر,عمر
عمــــــر,عمر
عمرابراهيم,عمر ابراهيم
عمرابوزيد,عمر ابوزيد
عمرابوسليمان,عمر ابوسليمان
عمراحمد,عمر احمد
عمراسماعيل,عمر اسماعيل
عمرالبدوى,عمر البدوى
عمرالدسوقى,عمر الدسوقى
عمرالشافعى,عمر الشافعى
عمرالشبراوى,عمر الشبراوى
عمرالشرقاوى,عمر الشرقاوى
عمرالشريف,عمر الشريف
عمرالشيخ,عمر الشيخ
عمرالنجار,عمر النجار
عمرالنحاس,عمر النحاس
عمرامبابى,عمر امبابى
عمرامين,عمر امين
عمربدير,عمر بدير
عمربركات,عمر بركات
عمربشير,عمر بشير
عمرجمال,عمر جمال
عمرحجازى,عمر حجازى
عمرحسانين,عمر حسانين
عمرحسن,عمر حسن
عمرحسنين,عمر حسنين
عمرحماده,عمر حماده
عمرخطاب,عمر خطاب
عمررزق,عمر رزق
عمررشوان,عمر رشوان
عمرسالم,عمر سالم
عمرسليمان,عمر سليمان
عمرشحاته,عمر شحاته
عمرصادق,عمر صادق
عمرعامر,عمر عامر
عمرعايد,عمر عايد
عمرعباس,عمر عباس
عمرعبدالبارى,عمر عبدالبارى
عمرعبدالسميع,عمر عبدالسميع
عمرعبدالعال,عمر عبدالعال
عمرعبدالفتاح,عمر عبدالفتاح
عمرعبدالقوى,عمر عبدالقوى
عمرعبدالكافى,عمر عبدالكافى
عمرعبدالوهاب,عمر عبدالوهاب
عمرعبيد,عمر عبيد
عمرعثمان,عمر عثمان
عمرعزام,عمر عزام
عمرعطيه,عمر عطيه
عمرعلى,عمر على
عمرعلي,عمر علي
عمرعليوه,عمر عليوه
عمرعماره,عمر عماره
عمرعمر,عمر عمر
عمرعيد,عمر عيد
عمرغازى,عمر غازى
عمرفاروق,عمر فاروق
عمرقناوى,عمر قناوى
عمرمحمد,عمر محمد
عمرمحمود,عمر محمود
عمرمختار,عمر مختار
عمرمرسي,عمر مرسي
عمرمنصور,عمر منصور
عمرندا,عمر ندا
عمرنصر,عمر نصر
عمرنور,عمر نور
عمرهاشم,عمر هاشم
عمرهمام,عمر همام
عمريوسف,عمر يوسف
عمر الدين,عمرالدين
عمرزين الدين,عمرزينالدين
عمر صلاح الدين,عمرصلاحالدين
عمر عابدين,عمرعابدين
عمرعبد الجواد,عمرعبدالجواد
عمرعبد الرحمن,عمرعبدالرحمن
عمركمال الدين,عمركمالالدين
عمر ناصر الدين,عمرناصرالدين
عمـرو,عمرو
عمرواحمد,عمرو احمد
عمرواسماعيل,عمرو اسماعيل
عمروالطاهر,عمرو الطاهر
عمروجابر,عمرو جابر
عمرومحمد,عمرو محمد
عمرو الدين,عمروالدين
عمروهب الله,عمروهبالله
عميد الدين,عميدالدين
عناية الله,عنايةالله
عنايه الله,عنايهالله
عنترسيد,عنتر سيد
عنترعبدالدايم,عنتر عبدالدايم
عنترعبدالمسيح,عنتر عبدالمسيح
عنترعطية,عنتر عطية
عنترفتحى,عنتر فتحى
عنترمحمد,عنتر محمد
عنترمحمود,عنتر محمود
عنترعز الدين,عنترعزالدين
عهد الدين,عهدالدين
عهد الله,عهدالله
عوادابراهيم,عواد ابراهيم
عوادمحمد,عواد محمد
عوادشرف الدين,عوادشرفالدين
عوتا الله,عوتاالله
عودة الله,عودةالله
عودت الله,عودتالله
عوده الله,عودهالله
عـــــوض,عوض
عو ض,عوض
عوض_x000D_,عوض
عوض الكريم,عوضالكريم
عوض الــله,عوضالله
عوض الـله,عوضالله
عوض اللة,عوضالله
عوض اللـه,عوضالله
عوض الله,عوضالله
عوض اللّه,عوضالله
عوضالــله,عوضالله
عوضالـله,عوضالله
عوضاللة,عوضالله
عوضاللـه,عوضالله
عوضاللّه,عوضالله
عــوضين,عوضين
عون الـله,عونالله
عون الله,عونالله
عونالـله,عونالله
عويس علم الدين,عويسعلمالدين
عيت الله,عيتالله
عــيـد,عيد
عـيـد,عيد
عيـد,عيد
عيدابراهيم,عيد ابراهيم
عيداحمد,عيد احمد
عيدصالح,عيد صالح
عيدعبدالرازق,عيد عبدالرازق
عيدعبدالرزاق,عيد عبدالرزاق
عيدعبدالسميع,عيد عبدالسميع
عيدعبداللا,عيد عبداللا
عيدعبدالمجيد,عيد عبدالمجيد
عيدعبدالمرضى,عيد عبدالمرضى
عيدعبدالمعطى,عيد عبدالمعطى
عيدعليان,عيد عليان
عيدعمرو,عيد عمرو
عيدمحمد,عيد محمد
عيدمحمود,عيد محمود
عيدمصطفي,عيد مصطفي
عيد الدين,عيدالدين
عيد الرحمن,عيدالرحمن
عيد السعيد,عيدالسعيد
عيد السيد,عيدالسيد
عيد الله,عيدالله
عيدزين الدين,عيدزينالدين
عيد صلاح الدين,عيدصلاحالدين
عيد محى الدين,عيدمحىالدين
عيسـوى,عيسوى
عيســى,عيسى
عيسـى,عيسى
عيســـــي,عيسي
غـازى,غازى
غايت الله,غايتالله
غبد الله,غبدالله
غبـريـال,غبريال
غــبــريـــال,غبريال
غرز الدين,غرزالدين
غرس الدين,غرسالدين
غر يب,غريب
غــزال,غزال
غـلاب,غلاب
غلام الله,غلامالله
غنيـم,غنيم
غنيم الله,غنيمالله
غـنـيـــه,غنيه
غياث الدين,غياثالدين
غيث الله,غيثالله
فؤ اد,فؤاد
فؤاداحمد,فؤاد احمد
فؤادحامد,فؤاد حامد
فؤادرجب,فؤاد رجب
فؤادعبدالحميد,فؤاد عبدالحميد
فؤادعبدالرازق,فؤاد عبدالرازق
فؤادعبدالقادر,فؤاد عبدالقادر
فؤادعثمان,فؤاد عثمان
فؤادعلى,فؤاد على
فؤادعلي,فؤاد علي
فؤادمحمد,فؤاد محمد
فؤادمحمود,فؤاد محمود
فؤادمصطفي,فؤاد مصطفي
فؤاد الدين,فؤادالدين
فؤاد شرف الدين,فؤادشرفالدين
فؤادشمس الدين,فؤادشمسالدين
فادى الدين,فادىالدين
فارس الدين,فارسالدين
فاروز الدين,فاروزالدين
فاروق.,فاروق
فاروق سعد الدين,فاروقسعدالدين
فاروق علم الدين,فاروقعلمالدين
فاروق نور الدين,فاروقنورالدين
فاز الله,فازالله
فاطمة الزهراء,فاطمةالزهراء
فـاوى,فاوى
فـايــد,فايد
فايزامين,فايز امين
فايزحسن,فايز حسن
فايزعطيه,فايز عطيه
فايزعمر,فايز عمر
فايزمحمد,فايز محمد
فايز السعيد,فايزالسعيد
فايز الله,فايزالله
فايزتيم الله,فايزتيمالله
فايزفرج الله,فايزفرجالله
فايق علي الدين,فايقعليالدين
فتحا لله,فتحاالله
فتحالله,فتحاالله
فتح الباب,فتحالباب
فتح الدين,فتحالدين
فتح الرحمن,فتحالرحمن
فتح الكريم,فتحالكريم
فتح الـلـه,فتحالله
فتح الـله,فتحالله
فتح اللة,فتحالله
فتح اللــــــه,فتحالله
فتح اللـه,فتحالله
فتح الله,فتحالله
فتحالـلـه,فتحالله
فتحالـله,فتحالله
فتحاللة,فتحالله
فتحاللــــــه,فتحالله
فتحاللـه,فتحالله
فتحــى,فتحى
فتـحى,فتحى
فتحى الدين,فتحىالدين
فتحى الرحمن,فتحىالرحمن
فتحى سراج الدين,فتحىسراجالدين
فتحى شمس الدين,فتحىشمسالدين
فتحى عابدين,فتحىعابدين
فتحى عز الدين,فتحىعزالدين
فتحى علم الدين,فتحىعلمالدين
فتحى نور الدين,فتحىنورالدين
فتحي الدين,فتحيالدين
فتحي علي الدين,فتحيعليالدين
فج النور,فجالنور
فجر الاسلام,فجرالاسلام
فخر الاسلام,فخرالاسلام
فخر الدين,فخرالدين
فخر السيد,فخرالسيد
فخرى الدين,فخرىالدين
فخري نور الدين,فخرينورالدين
فداء الدين,فداءالدين
فداء الله,فداءالله
فر اج,فراج
فـراج,فراج
فر ج,فرج
فـرج,فرج
فرجا الله,فرجاالله
فرج الدين,فرجالدين
فرج الـله,فرجالله
فرج اللة,فرجالله
فرج اللـه,فرجالله
فرج الله,فرجالله
فرجالـله,فرجالله
فرجاللة,فرجالله
فرجاللـه,فرجالله
فرج عابدين,فرجعابدين
فرج على الدين,فرجعلىالدين
فرج علي الدين,فرجعليالدين
فرج نور الدين,فرجنورالدين
فـرحـه,فرحه
فرغلـى,فرغلى
فرغـلي,فرغلي
فـريال,فريال
فريداحمد,فريد احمد
فريدجلال,فريد جلال
فريدحسن,فريد حسن
فريدعلى,فريد على
فريدمحمد,فريد محمد
فريد زين الدين,فريدزينالدين
فريد سعد الدين,فريدسعدالدين
فريدعبد الهادى,فريدعبدالهادى
فريـده,فريده
فضل الدين,فضلالدين
فضل السيد,فضلالسيد
فضل الكريم,فضلالكريم
فضل الـلـه,فضلالله
فضل الـله,فضلالله
فضل اللة,فضلالله
فضل اللـه,فضلالله
فضل الله,فضلالله
فضلالـلـه,فضلالله
فضلالـله,فضلالله
فضلاللة,فضلالله
فضلاللـه,فضلالله
فضل المولى,فضلالمولى
فضل المولي,فضلالمولي
فضل النور,فضلالنور
فضل لله,فضللله
فطره الله,فطرهالله
فندي السيد,فنديالسيد
فهد الدين,فهدالدين
فهم الله,فهمالله
فـهمى,فهمى
فهمى على الدين,فهمىعلىالدين
فهيم تاج الدين,فهيمتاجالدين
فوز الدين,فوزالدين
فوز الله,فوزالله
فـوزى,فوزى
فوز ى,فوزى
فوزى الدين,فوزىالدين
فوزى عابدين,فوزىعابدين
فوزى كمال الدين,فوزىكمالالدين
فيز الله,فيزالله
فيض الرحمن,فيضالرحمن
فيض الكريم,فيضالكريم
فيض الله,فيضالله
فيظ الـله,فيظالله
فيظ الله,فيظالله
فيظالـله,فيظالله
فيلــــوبــاتير,فيلوباتير
فيلـوبـاتيـر,فيلوباتير
قا ئد,قائد
قاسم الله,قاسمالله
قبيصـى,قبيصى
قدوس الله,قدوسالله
قـرنى,قرنى
قره عين,قرهعين
قريب الله,قريبالله
قسم الله,قسمالله
قشير‏,قشير
قصد الله,قصدالله
قصر الله,قصرالله
قضاء الله,قضاءالله
قطـب,قطب
قـطـب,قطب
قطب الدين,قطبالدين
قطب سعد الدين,قطبسعدالدين
قطب علم الدين,قطبعلمالدين
قــلادة,قلادة
قمر_x000D_,قمر
قمر الدولة,قمرالدولة
قمر الدوله,قمرالدوله
قمر الدين,قمرالدين
قنا وى,قناوى
قنا وي,قناوي
قنــاوي,قناوي
قـــنــبــر,قنبر
قنديــل,قنديل
قنديل شمس الدين,قنديلشمسالدين
كا مل,كامل
كامل الدين,كاملالدين
كامل اى الدين,كاملاىالدين
كامل زين الدين,كاملزينالدين
كامل كرم الدين,كاملكرمالدين
كتبى علم الدين,كتبىعلمالدين
كرامة الله,كرامةالله
كربم الدين,كربمالدين
كر م,كرم
كرم الدين,كرمالدين
كرم اللة,كرمالله
كرم الله,كرمالله
كرماللة,كرمالله
كريم الدين,كريمالدين
كريم الله,كريمالله
كريـمـه,كريمه
كفافــــى,كفافى
كما ل,كمال
كمال‏,كمال
كَمال,كمال
كما ل الدين,كمالالدين
كمال الدين,كمالالدين
كمال تاج الدين,كمالتاجالدين
كمال ساعى الدين,كمالساعىالدين
كميل الدين,كميلالدين
كنـزى,كنزى
كيـاد,كياد
لـــــــؤى,لؤى
لؤى الدين,لؤىالدين
لؤي الدين,لؤيالدين
لاشــيـن,لاشين
لاشـيـن,لاشين
لاشيـن,لاشين
لطف الله,لطفالله
لطفى الله,لطفىالله
لطفي نور الدين,لطفينورالدين
لقاء الله,لقاءالله
لواء الدين,لواءالدين
لوجـى,لوجى
لوجيـن,لوجين
لوقــا,لوقا
لى لى,لىلى
لي لى,ليلى
لي لي,ليلي
مأمن بالله,مأمنبالله
مؤمن بالله,مؤمنبالله
مؤيد الدين,مؤيدالدين
مؤيد بالله,مؤيدبالله
مئـاب,مئاب
ماَب,ماب
ماّب,ماب
ماجدعبدالحميد,ماجد عبدالحميد
ما ركو,ماركو
مـارلا,مارلا
ماريـنـا,مارينا
مـازن,مازن
ماشاء الله,ماشاءالله
ماضـى,ماضى
ما مون,مامون
ماهرحامد,ماهر حامد
ماهرحسن,ماهر حسن
ماهرحسين,ماهر حسين
ماهرسعد,ماهر سعد
ماهرعبدالباقى,ماهر عبدالباقى
ماهرعبدالجليل,ماهر عبدالجليل
ماهرعبدالعزيز,ماهر عبدالعزيز
ماهرعبدالفتاح,ماهر عبدالفتاح
ماهرعبدالمجيد,ماهر عبدالمجيد
ماهرعلى,ماهر على
ماهرمحمد,ماهر محمد
مايـا,مايا
مبا رك,مبارك
متقى الله,متقىالله
متولـى,متولى
متولى على الدين,متولىعلىالدين
مجاهدأحمد,مجاهد أحمد
مجاهدابورزق,مجاهد ابورزق
مجاهداحمد,مجاهد احمد
مجاهدعلى,مجاهد على
مجاهدمحمد,مجاهد محمد
مجاهد نور الدين,مجاهدنورالدين
مجد الإسلام,مجدالإسلام
مجد الاسلام,مجدالاسلام
مجد الدين,مجدالدين
مجد العرب,مجدالعرب
مجد الله,مجدالله
مجدى الدين,مجدىالدين
مجدى محى الدين,مجدىمحىالدين
مجدي الدين,مجديالدين
مجيب الرحمن,مجيبالرحمن
مجيب الله,مجيبالله
محب الدين,محبالدين
محب الله,محبالله
محبة الله,محبةالله
محبه الله,محبهالله
محـجـوب,محجوب
محر وس,محروس
محروس آى الدين,محروسآىالدين
محسن على الدين,محسنعلىالدين
محسوب الدين,محسوبالدين
محسوب النبى,محسوبالنبى
محسوب النبي,محسوبالنبي
محفوظ الدين,محفوظالدين
محـــمد,محمد
محـمـد,محمد
محمد_x000D_,محمد
محمـد,محمد
محمــد,محمد
محمـــد,محمد
محمــــد,محمد
محمـــــد,محمد
مـحـمـد,محمد
مـحمـد,محمد
محمدأبوالعزم,محمد أبوالعزم
محمدأبوالعنين,محمد أبوالعنين
محمدأبوالليل,محمد أبوالليل
محمدأبوزيد,محمد أبوزيد
محمدأبوسيدأحمد,محمد أبوسيدأحمد
محمدأبوصقر,محمد أبوصقر
محمدأبونار,محمد أبونار
محمدأحمد,محمد أحمد
محمدأمام,محمد أمام
محمدأمين,محمد أمين
محمدأنور,محمد أنور
محمدإبراهيم,محمد إبراهيم
محمدابراهيم,محمد ابراهيم
محمدابوالحاج,محمد ابوالحاج
محمدابوالحسن,محمد ابوالحسن
محمدابوالخير,محمد ابوالخير
محمدابوالدهب,محمد ابوالدهب
محمدابوالسعود,محمد ابوالسعود
محمدابوالعزم,محمد ابوالعزم
محمدابوالعلا,محمد ابوالعلا
محمدابوالعمايم,محمد ابوالعمايم
محمدابوالعيش,محمد ابوالعيش
محمدابوالعينين,محمد ابوالعينين
محمدابوالفتح,محمد ابوالفتح
محمدابوالفتوح,محمد ابوالفتوح
محمدابوالمرسى,محمد ابوالمرسى
محمدابوالمعاطى,محمد ابوالمعاطى
محمدابوالمكارم,محمد ابوالمكارم
محمدابوالوفا,محمد ابوالوفا
محمدابواليزيد,محمد ابواليزيد
محمدابوبكر,محمد ابوبكر
محمدابوجودة,محمد ابوجودة
محمدابوحامد,محمد ابوحامد
محمدابوحسن,محمد ابوحسن
محمدابوحطب,محمد ابوحطب
محمدابوحليمة,محمد ابوحليمة
محمدابوحليمه,محمد ابوحليمه
محمدابوخليل,محمد ابوخليل
محمدابوداغر,محمد ابوداغر
محمدابوزيد,محمد ابوزيد
محمدابوسته,محمد ابوسته
محمدابوسريع,محمد ابوسريع
محمدابوسعدة,محمد ابوسعدة
محمدابوسقاية,محمد ابوسقاية
محمدابوسنه,محمد ابوسنه
محمدابوشادى,محمد ابوشادى
محمدابوشاهين,محمد ابوشاهين
محمدابوشبك,محمد ابوشبك
محمدابوشعله,محمد ابوشعله
محمدابوشعيشع,محمد ابوشعيشع
محمدابوشقه,محمد ابوشقه
محمدابوشنب,محمد ابوشنب
محمدابوضلع,محمد ابوضلع
محمدابوضيف,محمد ابوضيف
محمدابوطيبه,محمد ابوطيبه
محمدابوعبده,محمد ابوعبده
محمدابوعرب,محمد ابوعرب
محمدابوعلي,محمد ابوعلي
محمدابوعماره,محمد ابوعماره
محمدابوعمر,محمد ابوعمر
محمدابوعميرة,محمد ابوعميرة
محمدابوعيانه,محمد ابوعيانه
محمدابوعيشه,محمد ابوعيشه
محمدابوغنيم,محمد ابوغنيم
محمدابوقصعه,محمد ابوقصعه
محمدابومعبد,محمد ابومعبد
محمدابونار,محمد ابونار
محمدابونازل,محمد ابونازل
محمدابوهيف,محمد ابوهيف
محمدابويوسف,محمد ابويوسف
محمداحمد,محمد احمد
محمدادريس,محمد ادريس
محمدادم,محمد ادم
محمداسامه,محمد اسامه
محمداسعد,محمد اسعد
محمداسلام,محمد اسلام
محمداسماعيل,محمد اسماعيل
محمداشرف,محمد اشرف
محمدالامام,محمد الامام
محمدالامير,محمد الامير
محمدالباز,محمد الباز
محمدالبدرى,محمد البدرى
محمدالبدوى,محمد البدوى
محمدالبسيونى,محمد البسيونى
محمدالبنا,محمد البنا
محمدالبيومى,محمد البيومى
محمدالتهامى,محمد التهامى
محمدالجزار,محمد الجزار
محمدالجمال,محمد الجمال
محمدالجمل,محمد الجمل
محمدالجندى,محمد الجندى
محمدالجوهرى,محمد الجوهرى
محمدالحداد,محمد الحداد
محمدالحسن,محمد الحسن
محمدالحسين,محمد الحسين
محمدالحسينى,محمد الحسينى
محمدالحنفى,محمد الحنفى
محمدالخولى,محمد الخولى
محمدالدسوقى,محمد الدسوقى
محمدالدسوقي,محمد الدسوقي
محمدالدمرداش,محمد الدمرداش
محمدالديب,محمد الديب
محمدالرفاعى,محمد الرفاعى
محمدالسباعى,محمد السباعى
محمدالسعدنى,محمد السعدنى
محمدالسقا,محمد السقا
محمدالسمان,محمد السمان
محمدالشاذلى,محمد الشاذلى
محمدالشاعر,محمد الشاعر
محمدالشافعى,محمد الشافعى
محمدالشامى,محمد الشامى
محمدالشبراوى,محمد الشبراوى
محمدالشحات,محمد الشحات
محمدالشربينى,محمد الشربينى
محمدالشرقاوى,محمد الشرقاوى
محمدالشريف,محمد الشريف
محمدالشناوى,محمد الشناوى
محمدالشيخ,محمد الشيخ
محمدالصادق,محمد الصادق
محمدالصاوى,محمد الصاوى
محمدالصباغ,محمد الصباغ
محمدالصعيدى,محمد الصعيدى
محمدالصياد,محمد الصياد
محمدالطاهر,محمد الطاهر
محمدالطنطاوى,محمد الطنطاوى
محمدالطيب,محمد الطيب
محمدالعدل,محمد العدل
محمدالعدوى,محمد العدوى
محمدالعربى,محمد العربى
محمدالعزب,محمد العزب
محمدالعشرى,محمد العشرى
محمدالعطار,محمد العطار
محمدالعوضى,محمد العوضى
محمدالعيسوى,محمد العيسوى
محمدالغريب,محمد الغريب
محمدالفقى,محمد الفقى
محمدالقاضى,محمد القاضى
محمدالليثى,محمد الليثى
محمدالمتولى,محمد المتولى
محمدالمرسى,محمد المرسى
محمدالمصرى,محمد المصرى
محمدالمهدى,محمد المهدى
محمدالنادى,محمد النادى
محمدالنجار,محمد النجار
محمدالوكيل,محمد الوكيل
محمدامام,محمد امام
محمدامبابى,محمد امبابى
محمدامين,محمد امين
محمدانس,محمد انس
محمدانور,محمد انور
محمدايمن,محمد ايمن
محمدبحيرى,محمد بحيرى
محمدبخيت,محمد بخيت
محمدبدر,محمد بدر
محمدبدران,محمد بدران
محمدبدرى,محمد بدرى
محمدبدوى,محمد بدوى
محمدبدير,محمد بدير
محمدبركات,محمد بركات
محمدبسيونى,محمد بسيونى
محمدبسيوني,محمد بسيوني
محمدبشرى,محمد بشرى
محمدبشير,محمد بشير
محمدبكر,محمد بكر
محمدبكرى,محمد بكرى
محمدبهجت,محمد بهجت
محمدبيومى,محمد بيومى
محمدتوفيق,محمد توفيق
محمدتونى,محمد تونى
محمدثابت,محمد ثابت
محمدثروت,محمد ثروت
محمدجابر,محمد جابر
محمدجاد,محمد جاد
محمدجبر,محمد جبر
محمدجبريل,محمد جبريل
محمدجلال,محمد جلال
محمدجمال,محمد جمال
محمدجمعة,محمد جمعة
محمدجمعه,محمد جمعه
محمدجميل,محمد جميل
محمدجوهر,محمد جوهر
محمدحازم,محمد حازم
محمدحافظ,محمد حافظ
محمدحامد,محمد حامد
محمدحبيب,محمد حبيب
محمدحجاج,محمد حجاج
محمدحجازى,محمد حجازى
محمدحسام,محمد حسام
محمدحسان,محمد حسان
محمدحسانين,محمد حسانين
محمدحسن,محمد حسن
محمدحسنى,محمد حسنى
محمدحسنين,محمد حسنين
محمدحسين,محمد حسين
محمدحسينى,محمد حسينى
محمدحشمت,محمد حشمت
محمدحفنى,محمد حفنى
محمدحلمى,محمد حلمى
محمدحلمي,محمد حلمي
محمدحماد,محمد حماد
محمدحمادة,محمد حمادة
محمدحماده,محمد حماده
محمدحمد,محمد حمد
محمدحمدان,محمد حمدان
محمدحمدى,محمد حمدى
محمدحمدي,محمد حمدي
محمدحمزه,محمد حمزه
محمدحموده,محمد حموده
محمدحميده,محمد حميده
محمدخاطر,محمد خاطر
محمدخالد,محمد خالد
محمدخضر,محمد خضر
محمدخطاب,محمد خطاب
محمدخلاف,محمد خلاف
محمدخلف,محمد خلف
محمدخليفة,محمد خليفة
محمدخليفه,محمد خليفه
محمدخليل,محمد خليل
محمدخميس,محمد خميس
محمدخيرى,محمد خيرى
محمدداود,محمد داود
محمددرويش,محمد درويش
محمددسوقى,محمد دسوقى
محمددياب,محمد دياب
محمدرأفت,محمد رأفت
محمدراشد,محمد راشد
محمدراضى,محمد راضى
محمدراغب,محمد راغب
محمدربيع,محمد ربيع
محمدرجب,محمد رجب
محمدرحمه,محمد رحمه
محمدرزق,محمد رزق
محمدرسلان,محمد رسلان
محمدرشاد,محمد رشاد
محمدرشدى,محمد رشدى
محمدرشوان,محمد رشوان
محمدرضا,محمد رضا
محمدرضوان,محمد رضوان
محمدرفاعى,محمد رفاعى
محمدرفعت,محمد رفعت
محمدرفيق,محمد رفيق
محمدرمضان,محمد رمضان
محمدرياض,محمد رياض
محمدزاهر,محمد زاهر
محمدزايد,محمد زايد
محمدزكريا,محمد زكريا
محمدزكى,محمد زكى
محمدزكي,محمد زكي
محمدزهران,محمد زهران
محمدزيد,محمد زيد
محمدزيدان,محمد زيدان
محمدزين,محمد زين
محمدزينهم,محمد زينهم
محمدسالم,محمد سالم
محمدسالمان,محمد سالمان
محمدسامح,محمد سامح
محمدسامى,محمد سامى
محمدسامي,محمد سامي
محمدسرحان,محمد سرحان
محمدسرور,محمد سرور
محمدسعد,محمد سعد
محمدسعيد,محمد سعيد
محمدسلام,محمد سلام
محمدسلامة,محمد سلامة
محمدسلامه,محمد سلامه
محمدسليم,محمد سليم
محمدسليمان,محمد سليمان
محمدسمير,محمد سمير
محمدسويلم,محمد سويلم
محمدسيد,محمد سيد
محمدسيداحمد,محمد سيداحمد
محمدسيف,محمد سيف
محمدشادى,محمد شادى
محمدشاكر,محمد شاكر
محمدشاهين,محمد شاهين
محمدشبل,محمد شبل
محمدشحاتة,محمد شحاتة
محمدشحاته,محمد شحاته
محمدشرف,محمد شرف
محمدشريف,محمد شريف
محمدشعبان,محمد شعبان
محمدشعيب,محمد شعيب
محمدشفيق,محمد شفيق
محمدشلبى,محمد شلبى
محمدشهاب,محمد شهاب
محمدشوقى,محمد شوقى
محمدشوقي,محمد شوقي
محمدصابر,محمد صابر
محمدصادق,محمد صادق
محمدصالح,محمد صالح
محمدصبحى,محمد صبحى
محمدصبحي,محمد صبحي
محمدصبره,محمد صبره
محمدصبرى,محمد صبرى
محمدصبري,محمد صبري
محمدصدقى,محمد صدقى
محمدصديق,محمد صديق
محمدصفوت,محمد صفوت
محمدصقر,محمد صقر
محمدصلاح,محمد صلاح
محمدصيام,محمد صيام
محمدضياء,محمد ضياء
محمدضيف,محمد ضيف
محمدطارق,محمد طارق
محمدطاهر,محمد طاهر
محمدطلب,محمد طلب
محمدطلبه,محمد طلبه
محمدطلعت,محمد طلعت
محمدطنطاوى,محمد طنطاوى
محمدعادل,محمد عادل
محمدعاشور,محمد عاشور
محمدعاصم,محمد عاصم
محمدعاطف,محمد عاطف
محمدعامر,محمد عامر
محمدعايد,محمد عايد
محمدعباس,محمد عباس
محمدعبدالبارى,محمد عبدالبارى
محمدعبدالباعث,محمد عبدالباعث
محمدعبدالباقى,محمد عبدالباقى
محمدعبدالجليل,محمد عبدالجليل
محمدعبدالجيد,محمد عبدالجيد
محمدعبدالحافظ,محمد عبدالحافظ
محمدعبدالحفيظ,محمد عبدالحفيظ
محمدعبدالحكيم,محمد عبدالحكيم
محمدعبدالحميد,محمد عبدالحميد
محمدعبدالحى,محمد عبدالحى
محمدعبدالخالق,محمد عبدالخالق
محمدعبدالدايم,محمد عبدالدايم
محمدعبدالرؤف,محمد عبدالرؤف
محمدعبدالرازق,محمد عبدالرازق
محمدعبدالرحيم,محمد عبدالرحيم
محمدعبدالسلام,محمد عبدالسلام
محمدعبدالسميع,محمد عبدالسميع
محمدعبدالصادق,محمد عبدالصادق
محمدعبدالصبور,محمد عبدالصبور
محمدعبدالصمد,محمد عبدالصمد
محمدعبدالعاطى,محمد عبدالعاطى
محمدعبدالعاطي,محمد عبدالعاطي
محمدعبدالعال,محمد عبدالعال
محمدعبدالعزيز,محمد عبدالعزيز
محمدعبدالعظيم,محمد عبدالعظيم
محمدعبدالعليم,محمد عبدالعليم
محمدعبدالغفور,محمد عبدالغفور
محمدعبدالغنى,محمد عبدالغنى
محمدعبدالفتاح,محمد عبدالفتاح
محمدعبدالقادر,محمد عبدالقادر
محمدعبدالقدوس,محمد عبدالقدوس
محمدعبدالقوى,محمد عبدالقوى
محمدعبداللا,محمد عبداللا
محمدعبداللاه,محمد عبداللاه
محمدعبداللطيف,محمد عبداللطيف
محمدعبدالمجيد,محمد عبدالمجيد
محمدعبدالمطلب,محمد عبدالمطلب
محمدعبدالمعز,محمد عبدالمعز
محمدعبدالمعطى,محمد عبدالمعطى
محمدعبدالمعطي,محمد عبدالمعطي
محمدعبدالمغنى,محمد عبدالمغنى
محمدعبدالمقصود,محمد عبدالمقصود
محمدعبدالملك,محمد عبدالملك
محمدعبدالمنعم,محمد عبدالمنعم
محمدعبدالموجود,محمد عبدالموجود
محمدعبدالنعيم,محمد عبدالنعيم
محمدعبدالواحد,محمد عبدالواحد
محمدعبدالوهاب,محمد عبدالوهاب
محمدعبده,محمد عبده
محمدعبود,محمد عبود
محمدعبيد,محمد عبيد
محمدعثمان,محمد عثمان
محمدعدلى,محمد عدلى
محمدعرفه,محمد عرفه
محمدعزام,محمد عزام
محمدعزب,محمد عزب
محمدعزت,محمد عزت
محمدعزوز,محمد عزوز
محمدعزيز,محمد عزيز
محمدعشرى,محمد عشرى
محمدعصام,محمد عصام
محمدعطا,محمد عطا
محمدعطوه,محمد عطوه
محمدعطية,محمد عطية
محمدعطيه,محمد عطيه
محمدعفيفى,محمد عفيفى
محمدعفيفي,محمد عفيفي
محمدعقل,محمد عقل
محمدعكاشه,محمد عكاشه
محمدعلام,محمد علام
محمدعلوان,محمد علوان
محمدعلـى,محمد على
محمدعلى,محمد على
محمدعلي,محمد علي
محمدعليان,محمد عليان
محمدعليوه,محمد عليوه
محمدعماد,محمد عماد
محمدعمار,محمد عمار
محمدعماره,محمد عماره
محمدعمر,محمد عمر
محمدعمران,محمد عمران
محمدعمرو,محمد عمرو
محمدعنتر,محمد عنتر
محمدعواد,محمد عواد
محمدعوده,محمد عوده
محمدعوض,محمد عوض
محمدعويس,محمد عويس
محمدعياد,محمد عياد
محمدعيد,محمد عيد
محمدعيسوى,محمد عيسوى
محمدعيسى,محمد عيسى
محمدغازى,محمد غازى
محمدغالى,محمد غالى
محمدغانم,محمد غانم
محمدغريب,محمد غريب
محمدغنيم,محمد غنيم
محمدفؤاد,محمد فؤاد
محمدفاروق,محمد فاروق
محمدفايز,محمد فايز
محمدفتحى,محمد فتحى
محمدفتحي,محمد فتحي
محمدفراج,محمد فراج
محمدفرج,محمد فرج
محمدفرحات,محمد فرحات
محمدفرحان,محمد فرحان
محمدفرغلى,محمد فرغلى
محمدفريد,محمد فريد
محمدفكرى,محمد فكرى
محمدفهمى,محمد فهمى
محمدفهيم,محمد فهيم
محمدفوده,محمد فوده
محمدفوزى,محمد فوزى
محمدفوزي,محمد فوزي
محمدفيصل,محمد فيصل
محمدقاسم,محمد قاسم
محمدقطب,محمد قطب
محمدقنديل,محمد قنديل
محمدكامل,محمد كامل
محمدكرم,محمد كرم
محمدكريم,محمد كريم
محمدكمال,محمد كمال
محمدكيلانى,محمد كيلانى
محمدلاشين,محمد لاشين
محمدلبيب,محمد لبيب
محمدلطفى,محمد لطفى
محمدمأمون,محمد مأمون
محمدمؤمن,محمد مؤمن
محمدماجد,محمد ماجد
محمدماضى,محمد ماضى
محمدمالك,محمد مالك
محمدماهر,محمد ماهر
محمدمبارك,محمد مبارك
محمدمبروك,محمد مبروك
محمدمتولى,محمد متولى
محمدمتولي,محمد متولي
محمدمجاهد,محمد مجاهد
محمدمحرم,محمد محرم
محمدمحروس,محمد محروس
محمدمحسن,محمد محسن
محمدمحفوظ,محمد محفوظ
محمدمحمد,محمد محمد
محمدمحمدين,محمد محمدين
محمد-محمود,محمد محمود
محمدمحمود,محمد محمود
محمدمختار,محمد مختار
محمدمخلوف,محمد مخلوف
محمدمخيمر,محمد مخيمر
محمدمراد,محمد مراد
محمدمرجان,محمد مرجان
محمدمرزوق,محمد مرزوق
محمدمرسى,محمد مرسى
محمدمرسي,محمد مرسي
محمدمرعى,محمد مرعى
محمدمسعود,محمد مسعود
محمدمسلم,محمد مسلم
محمدمصطفى,محمد مصطفى
محمدمصطفي,محمد مصطفي
محمدمطر,محمد مطر
محمدمعروف,محمد معروف
محمدمعوض,محمد معوض
محمدمفتاح,محمد مفتاح
محمدمكرم,محمد مكرم
محمدممدوح,محمد ممدوح
محمدمنتصر,محمد منتصر
محمدمنصور,محمد منصور
محمدمنير,محمد منير
محمدمهاب,محمد مهاب
محمدمهدى,محمد مهدى
محمدمهران,محمد مهران
محمدمهنى,محمد مهنى
محمدموسى,محمد موسى
محمدموسي,محمد موسي
محمدناجى,محمد ناجى
محمدنادى,محمد نادى
محمدنادي,محمد نادي
محمدناصر,محمد ناصر
محمدناصف,محمد ناصف
محمدنبيل,محمد نبيل
محمدنبيه,محمد نبيه
محمدنجم,محمد نجم
محمدنجيب,محمد نجيب
محمدندا,محمد ندا
محمدنشأت,محمد نشأت
محمدنصار,محمد نصار
محمدنصر,محمد نصر
محمدنصير,محمد نصير
محمدنعمان,محمد نعمان
محمدنعيم,محمد نعيم
محمدنور,محمد نور
محمدنوفل,محمد نوفل
محمدهاشم,محمد هاشم
محمدهانى,محمد هانى
محمدهريدى,محمد هريدى
محمدهشام,محمد هشام
محمدهلال,محمد هلال
محمدهمام,محمد همام
محمدهنداوى,محمد هنداوى
محمدهيكل,محمد هيكل
محمدوائل,محمد وائل
محمدوجيه,محمد وجيه
محمدوحيد,محمد وحيد
محمدولاء,محمد ولاء
محمدوهبه,محمد وهبه
محمدوهيب,محمد وهيب
محمدياسر,محمد ياسر
محمدياسين,محمد ياسين
محمديحى,محمد يحى
محمديحيى,محمد يحيى
محمديحيي,محمد يحيي
محمديسرى,محمد يسرى
محمديسري,محمد يسري
محمديسن,محمد يسن
محمديعقوب,محمد يعقوب
محمديوسف,محمد يوسف
محمديونس,محمد يونس
محمد أى الدين,محمدأىالدين
محمد السعيد,محمدالسعيد
محمد السيد,محمدالسيد
محمدالسيدعلي,محمدالسيد علي
محمد الصغير,محمدالصغير
محمد لله,محمدالله
محمدلله,محمدالله
محمد النور,محمدالنور
محمد الهادى,محمدالهادى
محمد اى الدين,محمداىالدين
محمد بدر الدين,محمدبدرالدين
محمد بهى الدين,محمدبهىالدين
محمدبهى الدين,محمدبهىالدين
محمد تاج الدين,محمدتاجالدين
محمدتاج الدين,محمدتاجالدين
محمدجاب الله,محمدجابالله
محمدجاد الله,محمدجادالله
محمدجاداللـه,محمدجادالله
محمد جلال الدين,محمدجلالالدين
محمدجلال الدين,محمدجلالالدين
محمد جمال الدين,محمدجمالالدين
محمدجمال الدين,محمدجمالالدين
محمد حسام الدين,محمدحسامالدين
محمدحسام الدين,محمدحسامالدين
محمدخلف الله,محمدخلفالله
محمد خير الدين,محمدخيرالدين
محمد زكى الدين,محمدزكىالدين
محمدزكي الدين,محمدزكيالدين
محمد زين الدين,محمدزينالدين
محمدزين الدين,محمدزينالدين
محمد سعد الدين,محمدسعدالدين
محمدسعد الدين,محمدسعدالدين
محمد شرف الدين,محمدشرفالدين
محمد شمس الدين,محمدشمسالدين
محمدشمس الدين,محمدشمسالدين
محمد شهاب الدين,محمدشهابالدين
محمدصفى الدين,محمدصفىالدين
محمد صلاح الدين,محمدصلاحالدين
محمدصلاح الدين,محمدصلاحالدين
محمد ضياء الدين,محمدضياءالدين
محمدضياء الدين,محمدضياءالدين
محمد عابدين,محمدعابدين
محمدعبد الجواد,محمدعبدالجواد
محمدعبدالجوادشريف,محمدعبدالجواد شريف
محمدعبد الحليم,محمدعبدالحليم
محمدعبد الرحمن,محمدعبدالرحمن
محمدعبد الرسول,محمدعبدالرسول
محمدعبد الغفار,محمدعبدالغفار
محمدعبد الكريم,محمدعبدالكريم
محمدعبد الله,محمدعبدالله
محمدعبد المولى,محمدعبدالمولى
محمدعبد الناصر,محمدعبدالناصر
محمدعبد النبى,محمدعبدالنبى
محمدعبد النبي,محمدعبدالنبي
محمدعبد الهادى,محمدعبدالهادى
محمدعبد ربه,محمدعبدربه
محمد عز الدين,محمدعزالدين
محمدعز الدين,محمدعزالدين
محمد عصام الدين,محمدعصامالدين
محمدعطا الله,محمدعطاالله
محمد علاء الدين,محمدعلاءالدين
محمد علم الدين,محمدعلمالدين
محمد على الدين,محمدعلىالدين
محمد علي الدين,محمدعليالدين
محمدعلي الدين,محمدعليالدين
محمد عماد الدين,محمدعمادالدين
محمدعماد الدين,محمدعمادالدين
محمدعوض الله,محمدعوضالله
محمدفتح الله,محمدفتحالله
محمد فخر الدين,محمدفخرالدين
محمدفرج الله,محمدفرجالله
محمدفضل الله,محمدفضلالله
محمد كريم الدين,محمدكريمالدين
محمد كمال الدين,محمدكمالالدين
محمدكمال الدين,محمدكمالالدين
محمد محى الدين,محمدمحىالدين
محمدمحى الدين,محمدمحىالدين
محمدمحي الدين,محمدمحيالدين
محمد نجم الدين,محمدنجمالدين
محمد نصر الدين,محمدنصرالدين
محمدنصر الدين,محمدنصرالدين
محمد نور الدين,محمدنورالدين
محمدوفاء الدين,محمدوفاءالدين
محمد ولى الدين,محمدولىالدين
محمدين خير الدين,محمدينخيرالدين
محمـــود,محمود
محمــود,محمود
محمـود,محمود
مـحـمـود,محمود
مـحمـود,محمود
محمودأبوالعزم,محمود أبوالعزم
محمودأبوالعلا,محمود أبوالعلا
محمودأبوالمجد,محمود أبوالمجد
محمودأبوحجر,محمود أبوحجر
محمودأحمد,محمود أحمد
محمودابراهيم,محمود ابراهيم
محمودابوالخير,محمود ابوالخير
محمودابوالعلا,محمود ابوالعلا
محمودابوالفتوح,محمود ابوالفتوح
محمودابوبكر,محمود ابوبكر
محمودابوسعيد,محمود ابوسعيد
محمودابوشنب,محمود ابوشنب
محمودابوشوشة,محمود ابوشوشة
محمودابونعمه,محمود ابونعمه
محموداحمد,محمود احمد
محموداسماعيل,محمود اسماعيل
محمودالباز,محمود الباز
محمودالتهامى,محمود التهامى
محمودالجمل,محمود الجمل
محمودالحسينى,محمود الحسينى
محمودالدسوقى,محمود الدسوقى
محمودالديب,محمود الديب
محمودالسباعى,محمود السباعى
محمودالسمان,محمود السمان
محمودالشامى,محمود الشامى
محمودالشحات,محمود الشحات
محمودالشريف,محمود الشريف
محمودالششتاوى,محمود الششتاوى
محمودالشيخ,محمود الشيخ
محمودالصاوى,محمود الصاوى
محمودالصعيدى,محمود الصعيدى
محمودالصياد,محمود الصياد
محمودالعبد,محمود العبد
محمودالفقى,محمود الفقى
محمودالليثى,محمود الليثى
محمودالمتولى,محمود المتولى
محمودالمصرى,محمود المصرى
محمودالنجار,محمود النجار
محمودامام,محمود امام
محمودامين,محمود امين
محمودبدر,محمود بدر
محمودبدوى,محمود بدوى
محمودبدير,محمود بدير
محمودبركات,محمود بركات
محمودبسيونى,محمود بسيونى
محمودبكرى,محمود بكرى
محمودبيومى,محمود بيومى
محمودتوفيق,محمود توفيق
محمودجابر,محمود جابر
محمودجاد,محمود جاد
محمودجعفر,محمود جعفر
محمودجمعه,محمود جمعه
محمودحافظ,محمود حافظ
محمودحجازى,محمود حجازى
محمودحجازي,محمود حجازي
محمودحسان,محمود حسان
محمودحسانين,محمود حسانين
محمودحسن,محمود حسن
محمودحسنين,محمود حسنين
محمودحسين,محمود حسين
محمودحفنى,محمود حفنى
محمودحماد,محمود حماد
محمودحمد,محمود حمد
محمودحمدان,محمود حمدان
محمودحمدى,محمود حمدى
محمودحموده,محمود حموده
محمودحنفى,محمود حنفى
محمودخضر,محمود خضر
محمودخطاب,محمود خطاب
محمودخليفه,محمود خليفه
محمودخليل,محمود خليل
محمودخميس,محمود خميس
محمودخيرى,محمود خيرى
محموددرويش,محمود درويش
محمودراشد,محمود راشد
محمودرسلان,محمود رسلان
محمودرضوان,محمود رضوان
محمودزكى,محمود زكى
محمودسالم,محمود سالم
محمودسعد,محمود سعد
محمودسلامه,محمود سلامه
محمودسليم,محمود سليم
محمودسليمان,محمود سليمان
محمودسيد,محمود سيد
محمودشاكر,محمود شاكر
محمودشعبان,محمود شعبان
محمودشلبى,محمود شلبى
محمودشوقى,محمود شوقى
محمودصابر,محمود صابر
محمودصالح,محمود صالح
محمودصفوت,محمود صفوت
محمودصقر,محمود صقر
محمودصيام,محمود صيام
محمودطلب,محمود طلب
محمودطلبه,محمود طلبه
محمودعادل,محمود عادل
محمودعاشور,محمود عاشور
محمودعامر,محمود عامر
محمودعباس,محمود عباس
محمودعبدالجليل,محمود عبدالجليل
محمودعبدالحافظ,محمود عبدالحافظ
محمودعبدالحميد,محمود عبدالحميد
محمودعبدالحى,محمود عبدالحى
محمودعبدالدايم,محمود عبدالدايم
محمودعبدالرازق,محمود عبدالرازق
محمودعبدالسلام,محمود عبدالسلام
محمودعبدالعاطى,محمود عبدالعاطى
محمودعبدالعال,محمود عبدالعال
محمودعبدالعزيز,محمود عبدالعزيز
محمودعبدالعليم,محمود عبدالعليم
محمودعبدالفتاح,محمود عبدالفتاح
محمودعبدالقادر,محمود عبدالقادر
محمودعبداللطيف,محمود عبداللطيف
محمودعبدالمجيد,محمود عبدالمجيد
محمودعبدالمطلب,محمود عبدالمطلب
محمودعبدالمقصود,محمود عبدالمقصود
محمودعبدالواحد,محمود عبدالواحد
محمودعبده,محمود عبده
محمودعبيد,محمود عبيد
محمودعثمان,محمود عثمان
محمودعزام,محمود عزام
محمودعزت,محمود عزت
محمودعطا,محمود عطا
محمودعطوه,محمود عطوه
محمودعطية,محمود عطية
محمودعطيه,محمود عطيه
محمودعفيفى,محمود عفيفى
محمودعكاشه,محمود عكاشه
محمودعلى,محمود على
محمودعلي,محمود علي
محمودعليوه,محمود عليوه
محمودعمر,محمود عمر
محمودعمران,محمود عمران
محمودعوض,محمود عوض
محمودعياد,محمود عياد
محمودعيد,محمود عيد
محمودعيسى,محمود عيسى
محمودعيسي,محمود عيسي
محمودغالى,محمود غالى
محمودغانم,محمود غانم
محمودغريب,محمود غريب
محمودغنيم,محمود غنيم
محمودفؤاد,محمود فؤاد
محمودفتحى,محمود فتحى
محمودفخرى,محمود فخرى
محمودفرج,محمود فرج
محمودفهمى,محمود فهمى
محمودقاسم,محمود قاسم
محمودقناوى,محمود قناوى
محمودكامل,محمود كامل
محمودكمال,محمود كمال
محمودمبارك,محمود مبارك
محمودمتولى,محمود متولى
محمودمتولي,محمود متولي
محمودمحجوب,محمود محجوب
محمودمحمد,محمود محمد
محمودمحمود,محمود محمود
محمودمرسى,محمود مرسى
محمودمسعود,محمود مسعود
محمودمصطفى,محمود مصطفى
محمودمفتاح,محمود مفتاح
محمودمهدى,محمود مهدى
محمودموسى,محمود موسى
محمودموسي,محمود موسي
محمودنصار,محمود نصار
محمودنصر,محمود نصر
محمودهاشم,محمود هاشم
محمودهانى,محمود هانى
محمودهمام,محمود همام
محمودهيكل,محمود هيكل
محموديوسف,محمود يوسف
محموديونس,محمود يونس
محمود الدين,محمودالدين
محمودالسيدمحمد,محمودالسيد محمد
محمود تاج الدين,محمودتاجالدين
محمودحسب الله,محمودحسبالله
محمودشمس الدين,محمودشمسالدين
محمود شهاب الدين,محمودشهابالدين
محمودعبد الجواد,محمودعبدالجواد
محمودعبد الرحمن,محمودعبدالرحمن
محمودعبد الكريم,محمودعبدالكريم
محمودعبد الهادى,محمودعبدالهادى
محمودعز الدين,محمودعزالدين
محمودعطا الله,محمودعطاالله
محمود علم الدين,محمودعلمالدين
محمود على الدين,محمودعلىالدين
محمود علي الدين,محمودعليالدين
محمودفتح الله,محمودفتحالله
محمود نور الدين,محمودنورالدين
محمود ولى الدين,محمودولىالدين
محى الدين,محىالدين
محى الـدين,محىالدين
محىالـدين,محىالدين
محي الدين,محيالدين
محي السيد,محيالسيد
محيسـن,محيسن
محيى الدين,محيىالدين
محيى السيد,محيىالسيد
محيي الدين,محييالدين
مختارابراهيم,مختار ابراهيم
مختارابوالعزم,مختار ابوالعزم
مختارابوحسن,مختار ابوحسن
مختارابوصقر,مختار ابوصقر
مختارابوعامر,مختار ابوعامر
مختاراحمد,مختار احمد
مختارحسن,مختار حسن
مختاررمضان,مختار رمضان
مختارعلى,مختار على
مختارمحمد,مختار محمد
مختارمحمود,مختار محمود
مختارعبد الهادى,مختارعبدالهادى
مخيمرمحمد,مخيمر محمد
مخيمرعبد الهادى,مخيمرعبدالهادى
مدبولـى,مدبولى
مدنـى,مدنى
مرادعبدالمنعم,مراد عبدالمنعم
مرادعلى,مراد على
مرادمحمد,مراد محمد
مرادمحمود,مراد محمود
مراد الدين,مرادالدين
مـرزوق,مرزوق
مـــرزوق,مرزوق
مرسـى,مرسى
مـرســـى,مرسى
مرسى بدر الدين,مرسىبدرالدين
مرســي,مرسي
مـرسي,مرسي
مرشد عز الدين,مرشدعزالدين
مرغنـى,مرغنى
مر قس,مرقس
مـروان,مروان
مـروه,مروه
مريـم,مريم
مـريـم,مريم
مـريم,مريم
مزايـــا,مزايا
مسد اري,مسداري
مسعدابراهيم,مسعد ابراهيم
مسعدعلى,مسعد على
مسعدمحمد,مسعد محمد
مسعـود,مسعود
مسعودعطيه,مسعود عطيه
مسعودمحمد,مسعود محمد
مسعودمحمود,مسعود محمود
مسعود نور الدين,مسعودنورالدين
مسلوب عابدين,مسلوبعابدين
مشاء الله,مشاءالله
مـشرقـى,مشرقى
مصباح الدين,مصباحالدين
مصباح جمال الدين,مصباحجمالالدين
مصطفـى,مصطفى
مصطفى‏,مصطفى
مصـطفى,مصطفى
مـصطفـى,مصطفى
مـصـطـفـى,مصطفى
مصطفى الدين,مصطفىالدين
مصطفى تاج الدين,مصطفىتاجالدين
مصطفى شرف الدين,مصطفىشرفالدين
مصطفى عز الدين,مصطفىعزالدين
مصطفى علم الدين,مصطفىعلمالدين
مصطفى على الدين,مصطفىعلىالدين
مصطفى كامل الدين,مصطفىكاملالدين
مصطفى نور الدين,مصطفىنورالدين
مـصطفي,مصطفي
مصطفي زين الدين,مصطفيزينالدين
مصلح الدين,مصلحالدين
مصلح تاج الدين,مصلحتاجالدين
مصـيلحى,مصيلحى
مطا وع,مطاوع
مطيع الدين,مطيعالدين
مطيع الله,مطيعالله
مظفر الدين,مظفرالدين
مظهـر,مظهر
مظهــر,مظهر
معاذ بالله,معاذبالله
معتـز,معتز
معـتـز,معتز
معتزعبدالغنى,معتز عبدالغنى
معتز باللـه,معتزبالله
معتز بالله,معتزبالله
معتزباللـه,معتزبالله
معتصم الله,معتصمالله
معتصم بالله,معتصمبالله
معتمد الله,معتمدالله
مـــعدول,معدول
معز الدين,معزالدين
معز بالله,معزبالله
معـوض,معوض
مـعوض,معوض
معين الدين,معينالدين
مفتاح الدين,مفتاحالدين
مفتاح عابدين,مفتاحعابدين
مفتى الدين,مفتىالدين
مقصود الله,مقصودالله
مكاء الدين,مكاءالدين
مكايـلا,مكايلا
مـكـرم,مكرم
مكرم اللـه,مكرمالله
مكرم الله,مكرمالله
مكرماللـه,مكرمالله
مكسيـمـوس,مكسيموس
مكين الدين,مكينالدين
ملاك الدين,ملاكالدين
مـلك,ملك
ملــــك,ملك
ملـك,ملك
ملك الدين,ملكالدين
ملك الرحمن,ملكالرحمن
ملك الله,ملكالله
ملك جمال الدين,ملكجمالالدين
ملكه الله,ملكهالله
ممد وح,ممدوح
ممـدوح,ممدوح
منار الدين,منارالدين
من الله,منالله
منetteالله,منالله
منة الرحمن,منةالرحمن
منة الـلـه,منةالله
منة الـله,منةالله
منة اللة,منةالله
منة اللـه,منةالله
منة الله,منةالله
منة اللّه,منةالله
منةالـلـه,منةالله
منةالـله,منةالله
منةاللـه,منةالله
منةاللّه,منةالله
منـة الله,منةالله
منـةالله,منةالله
منة تاج الدين,منةتاجالدين
منت الله,منتالله
منتصرابراهيم,منتصر ابراهيم
منتصرابوريه,منتصر ابوريه
منتصرعبدالحميد,منتصر عبدالحميد
منتصرعثمان,منتصر عثمان
منتصر بالله,منتصربالله
منتصرباللـه,منتصربالله
منذ ر,منذر
منســــــى,منسى
مـنـصـور,منصور
مـنـصور,منصور
منصورابراهيم,منصور ابراهيم
منصوراحمد,منصور احمد
منصورحامد,منصور حامد
منصورحسن,منصور حسن
منصورسعد,منصور سعد
منصورسيد,منصور سيد
منصورعبدالرازق,منصور عبدالرازق
منصورعبدالعال,منصور عبدالعال
منصورعبداللطيف,منصور عبداللطيف
منصورعبدالمجيد,منصور عبدالمجيد
منصورعبدالوهاب,منصور عبدالوهاب
منصورعطيه,منصور عطيه
منصورعلى,منصور على
منصورعلي,منصور علي
منصورعمر,منصور عمر
منصورعمران,منصور عمران
منصوركريم,منصور كريم
منصورمحمد,منصور محمد
منصورمحمود,منصور محمود
منصوريوسف,منصور يوسف
منصورفتح الله,منصورفتحالله
مـنـه,منه
منـه,منه
منه الرحمن,منهالرحمن
منـه الله,منهالله
منـهالله,منهالله
منه الـلـه,منهالله
منه الـله,منهالله
منه اللة,منهالله
منه اللـه,منهالله
منه الله,منهالله
منه اللّه,منهالله
منهالـلـه,منهالله
منهالـله,منهالله
منهاللة,منهالله
منهاللـه,منهالله
منهاللّه,منهالله
منـى,منى
منيـر,منير
منيراحمد,منير احمد
منيرحمدى,منير حمدى
منيررمضان,منير رمضان
منيرعبدالحميد,منير عبدالحميد
منيرعبدالمجيد,منير عبدالمجيد
منيرعلى,منير على
منيرمحمد,منير محمد
منيرمحمود,منير محمود
مهاب الدين,مهابالدين
مهاب الله,مهابالله
مهتدى بالله,مهتدىبالله
مهد الاسلام,مهدالاسلام
مهدى بالله,مهدىبالله
مهر الله,مهرالله
مهر ان,مهران
مهنا‏,مهنا
مـهنـى,مهنى
مهـنـى,مهنى
مهنـى,مهنى
مهيـتاب,مهيتاب
موافى‏,موافى
موحد بالله,موحدبالله
مـوسى,موسى
مو سى,موسى
موسـى,موسى
موسى‏,موسى
موسى اى الدين,موسىاىالدين
موسى على الدين,موسىعلىالدين
موســي,موسي
موفق الدين,موفقالدين
مـــــــى,مى
مــى,مى
مـى,مى
مىّ,مى
ميخائيــــل,ميخائيل
مـيرنـا,ميرنا
ميـرنـا,ميرنا
ميسـره,ميسره
مـيـنـا,مينا
ناجى الدين,ناجىالدين
ناجى علم الدين,ناجىعلمالدين
ناجى على الدين,ناجىعلىالدين
نا د ر,نادر
نادرابراهيم,نادر ابراهيم
نادرالعدوى,نادر العدوى
نادرجلال,نادر جلال
نادرخليل,نادر خليل
نادرصبحى,نادر صبحى
نادرعلي,نادر علي
نا صر,ناصر
ناصــر,ناصر
ناصراحمد,ناصر احمد
ناصرالشريف,ناصر الشريف
ناصرحامد,ناصر حامد
ناصرحربى,ناصر حربى
ناصرحسنين,ناصر حسنين
ناصرخليل,ناصر خليل
ناصررجب,ناصر رجب
ناصرعبدالخالق,ناصر عبدالخالق
ناصرعبدالعزيز,ناصر عبدالعزيز
ناصرعبده,ناصر عبده
ناصرعلى,ناصر على
ناصرعلي,ناصر علي
ناصرعياد,ناصر عياد
ناصرعيد,ناصر عيد
ناصرفتحى,ناصر فتحى
ناصركمال,ناصر كمال
ناصرمحمد,ناصر محمد
ناصرمحمود,ناصر محمود
ناصر الدين,ناصرالدين
ناصرعبد الستار,ناصرعبدالستار
نا صف,ناصف
ناظر الدين,ناظرالدين
ناظم الدين,ناظمالدين
نـافـع,نافع
نبو ى,نبوى
نبوى شرف الدين,نبوىشرفالدين
نبيل علي الدين,نبيلعليالدين
نبيه جمال الدين,نبيهجمالالدين
نجاح الدين,نجاحالدين
نجــاه,نجاه
نجح الله,نجحالله
نجدى الدين,نجدىالدين
نجم الدين,نجمالدين
نجم حسام الدين,نجمحسامالدين
نجـوي,نجوي
نحمد الله,نحمدالله
ند ا,ندا
نـدا,ندا
نــــدا,ندا
نـــــدا,ندا
نـــداء,نداء
نداء الرحمن,نداءالرحمن
نداعوض الله,نداعوضالله
ند ى,ندى
نـدى,ندى
نــدى,ندى
ند ي,ندي
نــدي,ندي
نسمـــه,نسمه
نـسيـم,نسيم
نشـأت,نشأت
نشاْت,نشات
نشـات,نشات
نصا ر,نصار
نصـــــار,نصار
نصارابوزيد,نصار ابوزيد
نصارمحمد,نصار محمد
نصار الدين,نصارالدين
نصـر,نصر
نصرأحمد,نصر أحمد
نصرابراهيم,نصر ابراهيم
نصرابوطالب,نصر ابوطالب
نصراحمد,نصر احمد
نصرامبابي,نصر امبابي
نصرحسين,نصر حسين
نصرسعيد,نصر سعيد
نصرعبدالحميد,نصر عبدالحميد
نصرعبدالعزيز,نصر عبدالعزيز
نصرعبدالغنى,نصر عبدالغنى
نصرعبداللطيف,نصر عبداللطيف
نصرعبدالمجيد,نصر عبدالمجيد
نصرعبدالواحد,نصر عبدالواحد
نصرعطيه,نصر عطيه
نصرمحمد,نصر محمد
نصرمصطفى,نصر مصطفى
نصريوسف,نصر يوسف
نصر الاسلام,نصرالاسلام
نصر الدين,نصرالدين
نصر السعيد,نصرالسعيد
نصر العرب,نصرالعرب
نصر الـلـه,نصرالله
نصر الـله,نصرالله
نصر اللـه,نصرالله
نصر الله,نصرالله
نصرالـلـه,نصرالله
نصرالـله,نصرالله
نصراللـه,نصرالله
نصرالله عابدين,نصراللهعابدين
نصر جمال الدين,نصرجمالالدين
نصر عابدين,نصرعابدين
نصرعبد النبى,نصرعبدالنبى
نصر علم الدين,نصرعلمالدين
نصر علي,نصرعلي
نـصـره,نصره
نصيرحسين,نصير حسين
نصيرمحمد,نصير محمد
نضـــال,نضال
نعم الدين,نعمالدين
نعم الله,نعمالله
نـعـمـان,نعمان
نعمة اللة,نعمةالله
نعمة الله,نعمةالله
نعمةاللة,نعمةالله
نعمت الله,نعمتالله
نعمه الـله,نعمهالله
نعمه اللـه,نعمهالله
نعمه الله,نعمهالله
نعمهالـله,نعمهالله
نعمهاللـه,نعمهالله
نعـيـم,نعيم
نعيمة الله,نعيمةالله
نعيم عابدين,نعيمعابدين
نعيم على الدين,نعيمعلىالدين
نـغـم,نغم
نقد الله,نقدالله
نهاد الدين,نهادالدين
نها ل,نهال
نهـال,نهال
نهم الله,نهمالله
نــور,نور
نـور,نور
نورابراهيم,نور ابراهيم
نورجمال,نور جمال
نورسامى,نور سامى
نورعثمان,نور عثمان
نورمحمد,نور محمد
نورمحمود,نور محمود
نورمصطفى,نور مصطفى
نـورا,نورا
نور ادم,نورادم
نور اكمل الدين,نوراكملالدين
نور الاسلام,نورالاسلام
نور الدين,نورالدين
نورالـدين,نورالدين
نور الرحمن,نورالرحمن
نور السعيد,نورالسعيد
نور السيد,نورالسيد
نور الصغير,نورالصغير
نور العين,نورالعين
نور اللـه,نورالله
نور الله,نورالله
نوراللـه,نورالله
نور النبى,نورالنبى
نور الهادى,نورالهادى
نور الهادي,نورالهادي
نور الهدى,نورالهدى
نور الهدي,نورالهدي
نور بدر,نوربدر
نور بدر الدين,نوربدرالدين
نور بطل,نوربطل
نور بهاء الدين,نوربهاءالدين
نور جاد,نورجاد
نور جمال الدين,نورجمالالدين
نور حسام الدين,نورحسامالدين
نور حسن,نورحسن
نور خضر,نورخضر
نور خلف,نورخلف
نور ذكى,نورذكى
نور رجب,نوررجب
نور رزق,نوررزق
نور زكى,نورزكى
نور سراج الدين,نورسراجالدين
نور سعد,نورسعد
نور سيد,نورسيد
نور سيف الدين,نورسيفالدين
نور شمس الدين,نورشمسالدين
نور صلاح الدين,نورصلاحالدين
نور عابدين,نورعابدين
نور عز الدين,نورعزالدين
نور عزب,نورعزب
نور عصام الدين,نورعصامالدين
نور عطا,نورعطا
نور علاء الدين,نورعلاءالدين
نور على,نورعلى
نور علي,نورعلي
نور عماد الدين,نورعمادالدين
نور عوض,نورعوض
نور عيد,نورعيد
نور فتح الدين,نورفتحالدين
نور فرج,نورفرج
نور فضل,نورفضل
نور كمال الدين,نوركمالالدين
نور محى الدين,نورمحىالدين
نور مكى,نورمكى
نور ميت,نورميت
نور نصر,نورنصر
نور نمر,نورنمر
نور هان,نورهان
نور يسن,نوريسن
نـــوفل,نوفل
نيل شهاب الدين,نيلشهابالدين
نيـن,نين
هـاجر,هاجر
هـاجـر,هاجر
هــاجر,هاجر
هـادى,هادى
هـارون,هارون
هارون نور الدين,هاروننورالدين
هاشم علم الدين,هاشمعلمالدين
ها نى,هانى
ها ني,هاني
هـايدي,هايدي
هب الله,هبالله
هبة الرحمن,هبةالرحمن
هبة الـلـه,هبةالله
هبة الله,هبةالله
هبةالـلـه,هبةالله
هبةالـله,هبةالله
هبـه,هبه
هبه اللـه,هبهالله
هبه الله,هبهالله
هبهاللـه,هبهالله
هبه الهادى,هبهالهادى
هدا الله,هداالله
هدانا الله,هداناالله
هداية الله,هدايةالله
هدايه الله,هدايهالله
هدى الله,هدىالله
هدي الله,هديالله
هديـــر,هدير
هـدير,هدير
هديه الله,هديهالله
هريـدى,هريدى
هـريـدي,هريدي
هشا م,هشام
هشـام,هشام
هشام الدين,هشامالدين
هـلا,هلا
هلا ل,هلال
هلال شهاب الدين,هلالشهابالدين
هلال عز الدين,هلالعزالدين
هلال علم الدين,هلالعلمالدين
همام الدين,همامالدين
هــــنا,هنا
هــنا,هنا
هنـا,هنا
هنــا,هنا
هنــــا,هنا
هنـــــــا,هنا
هنــــــاء,هناء
هناء الدين,هناءالدين
هند اوي,هنداوي
هنيدى.,هنيدى
هيـا,هيا
هيـام,هيام
هيبة الله,هيبةالله
هيبت الله,هيبتالله
هيبه الله,هيبهالله
هيثـــــــم,هيثم
هيسـم,هيسم
و ائل,وائل
وائـل,وائل
وائل الدين,وائلالدين
وجد الله,وجدالله
وجيه‏,وجيه
وجيه الدين,وجيهالدين
وجيه على الدين,وجيهعلىالدين
وحد الله,وحدالله
وحيد الدين,وحيدالدين
وداعة الله,وداعةالله
وداعت الله,وداعتالله
وداعه الله,وداعهالله
ود الحق,ودالحق
ودعت الله,ودعتالله
ودق الله,ودقالله
َودن,ودن
ورد الدين,وردالدين
وسام الدين,وسامالدين
وسيم الدين,وسيمالدين
وعــــــد,وعد
وعد الله,وعدالله
وعظ الدين,وعظالدين
وفاء الدين,وفاءالدين
وفى الدين,وفىالدين
وقيع الله,وقيعالله
ولاء الدين,ولاءالدين
ولدعوض الله,ولدعوضالله
ولى الدين,ولىالدين
ولى الرحمن,ولىالرحمن
ولى الله,ولىالله
ولي الدين,وليالدين
ولي الله,وليالله
و ليد,وليد
ولـيد,وليد
وليــد,وليد
وليداحمد,وليد احمد
وليدجابر,وليد جابر
وليدجمعه,وليد جمعه
وليدحلمى,وليد حلمى
وليددرويش,وليد درويش
وليدعلى,وليد على
وليدمحمد,وليد محمد
وليد الدين,وليدالدين
ونير الدين,ونيرالدين
وهب اللة,وهبالله
وهب اللـه,وهبالله
وهب الله,وهبالله
وهباللة,وهبالله
وهباللـه,وهبالله
وهب لله,وهبلله
وهبه الله,وهبهالله
وهبه على الدين,وهبهعلىالدين
وهيـب,وهيب
يار ا,يارا
يـارا,يارا
يــارا,يارا
يـــارا,يارا
يا سر,ياسر
ياسـر,ياسر
ياســـــر,ياسر
يـاسر,ياسر
يــاسر,ياسر
ياسراحمد,ياسر احمد
ياسرامين,ياسر امين
ياسرتوفيق,ياسر توفيق
ياسرحسن,ياسر حسن
ياسرسعيد,ياسر سعيد
ياسرسمير,ياسر سمير
ياسرظريف,ياسر ظريف
ياسرعادل,ياسر عادل
ياسرعبدالحى,ياسر عبدالحى
ياسرعبدالعاطي,ياسر عبدالعاطي
ياسرعبدالمتعال,ياسر عبدالمتعال
ياسرعبدالمنعم,ياسر عبدالمنعم
ياسرعرفات,ياسر عرفات
ياسرعزت,ياسر عزت
ياسرعلى,ياسر على
ياسرعلي,ياسر علي
ياسرمحمد,ياسر محمد
ياسرمصطفى,ياسر مصطفى
ياســـمـيـن,ياسمين
ياسميـن,ياسمين
يا سين,ياسين
ياسـيـن,ياسين
يـاسـيـن,ياسين
يـاسين,ياسين
ياور الدين,ياورالدين
يحــى,يحى
يحى على الدين,يحىعلىالدين
يحي الدين,يحيالدين
يحي كمال الدين,يحيكمالالدين
يحيـى,يحيى
يحيى الدين,يحيىالدين
يحيي على الدين,يحييعلىالدين
يسر الدين,يسرالدين
يسـرى,يسرى
يسرى الدين,يسرىالدين
يسري الدين,يسريالدين
يسري علي الدين,يسريعليالدين
يسـن,يسن
يـسـن,يسن
يـسن,يسن
يسـى,يسى
يــسى,يسى
يـمـنـى,يمنى
يـمـنى,يمنى
يـمنى,يمنى
يهاب الله,يهابالله
يـــوســـ,يوس
يــــوســف,يوسف
يـــوســــف,يوسف
يـوسـف,يوسف
يـوسف,يوسف
يو سف,يوسف
يوســف,يوسف
يـونس,يونس
